over,ball,current_score,wickets,balls_remaining,runs_last_5_overs,final_score
0,1,1,0,119,1,104
0,2,1,0,118,1,104
0,3,2,0,117,2,104
0,4,6,0,116,6,104
0,5,6,0,115,6,104
0,6,6,0,114,6,104
0,7,7,0,113,7,104
1,1,7,0,112,7,104
1,2,11,0,111,11,104
1,3,12,0,110,12,104
1,4,12,0,109,12,104
1,5,12,0,108,12,104
1,6,12,0,107,12,104
2,1,12,0,106,12,104
2,2,13,0,105,13,104
2,3,17,0,104,17,104
2,4,18,0,103,18,104
2,5,18,0,102,18,104
2,6,18,0,101,18,104
3,1,18,0,100,18,104
3,2,19,0,99,19,104
3,3,20,0,98,20,104
3,4,24,0,97,24,104
3,5,24,0,96,24,104
3,6,28,0,95,28,104
4,1,28,0,94,28,104
4,2,28,0,93,28,104
4,3,28,0,92,28,104
4,4,28,0,91,28,104
4,5,32,0,90,32,104
4,6,32,0,89,31,104
5,1,33,0,88,32,104
5,2,34,0,87,32,104
5,3,34,0,86,28,104
5,4,34,0,85,28,104
5,5,40,0,84,34,104
5,6,40,0,83,33,104
6,1,40,0,82,33,104
6,2,41,0,81,30,104
6,3,43,0,80,31,104
6,4,43,0,79,31,104
6,5,43,0,78,31,104
6,6,43,0,77,31,104
7,1,43,0,76,31,104
7,2,44,0,75,31,104
7,3,44,0,74,27,104
7,4,45,0,73,27,104
7,5,49,0,72,31,104
7,6,49,0,71,31,104
8,1,50,0,70,32,104
8,2,51,0,69,32,104
8,3,51,0,68,31,104
8,4,51,0,67,27,104
8,5,51,0,66,27,104
8,6,52,0,65,24,104
9,1,53,0,64,25,104
9,2,54,0,63,26,104
9,3,54,0,62,26,104
9,4,54,0,61,26,104
9,5,55,0,60,23,104
9,6,55,0,59,23,104
10,1,55,0,58,22,104
10,2,56,0,57,22,104
10,3,57,0,56,23,104
10,4,57,0,55,23,104
10,5,58,0,54,18,104
10,6,62,0,53,22,104
10,7,63,0,52,23,104
11,1,65,0,51,24,104
11,2,65,0,50,22,104
11,3,65,0,49,22,104
11,4,65,0,48,22,104
11,5,67,0,47,24,104
11,6,67,0,46,24,104
12,1,68,0,45,24,104
12,2,69,0,44,25,104
12,3,69,0,43,24,104
12,4,70,0,42,21,104
12,5,70,0,41,21,104
12,6,70,0,40,20,104
12,7,71,0,39,20,104
13,1,71,0,38,20,104
13,2,72,0,37,21,104
13,3,73,0,36,22,104
13,4,73,0,35,21,104
13,5,74,0,34,21,104
13,6,76,0,33,22,104
13,7,77,0,32,23,104
13,8,77,0,31,23,104
14,1,78,0,30,23,104
14,2,78,0,29,23,104
14,3,78,0,28,23,104
14,4,79,0,27,23,104
14,5,79,0,26,22,104
14,6,79,0,25,22,104
15,1,80,0,24,22,104
15,2,80,0,23,18,104
15,3,81,0,22,18,104
15,4,83,0,21,18,104
15,5,83,0,20,18,104
15,6,84,0,19,19,104
16,1,85,0,18,20,104
16,2,85,0,17,18,104
16,3,85,0,16,18,104
16,4,85,0,15,17,104
16,5,86,0,14,17,104
16,6,87,0,13,18,104
17,1,87,0,12,17,104
17,2,89,0,11,19,104
17,3,91,0,10,21,104
17,4,92,0,9,21,104
17,5,92,0,8,21,104
17,6,92,0,7,20,104
18,1,93,0,6,20,104
18,2,94,0,5,21,104
18,3,94,0,4,20,104
18,4,95,0,3,19,104
18,5,95,0,2,18,104
18,6,96,0,1,19,104
18,7,96,0,0,18,104
19,1,96,0,-1,18,104
19,2,100,0,-2,22,104
19,3,101,0,-3,22,104
19,4,102,0,-4,23,104
19,5,103,0,-5,24,104
19,6,104,0,-6,24,104
0,1,1,0,119,1,166
0,2,5,0,118,5,166
0,3,6,0,117,6,166
0,4,8,0,116,8,166
0,5,8,0,115,8,166
0,6,8,0,114,8,166
1,1,8,0,113,8,166
1,2,8,0,112,8,166
1,3,8,0,111,8,166
1,4,12,0,110,12,166
1,5,13,0,109,13,166
1,6,13,0,108,13,166
2,1,14,0,107,14,166
2,2,14,0,106,14,166
2,3,14,0,105,14,166
2,4,15,0,104,15,166
2,5,15,0,103,15,166
2,6,21,0,102,21,166
3,1,21,0,101,21,166
3,2,22,0,100,22,166
3,3,22,0,99,22,166
3,4,23,0,98,23,166
3,5,23,0,97,23,166
3,6,24,0,96,24,166
3,7,24,0,95,24,166
4,1,25,0,94,25,166
4,2,26,0,93,26,166
4,3,31,0,92,31,166
4,4,31,0,91,31,166
4,5,32,0,90,32,166
4,6,36,0,89,35,166
4,7,37,0,88,32,166
4,8,38,0,87,32,166
5,1,38,0,86,30,166
5,2,42,0,85,34,166
5,3,46,0,84,38,166
5,4,46,0,83,38,166
5,5,52,0,82,44,166
5,6,53,0,81,45,166
6,1,54,0,80,42,166
6,2,54,0,79,41,166
6,3,55,0,78,42,166
6,4,55,0,77,41,166
6,5,55,0,76,41,166
6,6,56,0,75,42,166
7,1,57,0,74,42,166
7,2,57,0,73,42,166
7,3,58,0,72,37,166
7,4,59,0,71,38,166
7,5,59,0,70,37,166
7,6,60,0,69,38,166
7,7,61,0,68,38,166
8,1,62,0,67,39,166
8,2,63,0,66,39,166
8,3,64,0,65,40,166
8,4,65,0,64,40,166
8,5,66,0,63,40,166
8,6,66,0,62,35,166
8,7,67,0,61,36,166
8,8,68,0,60,36,166
9,1,68,0,59,32,166
9,2,69,0,58,32,166
9,3,70,0,57,32,166
9,4,71,0,56,33,166
9,5,72,0,55,30,166
9,6,73,0,54,27,166
10,1,74,0,53,28,166
10,2,75,0,52,23,166
10,3,76,0,51,23,166
10,4,76,0,50,22,166
10,5,77,0,49,23,166
10,6,77,0,48,22,166
11,1,83,0,47,28,166
11,2,84,0,46,29,166
11,3,85,0,45,29,166
11,4,86,0,44,29,166
11,5,87,0,43,30,166
11,6,89,0,42,31,166
12,1,90,0,41,31,166
12,2,90,0,40,31,166
12,3,91,0,39,31,166
12,4,92,0,38,31,166
12,5,93,0,37,31,166
12,6,93,0,36,30,166
13,1,94,0,35,30,166
13,2,94,0,34,29,166
13,3,94,0,33,28,166
13,4,95,0,32,29,166
13,5,95,0,31,28,166
13,6,95,0,30,27,166
14,1,95,0,29,27,166
14,2,96,0,28,27,166
14,3,97,0,27,27,166
14,4,98,0,26,27,166
14,5,99,0,25,27,166
14,6,99,0,24,26,166
15,1,99,0,23,25,166
15,2,100,0,22,25,166
15,3,101,0,21,25,166
15,4,107,0,20,31,166
15,5,107,0,19,30,166
15,6,108,0,18,31,166
16,1,110,0,17,27,166
16,2,111,0,16,27,166
16,3,112,0,15,27,166
16,4,114,0,14,28,166
16,5,115,0,13,28,166
16,6,121,0,12,32,166
17,1,121,0,11,31,166
17,2,127,0,10,37,166
17,3,131,0,9,40,166
17,4,132,0,8,40,166
17,5,133,0,7,40,166
17,6,133,0,6,40,166
18,1,134,0,5,40,166
18,2,135,0,4,41,166
18,3,141,0,3,47,166
18,4,145,0,2,50,166
18,5,151,0,1,56,166
18,6,157,0,0,62,166
19,1,157,0,-1,62,166
19,2,163,0,-2,67,166
19,3,163,0,-3,66,166
19,4,165,0,-4,67,166
19,5,165,0,-5,66,166
19,6,166,0,-6,67,166
0,1,0,0,119,0,61
0,2,1,0,118,1,61
0,3,1,0,117,1,61
0,4,2,0,116,2,61
0,5,2,0,115,2,61
0,6,2,0,114,2,61
1,1,2,0,113,2,61
1,2,2,0,112,2,61
1,3,3,0,111,3,61
1,4,4,0,110,4,61
1,5,5,0,109,5,61
1,6,6,0,108,6,61
1,7,6,0,107,6,61
2,1,10,0,106,10,61
2,2,10,0,105,10,61
2,3,10,0,104,10,61
2,4,11,0,103,11,61
2,5,12,0,102,12,61
2,6,12,0,101,12,61
3,1,12,0,100,12,61
3,2,13,0,99,13,61
3,3,13,0,98,13,61
3,4,14,0,97,14,61
3,5,14,0,96,14,61
3,6,15,0,95,15,61
4,1,15,0,94,15,61
4,2,15,0,93,15,61
4,3,16,0,92,16,61
4,4,16,0,91,16,61
4,5,16,0,90,16,61
4,6,17,0,89,17,61
5,1,17,0,88,16,61
5,2,21,0,87,20,61
5,3,21,0,86,19,61
5,4,21,0,85,19,61
5,5,22,0,84,20,61
5,6,23,0,83,21,61
6,1,24,0,82,22,61
6,2,24,0,81,21,61
6,3,25,0,80,21,61
6,4,26,0,79,21,61
6,5,27,0,78,21,61
6,6,27,0,77,21,61
7,1,27,0,76,17,61
7,2,29,0,75,19,61
7,3,30,0,74,20,61
7,4,30,0,73,19,61
7,5,30,0,72,18,61
7,6,31,0,71,19,61
8,1,32,0,70,20,61
8,2,34,0,69,21,61
8,3,35,0,68,22,61
8,4,37,0,67,23,61
8,5,37,0,66,23,61
8,6,37,0,65,22,61
9,1,38,0,64,23,61
9,2,38,0,63,23,61
9,3,42,0,62,26,61
9,4,42,0,61,26,61
9,5,43,0,60,27,61
9,6,47,0,59,30,61
10,1,47,0,58,30,61
10,2,48,0,57,27,61
10,3,50,0,56,29,61
10,4,50,0,55,29,61
10,5,51,0,54,29,61
10,6,53,0,53,30,61
11,1,54,0,52,30,61
11,2,54,0,51,30,61
11,3,58,0,50,33,61
11,4,59,0,49,33,61
11,5,60,0,48,33,61
11,6,61,0,47,34,61
0,1,0,0,119,0,83
0,2,0,0,118,0,83
0,3,0,0,117,0,83
0,4,0,0,116,0,83
0,5,1,0,115,1,83
0,6,1,0,114,1,83
1,1,2,0,113,2,83
1,2,2,0,112,2,83
1,3,2,0,111,2,83
1,4,4,0,110,4,83
1,5,5,0,109,5,83
1,6,5,0,108,5,83
1,7,5,0,107,5,83
2,1,9,0,106,9,83
2,2,10,0,105,10,83
2,3,11,0,104,11,83
2,4,12,0,103,12,83
2,5,12,0,102,12,83
2,6,14,0,101,14,83
2,7,15,0,100,15,83
3,1,15,0,99,15,83
3,2,15,0,98,15,83
3,3,15,0,97,15,83
3,4,15,0,96,15,83
3,5,15,0,95,15,83
3,6,15,0,94,15,83
4,1,15,0,93,15,83
4,2,15,0,92,15,83
4,3,15,0,91,15,83
4,4,16,0,90,16,83
4,5,16,0,89,16,83
4,6,16,0,88,16,83
5,1,17,0,87,17,83
5,2,17,0,86,17,83
5,3,17,0,85,16,83
5,4,18,0,84,17,83
5,5,19,0,83,17,83
5,6,19,0,82,17,83
6,1,19,0,81,17,83
6,2,19,0,80,15,83
6,3,20,0,79,15,83
6,4,21,0,78,16,83
6,5,21,0,77,16,83
6,6,21,0,76,12,83
7,1,22,0,75,12,83
7,2,23,0,74,12,83
7,3,24,0,73,12,83
7,4,24,0,72,12,83
7,5,25,0,71,11,83
7,6,25,0,70,10,83
8,1,26,0,69,11,83
8,2,26,0,68,11,83
8,3,27,0,67,12,83
8,4,28,0,66,13,83
8,5,29,0,65,14,83
8,6,30,0,64,15,83
8,7,34,0,63,19,83
9,1,34,0,62,19,83
9,2,34,0,61,19,83
9,3,38,0,60,22,83
9,4,40,0,59,24,83
9,5,41,0,58,25,83
9,6,42,0,57,25,83
10,1,42,0,56,25,83
10,2,42,0,55,25,83
10,3,43,0,54,25,83
10,4,44,0,53,25,83
10,5,44,0,52,25,83
10,6,44,0,51,25,83
11,1,48,0,50,29,83
11,2,49,0,49,29,83
11,3,50,0,48,29,83
11,4,50,0,47,29,83
11,5,52,0,46,31,83
11,6,52,0,45,30,83
12,1,52,0,44,29,83
12,2,53,0,43,29,83
12,3,54,0,42,30,83
12,4,55,0,41,30,83
12,5,56,0,40,31,83
12,6,57,0,39,31,83
13,1,57,0,38,31,83
13,2,58,0,37,31,83
13,3,58,0,36,30,83
13,4,58,0,35,29,83
13,5,59,0,34,29,83
13,6,59,0,33,25,83
14,1,59,0,32,25,83
14,2,59,0,31,25,83
14,3,60,0,30,22,83
14,4,61,0,29,21,83
14,5,62,0,28,21,83
14,6,62,0,27,20,83
15,1,62,0,26,20,83
15,2,62,0,25,20,83
15,3,63,0,24,20,83
15,4,63,0,23,19,83
15,5,64,0,22,20,83
15,6,65,0,21,21,83
15,7,66,0,20,18,83
15,8,66,0,19,17,83
16,1,66,0,18,16,83
16,2,67,0,17,17,83
16,3,68,0,16,16,83
16,4,68,0,15,16,83
16,5,68,0,14,16,83
16,6,69,0,13,16,83
16,7,70,0,12,16,83
17,1,71,0,11,16,83
17,2,72,0,10,16,83
17,3,76,0,9,19,83
17,4,80,0,8,23,83
17,5,82,0,7,24,83
17,6,83,0,6,25,83
0,1,1,0,119,1,130
0,2,1,0,118,1,130
0,3,3,0,117,3,130
0,4,3,0,116,3,130
0,5,3,0,115,3,130
0,6,3,0,114,3,130
1,1,3,0,113,3,130
1,2,4,0,112,4,130
1,3,5,0,111,5,130
1,4,5,0,110,5,130
1,5,5,0,109,5,130
1,6,5,0,108,5,130
2,1,5,0,107,5,130
2,2,5,0,106,5,130
2,3,7,0,105,7,130
2,4,8,0,104,8,130
2,5,8,0,103,8,130
2,6,8,0,102,8,130
3,1,10,0,101,10,130
3,2,11,0,100,11,130
3,3,11,0,99,11,130
3,4,12,0,98,12,130
3,5,12,0,97,12,130
3,6,12,0,96,12,130
4,1,13,0,95,13,130
4,2,14,0,94,14,130
4,3,14,0,93,14,130
4,4,18,0,92,18,130
4,5,18,0,91,18,130
4,6,19,0,90,19,130
5,1,20,0,89,19,130
5,2,21,0,88,20,130
5,3,21,0,87,18,130
5,4,21,0,86,18,130
5,5,25,0,85,22,130
5,6,25,0,84,22,130
6,1,26,0,83,23,130
6,2,28,0,82,24,130
6,3,29,0,81,24,130
6,4,30,0,80,25,130
6,5,31,0,79,26,130
6,6,31,0,78,26,130
6,7,32,0,77,27,130
6,8,32,0,76,27,130
7,1,36,0,75,29,130
7,2,40,0,74,32,130
7,3,41,0,73,33,130
7,4,41,0,72,33,130
7,5,42,0,71,32,130
7,6,42,0,70,31,130
8,1,42,0,69,31,130
8,2,43,0,68,31,130
8,3,44,0,67,32,130
8,4,45,0,66,33,130
8,5,47,0,65,34,130
8,6,49,0,64,35,130
9,1,50,0,63,36,130
9,2,51,0,62,33,130
9,3,51,0,61,33,130
9,4,51,0,60,32,130
9,5,52,0,59,32,130
9,6,53,0,58,32,130
10,1,57,0,57,36,130
10,2,58,0,56,37,130
10,3,59,0,55,34,130
10,4,63,0,54,38,130
10,5,63,0,53,37,130
10,6,64,0,52,36,130
11,1,68,0,51,39,130
11,2,68,0,50,38,130
11,3,68,0,49,37,130
11,4,68,0,48,37,130
11,5,68,0,47,36,130
11,6,68,0,46,36,130
12,1,69,0,45,33,130
12,2,70,0,44,30,130
12,3,70,0,43,29,130
12,4,70,0,42,29,130
12,5,71,0,41,29,130
12,6,71,0,40,29,130
12,7,72,0,39,30,130
12,8,72,0,38,29,130
13,1,73,0,37,29,130
13,2,73,0,36,28,130
13,3,74,0,35,27,130
13,4,75,0,34,26,130
13,5,76,0,33,26,130
13,6,76,0,32,25,130
13,7,77,0,31,26,130
13,8,77,0,30,26,130
14,1,77,0,29,25,130
14,2,78,0,28,25,130
14,3,79,0,27,22,130
14,4,79,0,26,21,130
14,5,80,0,25,21,130
14,6,81,0,24,18,130
15,1,81,0,23,18,130
15,2,82,0,22,18,130
15,3,83,0,21,15,130
15,4,85,0,20,17,130
15,5,87,0,19,19,130
15,6,89,0,18,21,130
15,7,90,0,17,22,130
16,1,91,0,16,23,130
16,2,91,0,15,22,130
16,3,92,0,14,22,130
16,4,93,0,13,23,130
16,5,94,0,12,24,130
16,6,97,0,11,26,130
17,1,99,0,10,28,130
17,2,101,0,9,29,130
17,3,102,0,8,30,130
17,4,103,0,7,30,130
17,5,104,0,6,31,130
17,6,105,0,5,31,130
18,1,105,0,4,30,130
18,2,106,0,3,30,130
18,3,107,0,2,31,130
18,4,108,0,1,31,130
18,5,112,0,0,35,130
18,6,112,0,-1,35,130
19,1,117,0,-2,39,130
19,2,119,0,-3,40,130
19,3,120,0,-4,41,130
19,4,120,0,-5,40,130
19,5,123,0,-6,42,130
19,6,124,0,-7,43,130
19,7,128,0,-8,46,130
19,8,129,0,-9,46,130
19,9,130,0,-10,45,130
0,1,2,0,119,2,129
0,2,2,0,118,2,129
0,3,3,0,117,3,129
0,4,4,0,116,4,129
0,5,5,0,115,5,129
0,6,6,0,114,6,129
1,1,9,0,113,9,129
1,2,10,0,112,10,129
1,3,11,0,111,11,129
1,4,12,0,110,12,129
1,5,12,0,109,12,129
1,6,14,0,108,14,129
1,7,18,0,107,18,129
1,8,19,0,106,19,129
2,1,19,0,105,19,129
2,2,19,0,104,19,129
2,3,19,0,103,19,129
2,4,21,0,102,21,129
2,5,22,0,101,22,129
2,6,22,0,100,22,129
3,1,23,0,99,23,129
3,2,23,0,98,23,129
3,3,24,0,97,24,129
3,4,24,0,96,24,129
3,5,24,0,95,24,129
3,6,25,0,94,25,129
3,7,25,0,93,25,129
4,1,25,0,92,25,129
4,2,27,0,91,27,129
4,3,28,0,90,28,129
4,4,29,0,89,27,129
4,5,29,0,88,27,129
4,6,30,0,87,27,129
4,7,32,0,86,28,129
4,8,32,0,85,27,129
5,1,33,0,84,27,129
5,2,35,0,83,26,129
5,3,37,0,82,27,129
5,4,37,0,81,26,129
5,5,39,0,80,27,129
5,6,40,0,79,28,129
5,7,40,0,78,26,129
5,8,41,0,77,23,129
6,1,42,0,76,23,129
6,2,42,0,75,23,129
6,3,43,0,74,24,129
6,4,43,0,73,24,129
6,5,44,0,72,23,129
6,6,44,0,71,22,129
6,7,44,0,70,22,129
6,8,45,0,69,22,129
7,1,47,0,68,24,129
7,2,48,0,67,24,129
7,3,49,0,66,25,129
7,4,50,0,65,26,129
7,5,51,0,64,26,129
7,6,52,0,63,27,129
8,1,53,0,62,28,129
8,2,54,0,61,27,129
8,3,54,0,60,26,129
8,4,55,0,59,26,129
8,5,56,0,58,27,129
8,6,56,0,57,26,129
8,7,57,0,56,25,129
9,1,58,0,55,26,129
9,2,59,0,54,26,129
9,3,59,0,53,24,129
9,4,63,0,52,26,129
9,5,64,0,51,27,129
9,6,65,0,50,26,129
9,7,65,0,49,25,129
10,1,65,0,48,25,129
10,2,65,0,47,24,129
10,3,67,0,46,25,129
10,4,67,0,45,25,129
10,5,69,0,44,26,129
10,6,70,0,43,27,129
11,1,70,0,42,26,129
11,2,72,0,41,28,129
11,3,74,0,40,30,129
11,4,74,0,39,29,129
11,5,74,0,38,27,129
11,6,74,0,37,26,129
12,1,75,0,36,26,129
12,2,75,0,35,25,129
12,3,76,0,34,25,129
12,4,78,0,33,26,129
12,5,79,0,32,26,129
12,6,80,0,31,26,129
13,1,81,0,30,27,129
13,2,81,0,29,26,129
13,3,81,0,28,25,129
13,4,81,0,27,25,129
13,5,83,0,26,26,129
13,6,84,0,25,26,129
14,1,85,0,24,26,129
14,2,86,0,23,27,129
14,3,87,0,22,24,129
14,4,88,0,21,24,129
14,5,88,0,20,23,129
14,6,88,0,19,23,129
14,7,88,0,18,23,129
15,1,92,0,17,27,129
15,2,93,0,16,26,129
15,3,93,0,15,26,129
15,4,95,0,14,26,129
15,5,95,0,13,25,129
15,6,95,0,12,25,129
16,1,96,0,11,24,129
16,2,97,0,10,23,129
16,3,97,0,9,23,129
16,4,98,0,8,24,129
16,5,99,0,7,25,129
16,6,100,0,6,25,129
16,7,101,0,5,26,129
16,8,103,0,4,27,129
17,1,105,0,3,27,129
17,2,106,0,2,27,129
17,3,107,0,1,27,129
17,4,108,0,0,27,129
17,5,109,0,-1,28,129
17,6,111,0,-2,30,129
18,1,112,0,-3,31,129
18,2,113,0,-4,30,129
18,3,114,0,-5,30,129
18,4,115,0,-6,30,129
18,5,117,0,-7,31,129
18,6,121,0,-8,34,129
19,1,123,0,-9,35,129
19,2,124,0,-10,36,129
19,3,126,0,-11,38,129
19,4,127,0,-12,39,129
19,5,128,0,-13,36,129
19,6,129,0,-14,36,129
0,1,0,0,119,0,137
0,2,2,0,118,2,137
0,3,2,0,117,2,137
0,4,2,0,116,2,137
0,5,3,0,115,3,137
0,6,3,0,114,3,137
0,7,5,0,113,5,137
1,1,7,0,112,7,137
1,2,7,0,111,7,137
1,3,7,0,110,7,137
1,4,9,0,109,9,137
1,5,9,0,108,9,137
1,6,9,0,107,9,137
2,1,10,0,106,10,137
2,2,10,0,105,10,137
2,3,11,0,104,11,137
2,4,11,0,103,11,137
2,5,12,0,102,12,137
2,6,13,0,101,13,137
2,7,13,0,100,13,137
3,1,13,0,99,13,137
3,2,15,0,98,15,137
3,3,19,0,97,19,137
3,4,19,0,96,19,137
3,5,19,0,95,19,137
3,6,19,0,94,19,137
4,1,20,0,93,20,137
4,2,22,0,92,22,137
4,3,22,0,91,22,137
4,4,23,0,90,23,137
4,5,24,0,89,24,137
4,6,24,0,88,22,137
4,7,25,0,87,23,137
4,8,25,0,86,23,137
4,9,25,0,85,22,137
5,1,25,0,84,22,137
5,2,26,0,83,21,137
5,3,29,0,82,22,137
5,4,33,0,81,26,137
5,5,34,0,80,27,137
5,6,34,0,79,25,137
6,1,34,0,78,25,137
6,2,34,0,77,25,137
6,3,36,0,76,26,137
6,4,36,0,75,26,137
6,5,38,0,74,27,137
6,6,38,0,73,27,137
7,1,41,0,72,29,137
7,2,41,0,71,28,137
7,3,41,0,70,28,137
7,4,42,0,69,29,137
7,5,43,0,68,28,137
7,6,47,0,67,28,137
8,1,47,0,66,28,137
8,2,49,0,65,30,137
8,3,50,0,64,31,137
8,4,54,0,63,34,137
8,5,54,0,62,32,137
8,6,55,0,61,33,137
9,1,55,0,60,32,137
9,2,57,0,59,33,137
9,3,61,0,58,37,137
9,4,63,0,57,38,137
9,5,64,0,56,39,137
9,6,65,0,55,40,137
10,1,65,0,54,40,137
10,2,66,0,53,40,137
10,3,68,0,52,39,137
10,4,69,0,51,36,137
10,5,69,0,50,35,137
10,6,73,0,49,39,137
10,7,73,0,48,39,137
10,8,74,0,47,40,137
11,1,76,0,46,40,137
11,2,78,0,45,42,137
11,3,79,0,44,41,137
11,4,79,0,43,41,137
11,5,80,0,42,39,137
11,6,81,0,41,40,137
11,7,81,0,40,40,137
11,8,81,0,39,39,137
12,1,81,0,38,38,137
12,2,81,0,37,34,137
12,3,81,0,36,34,137
12,4,81,0,35,32,137
12,5,83,0,34,33,137
12,6,83,0,33,29,137
13,1,83,0,32,29,137
13,2,84,0,31,29,137
13,3,84,0,30,29,137
13,4,84,0,29,27,137
13,5,84,0,28,23,137
13,6,86,0,27,23,137
14,1,88,0,26,24,137
14,2,88,0,25,23,137
14,3,92,0,24,27,137
14,4,92,0,23,26,137
14,5,92,0,22,24,137
14,6,94,0,21,25,137
15,1,96,0,20,27,137
15,2,97,0,19,24,137
15,3,101,0,18,28,137
15,4,102,0,17,28,137
15,5,103,0,16,27,137
15,6,104,0,15,26,137
15,7,105,0,14,26,137
15,8,106,0,13,27,137
15,9,106,0,12,26,137
16,1,107,0,11,26,137
16,2,107,0,10,26,137
16,3,108,0,9,27,137
16,4,109,0,8,28,137
16,5,109,0,7,28,137
16,6,111,0,6,30,137
16,7,111,0,5,30,137
17,1,112,0,4,29,137
17,2,116,0,3,33,137
17,3,116,0,2,33,137
17,4,117,0,1,33,137
17,5,117,0,0,33,137
17,6,118,0,-1,34,137
17,7,119,0,-2,35,137
17,8,119,0,-3,33,137
17,9,120,0,-4,32,137
17,1,121,0,-5,33,137
17,11,121,0,-6,29,137
18,1,121,0,-7,29,137
18,2,125,0,-8,33,137
18,3,127,0,-9,33,137
18,4,129,0,-10,33,137
18,5,129,0,-11,32,137
18,6,132,0,-12,31,137
19,1,133,0,-13,31,137
19,2,134,0,-14,31,137
19,3,134,0,-15,30,137
19,4,136,0,-16,31,137
19,5,136,0,-17,30,137
19,6,136,0,-18,30,137
19,7,137,0,-19,30,137
0,1,2,0,119,2,123
0,2,2,0,118,2,123
0,3,6,0,117,6,123
0,4,7,0,116,7,123
0,5,7,0,115,7,123
0,6,8,0,114,8,123
1,1,8,0,113,8,123
1,2,8,0,112,8,123
1,3,8,0,111,8,123
1,4,9,0,110,9,123
1,5,10,0,109,10,123
1,6,11,0,108,11,123
2,1,11,0,107,11,123
2,2,13,0,106,13,123
2,3,17,0,105,17,123
2,4,17,0,104,17,123
2,5,21,0,103,21,123
2,6,21,0,102,21,123
3,1,21,0,101,21,123
3,2,21,0,100,21,123
3,3,21,0,99,21,123
3,4,23,0,98,23,123
3,5,29,0,97,29,123
3,6,31,0,96,31,123
4,1,31,0,95,31,123
4,2,35,0,94,35,123
4,3,35,0,93,35,123
4,4,35,0,92,35,123
4,5,36,0,91,36,123
4,6,36,0,90,36,123
4,7,36,0,89,34,123
5,1,36,0,88,34,123
5,2,36,0,87,30,123
5,3,37,0,86,30,123
5,4,37,0,85,30,123
5,5,37,0,84,29,123
5,6,38,0,83,30,123
6,1,38,0,82,30,123
6,2,38,0,81,30,123
6,3,38,0,80,29,123
6,4,39,0,79,29,123
6,5,43,0,78,32,123
6,6,43,0,77,32,123
7,1,45,0,76,32,123
7,2,45,0,75,28,123
7,3,47,0,74,30,123
7,4,48,0,73,27,123
7,5,48,0,72,27,123
7,6,49,0,71,28,123
8,1,50,0,70,29,123
8,2,51,0,69,30,123
8,3,51,0,68,28,123
8,4,51,0,67,22,123
8,5,51,0,66,20,123
8,6,51,0,65,20,123
9,1,52,0,64,17,123
9,2,53,0,63,18,123
9,3,54,0,62,19,123
9,4,54,0,61,18,123
9,5,56,0,60,20,123
9,6,56,0,59,20,123
10,1,57,0,58,21,123
10,2,63,0,57,27,123
10,3,63,0,56,26,123
10,4,63,0,55,26,123
10,5,65,0,54,28,123
10,6,65,0,53,27,123
11,1,65,0,52,27,123
11,2,66,0,51,28,123
11,3,68,0,50,30,123
11,4,68,0,49,29,123
11,5,68,0,48,25,123
11,6,69,0,47,26,123
12,1,69,0,46,24,123
12,2,70,0,45,25,123
12,3,71,0,44,24,123
12,4,72,0,43,24,123
12,5,73,0,42,25,123
12,6,74,0,41,25,123
13,1,74,0,40,24,123
13,2,76,0,39,25,123
13,3,76,0,38,25,123
13,4,77,0,37,26,123
13,5,77,0,36,26,123
13,6,78,0,35,27,123
14,1,79,0,34,27,123
14,2,80,0,33,27,123
14,3,80,0,32,26,123
14,4,81,0,31,27,123
14,5,82,0,30,26,123
14,6,83,0,29,27,123
15,1,83,0,28,26,123
15,2,84,0,27,21,123
15,3,88,0,26,25,123
15,4,89,0,25,26,123
15,5,90,0,24,25,123
15,6,96,0,23,31,123
16,1,102,0,22,37,123
16,2,104,0,21,38,123
16,3,105,0,20,37,123
16,4,105,0,19,37,123
16,5,108,0,18,40,123
16,6,109,0,17,40,123
17,1,109,0,16,40,123
17,2,110,0,15,40,123
17,3,110,0,14,39,123
17,4,111,0,13,39,123
17,5,112,0,12,39,123
17,6,112,0,11,38,123
18,1,114,0,10,40,123
18,2,114,0,9,38,123
18,3,114,0,8,38,123
18,4,115,0,7,38,123
18,5,117,0,6,40,123
18,6,117,0,5,39,123
19,1,118,0,4,39,123
19,2,119,0,3,39,123
19,3,120,0,2,40,123
19,4,121,0,1,40,123
19,5,121,0,0,39,123
19,6,122,0,-1,39,123
19,7,123,0,-2,40,123
0,1,0,0,119,0,105
0,2,0,0,118,0,105
0,3,0,0,117,0,105
0,4,0,0,116,0,105
0,5,1,0,115,1,105
0,6,1,0,114,1,105
1,1,5,0,113,5,105
1,2,9,0,112,9,105
1,3,9,0,111,9,105
1,4,9,0,110,9,105
1,5,10,0,109,10,105
1,6,11,0,108,11,105
2,1,11,0,107,11,105
2,2,11,0,106,11,105
2,3,15,0,105,15,105
2,4,16,0,104,16,105
2,5,16,0,103,16,105
2,6,16,0,102,16,105
3,1,17,0,101,17,105
3,2,17,0,100,17,105
3,3,17,0,99,17,105
3,4,18,0,98,18,105
3,5,19,0,97,19,105
3,6,19,0,96,19,105
3,7,20,0,95,20,105
4,1,20,0,94,20,105
4,2,22,0,93,22,105
4,3,23,0,92,23,105
4,4,23,0,91,23,105
4,5,23,0,90,23,105
4,6,23,0,89,23,105
5,1,24,0,88,24,105
5,2,24,0,87,24,105
5,3,28,0,86,28,105
5,4,29,0,85,28,105
5,5,29,0,84,28,105
5,6,30,0,83,25,105
6,1,32,0,82,23,105
6,2,32,0,81,23,105
6,3,32,0,80,23,105
6,4,32,0,79,22,105
6,5,33,0,78,22,105
6,6,34,0,77,23,105
7,1,34,0,76,23,105
7,2,35,0,75,20,105
7,3,35,0,74,19,105
7,4,35,0,73,19,105
7,5,36,0,72,20,105
7,6,37,0,71,20,105
8,1,38,0,70,21,105
8,2,38,0,69,21,105
8,3,39,0,68,21,105
8,4,40,0,67,21,105
8,5,41,0,66,22,105
8,6,42,0,65,22,105
9,1,43,0,64,23,105
9,2,45,0,63,23,105
9,3,45,0,62,22,105
9,4,45,0,61,22,105
9,5,46,0,60,23,105
9,6,50,0,59,27,105
10,1,50,0,58,26,105
10,2,50,0,57,26,105
10,3,51,0,56,23,105
10,4,51,0,55,22,105
10,5,51,0,54,22,105
10,6,51,0,53,21,105
11,1,51,0,52,19,105
11,2,53,0,51,21,105
11,3,54,0,50,22,105
11,4,54,0,49,22,105
11,5,54,0,48,21,105
11,6,54,0,47,20,105
12,1,56,0,46,22,105
12,2,56,0,45,21,105
12,3,56,0,44,21,105
12,4,56,0,43,21,105
12,5,56,0,42,20,105
12,6,56,0,41,19,105
13,1,57,0,40,19,105
13,2,57,0,39,19,105
13,3,58,0,38,19,105
13,4,58,0,37,18,105
13,5,59,0,36,18,105
13,6,59,0,35,17,105
14,1,59,0,34,16,105
14,2,60,0,33,15,105
14,3,60,0,32,15,105
14,4,61,0,31,16,105
14,5,62,0,30,16,105
14,6,63,0,29,13,105
15,1,64,0,28,14,105
15,2,64,0,27,14,105
15,3,65,0,26,14,105
15,4,66,0,25,15,105
15,5,70,0,24,19,105
15,6,70,0,23,19,105
16,1,70,0,22,19,105
16,2,72,0,21,19,105
16,3,74,0,20,20,105
16,4,74,0,19,20,105
16,5,75,0,18,21,105
16,6,75,0,17,21,105
17,1,76,0,16,20,105
17,2,76,0,15,20,105
17,3,77,0,14,21,105
17,4,81,0,13,25,105
17,5,82,0,12,26,105
17,6,82,0,11,26,105
18,1,86,0,10,29,105
18,2,86,0,9,29,105
18,3,88,0,8,30,105
18,4,92,0,7,34,105
18,5,92,0,6,33,105
18,6,93,0,5,34,105
19,1,94,0,4,35,105
19,2,95,0,3,35,105
19,3,95,0,2,35,105
19,4,96,0,1,35,105
19,5,99,0,0,37,105
19,6,105,0,-1,42,105
0,1,0,0,119,0,129
0,2,4,0,118,4,129
0,3,8,0,117,8,129
0,4,9,0,116,9,129
0,5,10,0,115,10,129
0,6,10,0,114,10,129
1,1,10,0,113,10,129
1,2,11,0,112,11,129
1,3,11,0,111,11,129
1,4,13,0,110,13,129
1,5,13,0,109,13,129
1,6,13,0,108,13,129
2,1,13,0,107,13,129
2,2,13,0,106,13,129
2,3,13,0,105,13,129
2,4,13,0,104,13,129
2,5,13,0,103,13,129
2,6,17,0,102,17,129
3,1,17,0,101,17,129
3,2,17,0,100,17,129
3,3,17,0,99,17,129
3,4,17,0,98,17,129
3,5,19,0,97,19,129
3,6,19,0,96,19,129
4,1,19,0,95,19,129
4,2,19,0,94,19,129
4,3,19,0,93,19,129
4,4,19,0,92,19,129
4,5,19,0,91,19,129
4,6,19,0,90,19,129
5,1,19,0,89,19,129
5,2,20,0,88,16,129
5,3,26,0,87,18,129
5,4,32,0,86,23,129
5,5,33,0,85,23,129
5,6,33,0,84,23,129
6,1,35,0,83,25,129
6,2,35,0,82,24,129
6,3,40,0,81,29,129
6,4,40,0,80,27,129
6,5,40,0,79,27,129
6,6,44,0,78,31,129
6,7,44,0,77,31,129
7,1,45,0,76,32,129
7,2,45,0,75,32,129
7,3,46,0,74,33,129
7,4,47,0,73,34,129
7,5,47,0,72,30,129
7,6,48,0,71,31,129
8,1,48,0,70,31,129
8,2,48,0,69,31,129
8,3,49,0,68,32,129
8,4,49,0,67,30,129
8,5,50,0,66,31,129
8,6,52,0,65,33,129
9,1,53,0,64,34,129
9,2,54,0,63,35,129
9,3,54,0,62,35,129
9,4,54,0,61,35,129
9,5,55,0,60,36,129
9,6,56,0,59,37,129
10,1,56,0,58,36,129
10,2,56,0,57,30,129
10,3,60,0,56,28,129
10,4,60,0,55,27,129
10,5,61,0,54,28,129
10,6,62,0,53,27,129
11,1,62,0,52,27,129
11,2,66,0,51,26,129
11,3,67,0,50,27,129
11,4,68,0,49,28,129
11,5,68,0,48,24,129
11,6,68,0,47,24,129
12,1,70,0,46,25,129
12,2,71,0,45,26,129
12,3,72,0,44,26,129
12,4,73,0,43,26,129
12,5,74,0,42,27,129
12,6,76,0,41,28,129
13,1,77,0,40,29,129
13,2,78,0,39,30,129
13,3,79,0,38,30,129
13,4,79,0,37,30,129
13,5,79,0,36,29,129
13,6,79,0,35,27,129
13,7,79,0,34,26,129
14,1,81,0,33,27,129
14,2,82,0,32,28,129
14,3,83,0,31,29,129
14,4,84,0,30,29,129
14,5,85,0,29,29,129
14,6,89,0,28,33,129
15,1,90,0,27,34,129
15,2,90,0,26,30,129
15,3,91,0,25,31,129
15,4,91,0,24,30,129
15,5,91,0,23,29,129
15,6,91,0,22,29,129
16,1,95,0,21,29,129
16,2,95,0,20,28,129
16,3,96,0,19,28,129
16,4,96,0,18,28,129
16,5,97,0,17,29,129
16,6,98,0,16,28,129
16,7,99,0,15,28,129
17,1,99,0,14,27,129
17,2,99,0,13,26,129
17,3,100,0,12,26,129
17,4,101,0,11,25,129
17,5,102,0,10,25,129
17,6,102,0,9,24,129
17,7,103,0,8,24,129
18,1,104,0,7,25,129
18,2,104,0,6,25,129
18,3,107,0,5,28,129
18,4,108,0,4,29,129
18,5,108,0,3,27,129
18,6,109,0,2,27,129
18,7,110,0,1,27,129
19,1,116,0,0,32,129
19,2,122,0,-1,37,129
19,3,122,0,-2,33,129
19,4,128,0,-3,38,129
19,5,128,0,-4,38,129
19,6,129,0,-5,38,129
0,1,0,0,119,0,175
0,2,0,0,118,0,175
0,3,0,0,117,0,175
0,4,1,0,116,1,175
0,5,1,0,115,1,175
0,6,1,0,114,1,175
1,1,2,0,113,2,175
1,2,2,0,112,2,175
1,3,2,0,111,2,175
1,4,3,0,110,3,175
1,5,9,0,109,9,175
1,6,13,0,108,13,175
2,1,13,0,107,13,175
2,2,13,0,106,13,175
2,3,13,0,105,13,175
2,4,14,0,104,14,175
2,5,20,0,103,20,175
2,6,20,0,102,20,175
3,1,21,0,101,21,175
3,2,21,0,100,21,175
3,3,22,0,99,22,175
3,4,26,0,98,26,175
3,5,27,0,97,27,175
3,6,33,0,96,33,175
4,1,33,0,95,33,175
4,2,33,0,94,33,175
4,3,34,0,93,34,175
4,4,34,0,92,34,175
4,5,34,0,91,34,175
4,6,34,0,90,34,175
5,1,34,0,89,34,175
5,2,38,0,88,38,175
5,3,42,0,87,42,175
5,4,43,0,86,42,175
5,5,43,0,85,42,175
5,6,43,0,84,42,175
6,1,43,0,83,41,175
6,2,43,0,82,41,175
6,3,43,0,81,41,175
6,4,43,0,80,40,175
6,5,43,0,79,34,175
6,6,43,0,78,30,175
7,1,44,0,77,31,175
7,2,45,0,76,32,175
7,3,49,0,75,36,175
7,4,50,0,74,36,175
7,5,51,0,73,31,175
7,6,52,0,72,32,175
8,1,52,0,71,31,175
8,2,53,0,70,32,175
8,3,54,0,69,32,175
8,4,54,0,68,28,175
8,5,54,0,67,27,175
8,6,58,0,66,25,175
9,1,62,0,65,29,175
9,2,63,0,64,30,175
9,3,64,0,63,30,175
9,4,65,0,62,31,175
9,5,67,0,61,33,175
9,6,68,0,60,34,175
10,1,68,0,59,34,175
10,2,69,0,58,31,175
10,3,69,0,57,27,175
10,4,69,0,56,26,175
10,5,69,0,55,26,175
10,6,75,0,54,32,175
11,1,76,0,53,33,175
11,2,76,0,52,33,175
11,3,77,0,51,34,175
11,4,78,0,50,35,175
11,5,79,0,49,36,175
11,6,79,0,48,36,175
12,1,80,0,47,36,175
12,2,80,0,46,35,175
12,3,81,0,45,32,175
12,4,81,0,44,31,175
12,5,82,0,43,31,175
12,6,86,0,42,34,175
13,1,92,0,41,40,175
13,2,94,0,40,41,175
13,3,100,0,39,46,175
13,4,104,0,38,50,175
13,5,105,0,37,51,175
13,6,107,0,36,49,175
14,1,113,0,35,51,175
14,2,119,0,34,56,175
14,3,125,0,33,61,175
14,4,131,0,32,66,175
14,5,131,0,31,64,175
14,6,132,0,30,64,175
15,1,138,0,29,70,175
15,2,138,0,28,69,175
15,3,139,0,27,70,175
15,4,139,0,26,70,175
15,5,140,0,25,71,175
15,6,141,0,24,66,175
16,1,145,0,23,69,175
16,2,145,0,22,69,175
16,3,151,0,21,74,175
16,4,153,0,20,75,175
16,5,154,0,19,75,175
16,6,154,0,18,75,175
17,1,155,0,17,75,175
17,2,157,0,16,77,175
17,3,158,0,15,77,175
17,4,158,0,14,77,175
17,5,162,0,13,80,175
17,6,163,0,12,77,175
18,1,163,0,11,71,175
18,2,164,0,10,70,175
18,3,165,0,9,65,175
18,4,166,0,8,62,175
18,5,168,0,7,63,175
18,6,169,0,6,62,175
18,7,170,0,5,57,175
19,1,170,0,4,51,175
19,2,170,0,3,45,175
19,3,171,0,2,40,175
19,4,172,0,1,41,175
19,5,173,0,0,41,175
19,6,175,0,-1,37,175
0,1,1,0,119,1,158
0,2,1,0,118,1,158
0,3,1,0,117,1,158
0,4,7,0,116,7,158
0,5,7,0,115,7,158
0,6,7,0,114,7,158
1,1,7,0,113,7,158
1,2,7,0,112,7,158
1,3,7,0,111,7,158
1,4,8,0,110,8,158
1,5,9,0,109,9,158
1,6,13,0,108,13,158
2,1,17,0,107,17,158
2,2,19,0,106,19,158
2,3,19,0,105,19,158
2,4,19,0,104,19,158
2,5,20,0,103,20,158
2,6,20,0,102,20,158
3,1,24,0,101,24,158
3,2,24,0,100,24,158
3,3,25,0,99,25,158
3,4,25,0,98,25,158
3,5,26,0,97,26,158
3,6,26,0,96,26,158
4,1,32,0,95,32,158
4,2,32,0,94,32,158
4,3,32,0,93,32,158
4,4,33,0,92,33,158
4,5,34,0,91,34,158
4,6,40,0,90,40,158
5,1,44,0,89,43,158
5,2,45,0,88,44,158
5,3,45,0,87,44,158
5,4,49,0,86,42,158
5,5,49,0,85,42,158
5,6,50,0,84,43,158
5,7,50,0,83,43,158
6,1,51,0,82,44,158
6,2,52,0,81,45,158
6,3,53,0,80,45,158
6,4,54,0,79,45,158
6,5,58,0,78,45,158
6,6,58,0,77,41,158
7,1,58,0,76,39,158
7,2,59,0,75,40,158
7,3,60,0,74,41,158
7,4,61,0,73,41,158
7,5,62,0,72,42,158
7,6,63,0,71,39,158
8,1,65,0,70,41,158
8,2,65,0,69,40,158
8,3,67,0,68,42,158
8,4,68,0,67,42,158
8,5,68,0,66,42,158
8,6,69,0,65,37,158
9,1,71,0,64,39,158
9,2,71,0,63,39,158
9,3,75,0,62,42,158
9,4,76,0,61,42,158
9,5,76,0,60,36,158
9,6,77,0,59,33,158
10,1,77,0,58,32,158
10,2,78,0,57,33,158
10,3,78,0,56,29,158
10,4,80,0,55,31,158
10,5,81,0,54,31,158
10,6,83,0,53,33,158
11,1,84,0,52,33,158
11,2,85,0,51,33,158
11,3,86,0,50,33,158
11,4,88,0,49,34,158
11,5,91,0,48,33,158
11,6,91,0,47,33,158
11,7,91,0,46,33,158
12,1,91,0,45,32,158
12,2,91,0,44,31,158
12,3,92,0,43,31,158
12,4,92,0,42,30,158
12,5,93,0,41,30,158
12,6,93,0,40,28,158
13,1,93,0,39,28,158
13,2,93,0,38,26,158
13,3,96,0,37,28,158
13,4,97,0,36,29,158
13,5,97,0,35,28,158
13,6,97,0,34,26,158
14,1,103,0,33,32,158
14,2,104,0,32,29,158
14,3,105,0,31,29,158
14,4,105,0,30,29,158
14,5,109,0,29,32,158
14,6,110,0,28,33,158
15,1,116,0,27,38,158
15,2,117,0,26,39,158
15,3,118,0,25,38,158
15,4,118,0,24,37,158
15,5,118,0,23,35,158
15,6,118,0,22,34,158
16,1,124,0,21,39,158
16,2,125,0,20,39,158
16,3,126,0,19,38,158
16,4,130,0,18,39,158
16,5,131,0,17,40,158
16,6,131,0,16,40,158
17,1,132,0,15,41,158
17,2,132,0,14,41,158
17,3,133,0,13,41,158
17,4,135,0,12,43,158
17,5,141,0,11,48,158
17,6,142,0,10,49,158
18,1,142,0,9,49,158
18,2,142,0,8,49,158
18,3,142,0,7,46,158
18,4,146,0,6,49,158
18,5,147,0,5,50,158
18,6,150,0,4,53,158
19,1,151,0,3,48,158
19,2,151,0,2,47,158
19,3,155,0,1,50,158
19,4,157,0,0,52,158
19,5,158,0,-1,49,158
19,6,158,0,-2,48,158
0,1,0,0,119,0,80
0,2,0,0,118,0,80
0,3,0,0,117,0,80
0,4,0,0,116,0,80
0,5,1,0,115,1,80
0,6,2,0,114,2,80
1,1,2,0,113,2,80
1,2,3,0,112,3,80
1,3,3,0,111,3,80
1,4,3,0,110,3,80
1,5,4,0,109,4,80
1,6,4,0,108,4,80
1,7,4,0,107,4,80
2,1,4,0,106,4,80
2,2,4,0,105,4,80
2,3,4,0,104,4,80
2,4,5,0,103,5,80
2,5,6,0,102,6,80
2,6,7,0,101,7,80
2,7,8,0,100,8,80
2,8,8,0,99,8,80
3,1,9,0,98,9,80
3,2,9,0,97,9,80
3,3,9,0,96,9,80
3,4,9,0,95,9,80
3,5,9,0,94,9,80
3,6,10,0,93,10,80
4,1,10,0,92,10,80
4,2,11,0,91,11,80
4,3,12,0,90,12,80
4,4,14,0,89,14,80
4,5,14,0,88,14,80
4,6,14,0,87,14,80
4,7,14,0,86,14,80
4,8,15,0,85,14,80
5,1,16,0,84,14,80
5,2,17,0,83,15,80
5,3,17,0,82,14,80
5,4,17,0,81,14,80
5,5,17,0,80,14,80
5,6,18,0,79,14,80
6,1,19,0,78,15,80
6,2,19,0,77,15,80
6,3,19,0,76,15,80
6,4,19,0,75,15,80
6,5,19,0,74,15,80
6,6,20,0,73,15,80
7,1,20,0,72,14,80
7,2,21,0,71,14,80
7,3,21,0,70,13,80
7,4,21,0,69,13,80
7,5,21,0,68,12,80
7,6,21,0,67,12,80
8,1,21,0,66,12,80
8,2,21,0,65,12,80
8,3,21,0,64,12,80
8,4,21,0,63,11,80
8,5,21,0,62,11,80
8,6,21,0,61,10,80
9,1,21,0,60,9,80
9,2,23,0,59,9,80
9,3,23,0,58,9,80
9,4,23,0,57,9,80
9,5,24,0,56,10,80
9,6,24,0,55,9,80
10,1,24,0,54,8,80
10,2,24,0,53,7,80
10,3,24,0,52,7,80
10,4,24,0,51,7,80
10,5,24,0,50,7,80
10,6,25,0,49,7,80
11,1,25,0,48,6,80
11,2,25,0,47,6,80
11,3,26,0,46,7,80
11,4,26,0,45,7,80
11,5,26,0,44,7,80
11,6,26,0,43,6,80
12,1,26,0,42,6,80
12,2,27,0,41,6,80
12,3,27,0,40,6,80
12,4,29,0,39,8,80
12,5,29,0,38,8,80
12,6,31,0,37,10,80
13,1,35,0,36,14,80
13,2,35,0,35,14,80
13,3,38,0,34,17,80
13,4,38,0,33,17,80
13,5,38,0,32,17,80
13,6,38,0,31,17,80
14,1,42,0,30,21,80
14,2,42,0,29,19,80
14,3,44,0,28,21,80
14,4,45,0,27,22,80
14,5,46,0,26,22,80
14,6,46,0,25,22,80
15,1,46,0,24,22,80
15,2,47,0,23,23,80
15,3,47,0,22,23,80
15,4,47,0,21,23,80
15,5,48,0,20,24,80
15,6,48,0,19,23,80
16,1,54,0,18,29,80
16,2,55,0,17,30,80
16,3,55,0,16,29,80
16,4,56,0,15,30,80
16,5,56,0,14,30,80
16,6,60,0,13,34,80
16,7,60,0,12,34,80
17,1,62,0,11,35,80
17,2,68,0,10,41,80
17,3,69,0,9,40,80
17,4,69,0,8,40,80
17,5,69,0,7,38,80
17,6,70,0,6,35,80
18,1,70,0,5,35,80
18,2,70,0,4,32,80
18,3,71,0,3,33,80
18,4,75,0,2,37,80
18,5,77,0,1,39,80
18,6,77,0,0,35,80
19,1,77,0,-1,35,80
19,2,77,0,-2,33,80
19,3,78,0,-3,33,80
19,4,78,0,-4,32,80
19,5,78,0,-5,32,80
19,6,79,0,-6,33,80
19,7,80,0,-7,33,80
0,1,1,0,119,1,152
0,2,5,0,118,5,152
0,3,6,0,117,6,152
0,4,6,0,116,6,152
0,5,9,0,115,9,152
0,6,9,0,114,9,152
1,1,10,0,113,10,152
1,2,10,0,112,10,152
1,3,11,0,111,11,152
1,4,12,0,110,12,152
1,5,13,0,109,13,152
1,6,14,0,108,14,152
2,1,16,0,107,16,152
2,2,16,0,106,16,152
2,3,20,0,105,20,152
2,4,20,0,104,20,152
2,5,20,0,103,20,152
2,6,20,0,102,20,152
3,1,21,0,101,21,152
3,2,21,0,100,21,152
3,3,21,0,99,21,152
3,4,25,0,98,25,152
3,5,26,0,97,26,152
3,6,26,0,96,26,152
4,1,27,0,95,27,152
4,2,27,0,94,27,152
4,3,28,0,93,28,152
4,4,32,0,92,32,152
4,5,32,0,91,32,152
4,6,32,0,90,32,152
5,1,36,0,89,35,152
5,2,37,0,88,32,152
5,3,37,0,87,31,152
5,4,37,0,86,31,152
5,5,37,0,85,28,152
5,6,38,0,84,29,152
6,1,39,0,83,29,152
6,2,41,0,82,31,152
6,3,41,0,81,30,152
6,4,47,0,80,35,152
6,5,48,0,79,35,152
6,6,49,0,78,35,152
7,1,49,0,77,33,152
7,2,51,0,76,35,152
7,3,55,0,75,35,152
7,4,56,0,74,36,152
7,5,57,0,73,37,152
7,6,58,0,72,38,152
8,1,60,0,71,39,152
8,2,61,0,70,40,152
8,3,63,0,69,42,152
8,4,67,0,68,42,152
8,5,67,0,67,41,152
8,6,67,0,66,41,152
9,1,67,0,65,40,152
9,2,67,0,64,40,152
9,3,68,0,63,40,152
9,4,68,0,62,36,152
9,5,74,0,61,42,152
9,6,75,0,60,43,152
10,1,79,0,59,43,152
10,2,80,0,58,43,152
10,3,80,0,57,43,152
10,4,81,0,56,44,152
10,5,81,0,55,44,152
10,6,81,0,54,43,152
11,1,82,0,53,43,152
11,2,83,0,52,42,152
11,3,83,0,51,42,152
11,4,83,0,50,36,152
11,5,84,0,49,36,152
11,6,85,0,48,36,152
12,1,85,0,47,36,152
12,2,86,0,46,35,152
12,3,86,0,45,31,152
12,4,90,0,44,34,152
12,5,91,0,43,34,152
12,6,91,0,42,33,152
13,1,92,0,41,32,152
13,2,93,0,40,32,152
13,3,97,0,39,34,152
13,4,99,0,38,32,152
13,5,99,0,37,32,152
13,6,103,0,36,36,152
14,1,105,0,35,38,152
14,2,106,0,34,39,152
14,3,107,0,33,39,152
14,4,108,0,32,40,152
14,5,109,0,31,35,152
14,6,109,0,30,34,152
14,7,111,0,29,32,152
14,8,112,0,28,32,152
15,1,113,0,27,33,152
15,2,113,0,26,32,152
15,3,113,0,25,32,152
15,4,114,0,24,33,152
15,5,114,0,23,32,152
15,6,116,0,22,33,152
15,7,117,0,21,34,152
16,1,118,0,20,35,152
16,2,119,0,19,35,152
16,3,120,0,18,35,152
16,4,121,0,17,36,152
16,5,125,0,16,39,152
16,6,129,0,15,43,152
17,1,129,0,14,39,152
17,2,130,0,13,39,152
17,3,130,0,12,39,152
17,4,131,0,11,39,152
17,5,132,0,10,39,152
17,6,133,0,9,36,152
18,1,133,0,8,34,152
18,2,135,0,7,36,152
18,3,136,0,6,33,152
18,4,137,0,5,32,152
18,5,141,0,4,35,152
18,6,142,0,3,35,152
19,1,143,0,2,35,152
19,2,144,0,1,35,152
19,3,145,0,0,36,152
19,4,146,0,-1,35,152
19,5,147,0,-2,35,152
19,6,148,0,-3,35,152
19,7,152,0,-4,39,152
0,1,0,0,119,0,146
0,2,0,0,118,0,146
0,3,4,0,117,4,146
0,4,8,0,116,8,146
0,5,9,0,115,9,146
0,6,11,0,114,11,146
0,7,13,0,113,13,146
1,1,17,0,112,17,146
1,2,18,0,111,18,146
1,3,18,0,110,18,146
1,4,18,0,109,18,146
1,5,19,0,108,19,146
1,6,20,0,107,20,146
2,1,21,0,106,21,146
2,2,21,0,105,21,146
2,3,21,0,104,21,146
2,4,22,0,103,22,146
2,5,24,0,102,24,146
2,6,28,0,101,28,146
2,7,29,0,100,29,146
3,1,29,0,99,29,146
3,2,33,0,98,33,146
3,3,34,0,97,34,146
3,4,34,0,96,34,146
3,5,38,0,95,38,146
3,6,42,0,94,42,146
4,1,42,0,93,42,146
4,2,42,0,92,42,146
4,3,43,0,91,43,146
4,4,44,0,90,44,146
4,5,44,0,89,44,146
4,6,44,0,88,44,146
5,1,44,0,87,40,146
5,2,45,0,86,37,146
5,3,46,0,85,37,146
5,4,46,0,84,35,146
5,5,47,0,83,34,146
5,6,47,0,82,30,146
6,1,47,0,81,29,146
6,2,53,0,80,35,146
6,3,59,0,79,41,146
6,4,61,0,78,42,146
6,5,63,0,77,43,146
6,6,64,0,76,43,146
7,1,68,0,75,47,146
7,2,74,0,74,53,146
7,3,75,0,73,53,146
7,4,76,0,72,52,146
7,5,77,0,71,49,146
7,6,77,0,70,48,146
8,1,79,0,69,50,146
8,2,80,0,68,47,146
8,3,81,0,67,47,146
8,4,81,0,66,47,146
8,5,81,0,65,43,146
8,6,85,0,64,43,146
9,1,86,0,63,44,146
9,2,87,0,62,45,146
9,3,89,0,61,46,146
9,4,89,0,60,45,146
9,5,89,0,59,45,146
9,6,89,0,58,45,146
10,1,90,0,57,46,146
10,2,92,0,56,47,146
10,3,93,0,55,47,146
10,4,94,0,54,48,146
10,5,94,0,53,47,146
10,6,96,0,52,49,146
11,1,97,0,51,50,146
11,2,98,0,50,45,146
11,3,99,0,49,40,146
11,4,101,0,48,40,146
11,5,102,0,47,39,146
11,6,103,0,46,39,146
12,1,104,0,45,36,146
12,2,105,0,44,31,146
12,3,105,0,43,30,146
12,4,107,0,42,31,146
12,5,108,0,41,31,146
12,6,108,0,40,31,146
13,1,109,0,39,30,146
13,2,109,0,38,29,146
13,3,109,0,37,28,146
13,4,109,0,36,28,146
13,5,109,0,35,28,146
13,6,109,0,34,24,146
14,1,109,0,33,23,146
14,2,115,0,32,28,146
14,3,116,0,31,27,146
14,4,117,0,30,28,146
14,5,118,0,29,29,146
14,6,118,0,28,29,146
15,1,118,0,27,28,146
15,2,119,0,26,27,146
15,3,119,0,25,26,146
15,4,120,0,24,26,146
15,5,122,0,23,28,146
15,6,122,0,22,26,146
16,1,123,0,21,26,146
16,2,123,0,20,25,146
16,3,124,0,19,25,146
16,4,124,0,18,23,146
16,5,127,0,17,25,146
16,6,128,0,16,25,146
17,1,129,0,15,25,146
17,2,129,0,14,24,146
17,3,130,0,13,25,146
17,4,131,0,12,24,146
17,5,132,0,11,24,146
17,6,133,0,10,25,146
18,1,134,0,9,25,146
18,2,138,0,8,29,146
18,3,138,0,7,29,146
18,4,142,0,6,33,146
18,5,143,0,5,34,146
18,6,144,0,4,35,146
19,1,144,0,3,35,146
19,2,145,0,2,30,146
19,3,145,0,1,29,146
19,4,145,0,0,28,146
19,5,145,0,-1,27,146
19,6,146,0,-2,28,146
0,1,2,0,119,2,70
0,2,4,0,118,4,70
0,3,4,0,117,4,70
0,4,4,0,116,4,70
0,5,5,0,115,5,70
0,6,5,0,114,5,70
0,7,6,0,113,6,70
0,8,6,0,112,6,70
0,9,7,0,111,7,70
1,1,7,0,110,7,70
1,2,11,0,109,11,70
1,3,11,0,108,11,70
1,4,11,0,107,11,70
1,5,11,0,106,11,70
1,6,11,0,105,11,70
2,1,12,0,104,12,70
2,2,13,0,103,13,70
2,3,17,0,102,17,70
2,4,18,0,101,18,70
2,5,18,0,100,18,70
2,6,18,0,99,18,70
2,7,18,0,98,18,70
3,1,18,0,97,18,70
3,2,18,0,96,18,70
3,3,18,0,95,18,70
3,4,18,0,94,18,70
3,5,18,0,93,18,70
3,6,18,0,92,18,70
4,1,18,0,91,18,70
4,2,19,0,90,19,70
4,3,19,0,89,17,70
4,4,19,0,88,15,70
4,5,21,0,87,17,70
4,6,21,0,86,17,70
4,7,21,0,85,16,70
5,1,21,0,84,16,70
5,2,22,0,83,16,70
5,3,22,0,82,16,70
5,4,22,0,81,15,70
5,5,24,0,80,17,70
5,6,26,0,79,15,70
6,1,26,0,78,15,70
6,2,26,0,77,15,70
6,3,27,0,76,16,70
6,4,28,0,75,17,70
6,5,28,0,74,16,70
6,6,28,0,73,15,70
7,1,28,0,72,11,70
7,2,28,0,71,10,70
7,3,32,0,70,14,70
7,4,32,0,69,14,70
7,5,32,0,68,14,70
7,6,32,0,67,14,70
8,1,32,0,66,14,70
8,2,34,0,65,16,70
8,3,34,0,64,16,70
8,4,38,0,63,20,70
8,5,38,0,62,20,70
8,6,38,0,61,20,70
8,7,38,0,60,19,70
9,1,38,0,59,19,70
9,2,38,0,58,19,70
9,3,38,0,57,17,70
9,4,42,0,56,21,70
9,5,42,0,55,21,70
9,6,42,0,54,21,70
10,1,42,0,53,20,70
10,2,42,0,52,20,70
10,3,42,0,51,20,70
10,4,42,0,50,18,70
10,5,42,0,49,16,70
10,6,42,0,48,16,70
11,1,43,0,47,17,70
11,2,43,0,46,16,70
11,3,43,0,45,15,70
11,4,44,0,44,16,70
11,5,44,0,43,16,70
11,6,45,0,42,17,70
12,1,46,0,41,18,70
12,2,46,0,40,14,70
12,3,46,0,39,14,70
12,4,46,0,38,14,70
12,5,46,0,37,14,70
12,6,46,0,36,14,70
12,7,46,0,35,12,70
13,1,47,0,34,13,70
13,2,47,0,33,9,70
13,3,47,0,32,9,70
13,4,48,0,31,10,70
13,5,49,0,30,11,70
13,6,49,0,29,11,70
14,1,49,0,28,11,70
14,2,49,0,27,11,70
14,3,49,0,26,7,70
14,4,50,0,25,8,70
14,5,51,0,24,9,70
14,6,51,0,23,9,70
14,7,51,0,22,9,70
15,1,51,0,21,9,70
15,2,52,0,20,10,70
15,3,52,0,19,10,70
15,4,52,0,18,10,70
15,5,52,0,17,9,70
15,6,53,0,16,10,70
16,1,53,0,15,10,70
16,2,53,0,14,9,70
16,3,55,0,13,11,70
16,4,55,0,12,10,70
16,5,55,0,11,9,70
16,6,55,0,10,9,70
17,1,56,0,9,10,70
17,2,57,0,8,11,70
17,3,58,0,7,12,70
17,4,59,0,6,13,70
17,5,60,0,5,14,70
17,6,60,0,4,13,70
18,1,60,0,3,13,70
18,2,61,0,2,14,70
18,3,61,0,1,13,70
18,4,62,0,0,13,70
18,5,63,0,-1,14,70
18,6,65,0,-2,16,70
19,1,66,0,-3,17,70
19,2,67,0,-4,18,70
19,3,68,0,-5,18,70
19,4,68,0,-6,17,70
19,5,69,0,-7,18,70
19,6,70,0,-8,19,70
0,1,0,0,119,0,80
0,2,0,0,118,0,80
0,3,1,0,117,1,80
0,4,1,0,116,1,80
0,5,1,0,115,1,80
0,6,1,0,114,1,80
1,1,1,0,113,1,80
1,2,1,0,112,1,80
1,3,1,0,111,1,80
1,4,1,0,110,1,80
1,5,1,0,109,1,80
1,6,2,0,108,2,80
2,1,2,0,107,2,80
2,2,2,0,106,2,80
2,3,2,0,105,2,80
2,4,2,0,104,2,80
2,5,2,0,103,2,80
2,6,2,0,102,2,80
3,1,6,0,101,6,80
3,2,8,0,100,8,80
3,3,9,0,99,9,80
3,4,9,0,98,9,80
3,5,10,0,97,10,80
3,6,10,0,96,10,80
3,7,10,0,95,10,80
4,1,14,0,94,14,80
4,2,14,0,93,14,80
4,3,14,0,92,14,80
4,4,14,0,91,14,80
4,5,14,0,90,14,80
4,6,14,0,89,14,80
5,1,14,0,88,14,80
5,2,18,0,87,17,80
5,3,18,0,86,17,80
5,4,18,0,85,17,80
5,5,18,0,84,17,80
5,6,18,0,83,17,80
6,1,18,0,82,17,80
6,2,18,0,81,17,80
6,3,19,0,80,18,80
6,4,21,0,79,20,80
6,5,21,0,78,19,80
6,6,25,0,77,23,80
7,1,29,0,76,27,80
7,2,33,0,75,31,80
7,3,33,0,74,31,80
7,4,34,0,73,32,80
7,5,38,0,72,36,80
7,6,38,0,71,32,80
8,1,39,0,70,31,80
8,2,39,0,69,30,80
8,3,39,0,68,30,80
8,4,40,0,67,30,80
8,5,40,0,66,30,80
8,6,40,0,65,30,80
9,1,40,0,64,26,80
9,2,42,0,63,28,80
9,3,42,0,62,28,80
9,4,42,0,61,28,80
9,5,46,0,60,32,80
9,6,46,0,59,32,80
9,7,47,0,58,33,80
10,1,48,0,57,30,80
10,2,48,0,56,30,80
10,3,48,0,55,30,80
10,4,48,0,54,30,80
10,5,48,0,53,30,80
10,6,48,0,52,30,80
11,1,48,0,51,30,80
11,2,48,0,50,29,80
11,3,48,0,49,27,80
11,4,48,0,48,27,80
11,5,48,0,47,23,80
11,6,52,0,46,23,80
12,1,52,0,45,19,80
12,2,52,0,44,19,80
12,3,52,0,43,18,80
12,4,52,0,42,14,80
12,5,52,0,41,14,80
12,6,52,0,40,13,80
13,1,52,0,39,13,80
13,2,52,0,38,13,80
13,3,56,0,37,16,80
13,4,56,0,36,16,80
13,5,56,0,35,16,80
13,6,56,0,34,16,80
14,1,56,0,33,14,80
14,2,57,0,32,15,80
14,3,57,0,31,15,80
14,4,58,0,30,12,80
14,5,62,0,29,16,80
14,6,63,0,28,16,80
15,1,63,0,27,15,80
15,2,64,0,26,16,80
15,3,64,0,25,16,80
15,4,64,0,24,16,80
15,5,64,0,23,16,80
15,6,64,0,22,16,80
16,1,65,0,21,17,80
16,2,66,0,20,18,80
16,3,67,0,19,19,80
16,4,71,0,18,23,80
16,5,71,0,17,23,80
16,6,74,0,16,22,80
16,7,74,0,15,22,80
17,1,74,0,14,22,80
17,2,74,0,13,22,80
17,3,75,0,12,23,80
17,4,75,0,11,23,80
17,5,75,0,10,23,80
17,6,75,0,9,23,80
18,1,77,0,8,25,80
18,2,77,0,7,21,80
18,3,78,0,6,22,80
18,4,79,0,5,23,80
18,5,79,0,4,23,80
18,6,79,0,3,23,80
19,1,79,0,2,22,80
19,2,80,0,1,23,80
19,3,80,0,0,22,80
19,4,80,0,-1,18,80
19,5,80,0,-2,17,80
0,1,0,0,119,0,61
0,2,1,0,118,1,61
0,3,2,0,117,2,61
0,4,2,0,116,2,61
0,5,2,0,115,2,61
0,6,2,0,114,2,61
0,7,3,0,113,3,61
0,8,3,0,112,3,61
0,9,3,0,111,3,61
1,1,8,0,110,8,61
1,2,8,0,109,8,61
1,3,9,0,108,9,61
1,4,9,0,107,9,61
1,5,9,0,106,9,61
1,6,9,0,105,9,61
1,7,9,0,104,9,61
1,8,10,0,103,10,61
1,9,10,0,102,10,61
2,1,10,0,101,10,61
2,2,10,0,100,10,61
2,3,10,0,99,10,61
2,4,11,0,98,11,61
2,5,11,0,97,11,61
2,6,11,0,96,11,61
3,1,11,0,95,11,61
3,2,12,0,94,12,61
3,3,16,0,93,16,61
3,4,16,0,92,16,61
3,5,16,0,91,16,61
3,6,16,0,90,16,61
3,7,20,0,89,20,61
4,1,20,0,88,19,61
4,2,21,0,87,19,61
4,3,21,0,86,19,61
4,4,25,0,85,23,61
4,5,25,0,84,23,61
4,6,26,0,83,23,61
4,7,26,0,82,23,61
5,1,27,0,81,24,61
5,2,27,0,80,19,61
5,3,27,0,79,19,61
5,4,27,0,78,18,61
5,5,27,0,77,18,61
5,6,27,0,76,18,61
5,7,28,0,75,19,61
5,8,28,0,74,19,61
6,1,28,0,73,18,61
6,2,28,0,72,18,61
6,3,28,0,71,18,61
6,4,28,0,70,18,61
6,5,28,0,69,18,61
6,6,29,0,68,18,61
7,1,29,0,67,18,61
7,2,30,0,66,19,61
7,3,30,0,65,19,61
7,4,30,0,64,18,61
7,5,30,0,63,14,61
7,6,31,0,62,15,61
7,7,31,0,61,15,61
8,1,31,0,60,15,61
8,2,32,0,59,12,61
8,3,32,0,58,12,61
8,4,33,0,57,12,61
8,5,33,0,56,12,61
8,6,33,0,55,8,61
8,7,33,0,54,8,61
9,1,34,0,53,8,61
9,2,34,0,52,8,61
9,3,34,0,51,7,61
9,4,34,0,50,7,61
9,5,35,0,49,8,61
9,6,35,0,48,8,61
9,7,36,0,47,9,61
10,1,38,0,46,11,61
10,2,38,0,45,10,61
10,3,38,0,44,10,61
10,4,39,0,43,11,61
10,5,43,0,42,15,61
10,6,45,0,41,17,61
10,7,45,0,40,17,61
11,1,45,0,39,17,61
11,2,45,0,38,16,61
11,3,46,0,37,17,61
11,4,46,0,36,16,61
11,5,46,0,35,16,61
11,6,46,0,34,16,61
12,1,47,0,33,17,61
12,2,47,0,32,16,61
12,3,48,0,31,17,61
12,4,48,0,30,17,61
12,5,48,0,29,16,61
12,6,48,0,28,16,61
12,7,49,0,27,16,61
13,1,50,0,26,17,61
13,2,51,0,25,18,61
13,3,52,0,24,19,61
13,4,53,0,23,19,61
13,5,53,0,22,19,61
13,6,54,0,21,20,61
13,7,54,0,20,20,61
13,8,54,0,19,19,61
14,1,54,0,18,19,61
14,2,55,0,17,19,61
14,3,56,0,16,18,61
14,4,56,0,15,18,61
14,5,57,0,14,19,61
14,6,58,0,13,19,61
14,7,58,0,12,15,61
14,8,58,0,11,13,61
15,1,59,0,10,14,61
15,2,60,0,9,15,61
15,3,61,0,8,16,61
15,4,61,0,7,15,61
15,5,61,0,6,15,61
0,1,0,0,119,0,114
0,2,0,0,118,0,114
0,3,0,0,117,0,114
0,4,0,0,116,0,114
0,5,1,0,115,1,114
0,6,1,0,114,1,114
0,7,6,0,113,6,114
0,8,6,0,112,6,114
1,1,6,0,111,6,114
1,2,10,0,110,10,114
1,3,14,0,109,14,114
1,4,18,0,108,18,114
1,5,18,0,107,18,114
1,6,18,0,106,18,114
2,1,19,0,105,19,114
2,2,20,0,104,20,114
2,3,21,0,103,21,114
2,4,21,0,102,21,114
2,5,21,0,101,21,114
2,6,21,0,100,21,114
2,7,22,0,99,22,114
2,8,23,0,98,23,114
2,9,24,0,97,24,114
2,1,24,0,96,24,114
3,1,24,0,95,24,114
3,2,25,0,94,25,114
3,3,25,0,93,25,114
3,4,26,0,92,26,114
3,5,27,0,91,27,114
3,6,27,0,90,27,114
4,1,27,0,89,27,114
4,2,28,0,88,28,114
4,3,29,0,87,29,114
4,4,30,0,86,30,114
4,5,30,0,85,29,114
4,6,31,0,84,30,114
5,1,31,0,83,25,114
5,2,31,0,82,25,114
5,3,31,0,81,25,114
5,4,31,0,80,21,114
5,5,32,0,79,18,114
5,6,34,0,78,16,114
6,1,35,0,77,17,114
6,2,36,0,76,18,114
6,3,37,0,75,18,114
6,4,38,0,74,18,114
6,5,38,0,73,17,114
6,6,38,0,72,17,114
7,1,38,0,71,17,114
7,2,39,0,70,18,114
7,3,39,0,69,17,114
7,4,39,0,68,16,114
7,5,40,0,67,16,114
7,6,41,0,66,17,114
8,1,45,0,65,21,114
8,2,46,0,64,21,114
8,3,46,0,63,21,114
8,4,46,0,62,20,114
8,5,46,0,61,19,114
8,6,50,0,60,23,114
9,1,50,0,59,23,114
9,2,50,0,58,22,114
9,3,50,0,57,21,114
9,4,50,0,56,20,114
9,5,51,0,55,21,114
9,6,51,0,54,20,114
10,1,51,0,53,20,114
10,2,52,0,52,21,114
10,3,52,0,51,21,114
10,4,52,0,50,21,114
10,5,53,0,49,21,114
10,6,54,0,48,20,114
11,1,58,0,47,23,114
11,2,58,0,46,22,114
11,3,58,0,45,21,114
11,4,59,0,44,21,114
11,5,59,0,43,21,114
11,6,59,0,42,21,114
12,1,60,0,41,22,114
12,2,60,0,40,21,114
12,3,61,0,39,22,114
12,4,61,0,38,22,114
12,5,61,0,37,21,114
12,6,62,0,36,21,114
12,7,62,0,35,17,114
12,8,63,0,34,17,114
13,1,63,0,33,17,114
13,2,67,0,32,21,114
13,3,67,0,31,21,114
13,4,68,0,30,18,114
13,5,69,0,29,19,114
13,6,69,0,28,19,114
14,1,71,0,27,21,114
14,2,71,0,26,21,114
14,3,72,0,25,21,114
14,4,72,0,24,21,114
14,5,73,0,23,22,114
14,6,73,0,22,21,114
14,7,73,0,21,21,114
15,1,74,0,20,22,114
15,2,78,0,19,25,114
15,3,82,0,18,28,114
15,4,82,0,17,24,114
15,5,83,0,16,25,114
15,6,84,0,15,26,114
16,1,84,0,14,25,114
16,2,84,0,13,25,114
16,3,86,0,12,27,114
16,4,87,0,11,27,114
16,5,87,0,10,27,114
16,6,91,0,9,30,114
16,7,92,0,8,31,114
17,1,92,0,7,31,114
17,2,92,0,6,30,114
17,3,93,0,5,31,114
17,4,94,0,4,31,114
17,5,94,0,3,31,114
17,6,94,0,2,27,114
18,1,94,0,1,27,114
18,2,95,0,0,27,114
18,3,97,0,-1,28,114
18,4,98,0,-2,29,114
18,5,99,0,-3,28,114
18,6,100,0,-4,29,114
18,7,102,0,-5,30,114
19,1,108,0,-6,36,114
19,2,108,0,-7,35,114
19,3,108,0,-8,35,114
19,4,108,0,-9,35,114
19,5,112,0,-10,38,114
19,6,114,0,-11,36,114
0,1,0,0,119,0,138
0,2,0,0,118,0,138
0,3,0,0,117,0,138
0,4,2,0,116,2,138
0,5,2,0,115,2,138
0,6,3,0,114,3,138
0,7,3,0,113,3,138
1,1,3,0,112,3,138
1,2,3,0,111,3,138
1,3,4,0,110,4,138
1,4,4,0,109,4,138
1,5,4,0,108,4,138
1,6,4,0,107,4,138
2,1,5,0,106,5,138
2,2,9,0,105,9,138
2,3,9,0,104,9,138
2,4,9,0,103,9,138
2,5,10,0,102,10,138
2,6,10,0,101,10,138
2,7,11,0,100,11,138
3,1,11,0,99,11,138
3,2,11,0,98,11,138
3,3,11,0,97,11,138
3,4,11,0,96,11,138
3,5,12,0,95,12,138
3,6,12,0,94,12,138
4,1,13,0,93,13,138
4,2,15,0,92,15,138
4,3,15,0,91,15,138
4,4,15,0,90,15,138
4,5,15,0,89,15,138
4,6,15,0,88,15,138
5,1,16,0,87,16,138
5,2,17,0,86,15,138
5,3,18,0,85,16,138
5,4,22,0,84,19,138
5,5,22,0,83,19,138
5,6,24,0,82,21,138
6,1,24,0,81,21,138
6,2,24,0,80,20,138
6,3,28,0,79,24,138
6,4,32,0,78,28,138
6,5,32,0,77,28,138
6,6,33,0,76,28,138
7,1,34,0,75,25,138
7,2,34,0,74,25,138
7,3,35,0,73,26,138
7,4,36,0,72,26,138
7,5,40,0,71,30,138
7,6,44,0,70,33,138
8,1,46,0,69,35,138
8,2,46,0,68,35,138
8,3,47,0,67,36,138
8,4,47,0,66,36,138
8,5,48,0,65,36,138
8,6,50,0,64,38,138
8,7,51,0,63,38,138
8,8,52,0,62,37,138
9,1,53,0,61,38,138
9,2,54,0,60,39,138
9,3,54,0,59,39,138
9,4,55,0,58,40,138
9,5,56,0,57,40,138
9,6,58,0,56,41,138
10,1,58,0,55,40,138
10,2,58,0,54,36,138
10,3,58,0,53,36,138
10,4,59,0,52,35,138
10,5,60,0,51,36,138
10,6,60,0,50,36,138
10,7,61,0,49,33,138
11,1,66,0,48,34,138
11,2,66,0,47,34,138
11,3,67,0,46,34,138
11,4,68,0,45,34,138
11,5,68,0,44,34,138
11,6,69,0,43,34,138
11,7,69,0,42,33,138
12,1,71,0,41,31,138
12,2,72,0,40,28,138
12,3,75,0,39,29,138
12,4,76,0,38,30,138
12,5,77,0,37,30,138
12,6,77,0,36,30,138
12,7,83,0,35,35,138
13,1,83,0,34,33,138
13,2,84,0,33,33,138
13,3,84,0,32,32,138
13,4,85,0,31,32,138
13,5,87,0,30,33,138
13,6,89,0,29,35,138
13,7,90,0,28,35,138
14,1,92,0,27,36,138
14,2,96,0,26,38,138
14,3,97,0,25,39,138
14,4,98,0,24,40,138
14,5,99,0,23,41,138
14,6,101,0,22,42,138
15,1,103,0,21,43,138
15,2,105,0,20,45,138
15,3,106,0,19,45,138
15,4,106,0,18,40,138
15,5,110,0,17,44,138
15,6,110,0,16,43,138
16,1,110,0,15,42,138
16,2,111,0,14,43,138
16,3,112,0,13,43,138
16,4,113,0,12,44,138
16,5,114,0,11,43,138
16,6,114,0,10,42,138
17,1,116,0,9,41,138
17,2,116,0,8,40,138
17,3,122,0,7,45,138
17,4,122,0,6,45,138
17,5,123,0,5,40,138
17,6,123,0,4,40,138
17,7,123,0,3,39,138
18,1,123,0,2,39,138
18,2,124,0,1,39,138
18,3,125,0,0,38,138
18,4,127,0,-1,38,138
18,5,128,0,-2,38,138
18,6,130,0,-3,38,138
19,1,132,0,-4,36,138
19,2,132,0,-5,35,138
19,3,133,0,-6,35,138
19,4,135,0,-7,36,138
19,5,136,0,-8,35,138
19,6,138,0,-9,35,138
0,1,1,0,119,1,49
0,2,1,0,118,1,49
0,3,1,0,117,1,49
0,4,1,0,116,1,49
0,5,1,0,115,1,49
0,6,1,0,114,1,49
0,7,1,0,113,1,49
1,1,1,0,112,1,49
1,2,2,0,111,2,49
1,3,2,0,110,2,49
1,4,2,0,109,2,49
1,5,2,0,108,2,49
1,6,2,0,107,2,49
2,1,3,0,106,3,49
2,2,3,0,105,3,49
2,3,3,0,104,3,49
2,4,3,0,103,3,49
2,5,3,0,102,3,49
2,6,3,0,101,3,49
3,1,3,0,100,3,49
3,2,3,0,99,3,49
3,3,3,0,98,3,49
3,4,3,0,97,3,49
3,5,3,0,96,3,49
3,6,3,0,95,3,49
4,1,3,0,94,3,49
4,2,3,0,93,3,49
4,3,4,0,92,4,49
4,4,5,0,91,5,49
4,5,5,0,90,5,49
4,6,5,0,89,4,49
5,1,5,0,88,4,49
5,2,5,0,87,4,49
5,3,5,0,86,4,49
5,4,5,0,85,4,49
5,5,5,0,84,4,49
5,6,5,0,83,4,49
6,1,5,0,82,4,49
6,2,5,0,81,3,49
6,3,5,0,80,3,49
6,4,5,0,79,3,49
6,5,5,0,78,3,49
6,6,5,0,77,3,49
7,1,5,0,76,2,49
7,2,5,0,75,2,49
7,3,5,0,74,2,49
7,4,5,0,73,2,49
7,5,5,0,72,2,49
7,6,5,0,71,2,49
8,1,9,0,70,6,49
8,2,9,0,69,6,49
8,3,9,0,68,6,49
8,4,9,0,67,6,49
8,5,9,0,66,6,49
8,6,9,0,65,6,49
9,1,9,0,64,6,49
9,2,9,0,63,6,49
9,3,9,0,62,5,49
9,4,9,0,61,4,49
9,5,9,0,60,4,49
9,6,9,0,59,4,49
10,1,11,0,58,6,49
10,2,12,0,57,7,49
10,3,12,0,56,7,49
10,4,12,0,55,7,49
10,5,12,0,54,7,49
10,6,12,0,53,7,49
10,7,12,0,52,7,49
11,1,13,0,51,8,49
11,2,13,0,50,8,49
11,3,13,0,49,8,49
11,4,13,0,48,8,49
11,5,15,0,47,10,49
11,6,15,0,46,10,49
11,7,15,0,45,10,49
12,1,19,0,44,14,49
12,2,19,0,43,14,49
12,3,19,0,42,14,49
12,4,19,0,41,14,49
12,5,19,0,40,10,49
12,6,19,0,39,10,49
13,1,20,0,38,11,49
13,2,20,0,37,11,49
13,3,20,0,36,11,49
13,4,20,0,35,11,49
13,5,21,0,34,12,49
13,6,21,0,33,12,49
14,1,21,0,32,12,49
14,2,21,0,31,12,49
14,3,23,0,30,14,49
14,4,24,0,29,15,49
14,5,24,0,28,13,49
14,6,24,0,27,12,49
14,7,24,0,26,12,49
15,1,25,0,25,13,49
15,2,25,0,24,13,49
15,3,25,0,23,13,49
15,4,25,0,22,13,49
15,5,25,0,21,12,49
15,6,26,0,20,13,49
16,1,27,0,19,14,49
16,2,27,0,18,14,49
16,3,28,0,17,13,49
16,4,29,0,16,14,49
16,5,29,0,15,14,49
16,6,29,0,14,10,49
17,1,30,0,13,11,49
17,2,31,0,12,12,49
17,3,32,0,11,13,49
17,4,34,0,10,15,49
17,5,34,0,9,15,49
17,6,35,0,8,15,49
18,1,36,0,7,16,49
18,2,38,0,6,18,49
18,3,38,0,5,18,49
18,4,39,0,4,18,49
18,5,41,0,3,20,49
18,6,42,0,2,21,49
19,1,44,0,1,23,49
19,2,46,0,0,23,49
19,3,47,0,-1,23,49
19,4,48,0,-2,24,49
19,5,49,0,-3,25,49
19,6,49,0,-4,25,49
0,1,0,0,119,0,81
0,2,0,0,118,0,81
0,3,0,0,117,0,81
0,4,0,0,116,0,81
0,5,1,0,115,1,81
0,6,1,0,114,1,81
1,1,3,0,113,3,81
1,2,3,0,112,3,81
1,3,3,0,111,3,81
1,4,3,0,110,3,81
1,5,7,0,109,7,81
1,6,9,0,108,9,81
2,1,10,0,107,10,81
2,2,11,0,106,11,81
2,3,11,0,105,11,81
2,4,11,0,104,11,81
2,5,11,0,103,11,81
2,6,11,0,102,11,81
3,1,11,0,101,11,81
3,2,11,0,100,11,81
3,3,11,0,99,11,81
3,4,11,0,98,11,81
3,5,11,0,97,11,81
3,6,12,0,96,12,81
4,1,13,0,95,13,81
4,2,13,0,94,13,81
4,3,13,0,93,13,81
4,4,18,0,92,18,81
4,5,18,0,91,18,81
4,6,18,0,90,18,81
4,7,20,0,89,20,81
5,1,20,0,88,20,81
5,2,20,0,87,20,81
5,3,20,0,86,20,81
5,4,21,0,85,20,81
5,5,21,0,84,20,81
5,6,21,0,83,18,81
6,1,21,0,82,18,81
6,2,25,0,81,22,81
6,3,27,0,80,24,81
6,4,27,0,79,20,81
6,5,27,0,78,18,81
6,6,27,0,77,17,81
7,1,27,0,76,16,81
7,2,28,0,75,17,81
7,3,28,0,74,17,81
7,4,32,0,73,21,81
7,5,34,0,72,23,81
7,6,34,0,71,23,81
8,1,35,0,70,24,81
8,2,35,0,69,24,81
8,3,36,0,68,25,81
8,4,37,0,67,26,81
8,5,37,0,66,25,81
8,6,38,0,65,25,81
9,1,38,0,64,25,81
9,2,38,0,63,25,81
9,3,38,0,62,20,81
9,4,38,0,61,20,81
9,5,38,0,60,20,81
9,6,39,0,59,19,81
10,1,39,0,58,19,81
10,2,39,0,57,19,81
10,3,41,0,56,21,81
10,4,42,0,55,21,81
10,5,42,0,54,21,81
10,6,43,0,53,22,81
10,7,43,0,52,22,81
11,1,43,0,51,18,81
11,2,43,0,50,16,81
11,3,43,0,49,16,81
11,4,43,0,48,16,81
11,5,47,0,47,20,81
11,6,47,0,46,20,81
12,1,47,0,45,19,81
12,2,47,0,44,19,81
12,3,47,0,43,15,81
12,4,48,0,42,14,81
12,5,48,0,41,14,81
12,6,48,0,40,13,81
13,1,52,0,39,17,81
13,2,54,0,38,18,81
13,3,55,0,37,18,81
13,4,56,0,36,19,81
13,5,56,0,35,18,81
13,6,56,0,34,18,81
14,1,58,0,33,20,81
14,2,59,0,32,21,81
14,3,60,0,31,22,81
14,4,60,0,30,22,81
14,5,61,0,29,22,81
14,6,62,0,28,23,81
15,1,62,0,27,23,81
15,2,62,0,26,21,81
15,3,62,0,25,20,81
15,4,62,0,24,20,81
15,5,62,0,23,19,81
15,6,62,0,22,19,81
16,1,62,0,21,19,81
16,2,64,0,20,21,81
16,3,65,0,19,22,81
16,4,68,0,18,25,81
16,5,68,0,17,21,81
16,6,69,0,16,22,81
16,7,69,0,15,22,81
16,8,70,0,14,23,81
17,1,70,0,13,23,81
17,2,70,0,12,22,81
17,3,70,0,11,22,81
17,4,70,0,10,22,81
17,5,71,0,9,19,81
17,6,73,0,8,19,81
17,7,73,0,7,18,81
18,1,73,0,6,17,81
18,2,73,0,5,17,81
18,3,74,0,4,18,81
18,4,74,0,3,16,81
18,5,74,0,2,15,81
18,6,76,0,1,16,81
19,1,76,0,0,16,81
19,2,77,0,-1,16,81
19,3,77,0,-2,15,81
19,4,79,0,-3,17,81
19,5,80,0,-4,18,81
19,6,81,0,-5,19,81
0,1,4,0,119,4,46
0,2,4,0,118,4,46
0,3,4,0,117,4,46
0,4,8,0,116,8,46
0,5,8,0,115,8,46
0,6,10,0,114,10,46
0,7,10,0,113,10,46
1,1,10,0,112,10,46
1,2,10,0,111,10,46
1,3,12,0,110,12,46
1,4,13,0,109,13,46
1,5,13,0,108,13,46
1,6,13,0,107,13,46
2,1,13,0,106,13,46
2,2,13,0,105,13,46
2,3,13,0,104,13,46
2,4,13,0,103,13,46
2,5,13,0,102,13,46
2,6,13,0,101,13,46
3,1,13,0,100,13,46
3,2,13,0,99,13,46
3,3,15,0,98,15,46
3,4,15,0,97,15,46
3,5,15,0,96,15,46
3,6,15,0,95,15,46
4,1,16,0,94,16,46
4,2,16,0,93,16,46
4,3,16,0,92,16,46
4,4,16,0,91,16,46
4,5,16,0,90,16,46
4,6,18,0,89,14,46
4,7,19,0,88,15,46
4,8,19,0,87,15,46
5,1,19,0,86,11,46
5,2,19,0,85,11,46
5,3,19,0,84,9,46
5,4,20,0,83,10,46
5,5,20,0,82,10,46
5,6,20,0,81,10,46
6,1,20,0,80,8,46
6,2,20,0,79,7,46
6,3,20,0,78,7,46
6,4,20,0,77,7,46
6,5,20,0,76,7,46
6,6,20,0,75,7,46
7,1,20,0,74,7,46
7,2,20,0,73,7,46
7,3,20,0,72,7,46
7,4,20,0,71,7,46
7,5,20,0,70,7,46
7,6,20,0,69,7,46
8,1,22,0,68,7,46
8,2,22,0,67,7,46
8,3,22,0,66,7,46
8,4,22,0,65,7,46
8,5,22,0,64,6,46
8,6,22,0,63,6,46
9,1,26,0,62,10,46
9,2,27,0,61,11,46
9,3,27,0,60,11,46
9,4,27,0,59,9,46
9,5,28,0,58,9,46
9,6,28,0,57,9,46
10,1,29,0,56,10,46
10,2,30,0,55,11,46
10,3,30,0,54,11,46
10,4,31,0,53,11,46
10,5,32,0,52,12,46
10,6,32,0,51,12,46
10,7,32,0,50,12,46
11,1,33,0,49,13,46
11,2,33,0,48,13,46
11,3,33,0,47,13,46
11,4,33,0,46,13,46
11,5,33,0,45,13,46
11,6,33,0,44,13,46
12,1,33,0,43,13,46
12,2,34,0,42,14,46
12,3,34,0,41,14,46
12,4,34,0,40,14,46
12,5,34,0,39,14,46
12,6,34,0,38,12,46
13,1,35,0,37,13,46
13,2,35,0,36,13,46
13,3,36,0,35,14,46
13,4,38,0,34,16,46
13,5,38,0,33,16,46
13,6,38,0,32,12,46
14,1,38,0,31,11,46
14,2,38,0,30,11,46
14,3,39,0,29,12,46
14,4,39,0,28,11,46
14,5,39,0,27,11,46
14,6,40,0,26,11,46
15,1,41,0,25,11,46
15,2,42,0,24,12,46
15,3,43,0,23,12,46
15,4,44,0,22,12,46
15,5,44,0,21,12,46
15,6,45,0,20,13,46
16,1,45,0,19,12,46
16,2,45,0,18,12,46
16,3,45,0,17,12,46
16,4,45,0,16,12,46
16,5,45,0,15,12,46
16,6,45,0,14,12,46
17,1,45,0,13,12,46
17,2,46,0,12,12,46
17,3,46,0,11,12,46
0,1,0,0,119,0,79
0,2,0,0,118,0,79
0,3,0,0,117,0,79
0,4,0,0,116,0,79
0,5,0,0,115,0,79
0,6,0,0,114,0,79
1,1,0,0,113,0,79
1,2,0,0,112,0,79
1,3,0,0,111,0,79
1,4,1,0,110,1,79
1,5,1,0,109,1,79
1,6,1,0,108,1,79
2,1,1,0,107,1,79
2,2,1,0,106,1,79
2,3,1,0,105,1,79
2,4,1,0,104,1,79
2,5,1,0,103,1,79
2,6,1,0,102,1,79
3,1,1,0,101,1,79
3,2,1,0,100,1,79
3,3,3,0,99,3,79
3,4,3,0,98,3,79
3,5,3,0,97,3,79
3,6,3,0,96,3,79
4,1,4,0,95,4,79
4,2,4,0,94,4,79
4,3,4,0,93,4,79
4,4,8,0,92,8,79
4,5,8,0,91,8,79
4,6,8,0,90,8,79
5,1,9,0,89,9,79
5,2,10,0,88,10,79
5,3,10,0,87,10,79
5,4,10,0,86,10,79
5,5,10,0,85,10,79
5,6,10,0,84,10,79
5,7,10,0,83,10,79
6,1,11,0,82,11,79
6,2,11,0,81,11,79
6,3,11,0,80,10,79
6,4,12,0,79,11,79
6,5,13,0,78,12,79
6,6,13,0,77,12,79
6,7,14,0,76,13,79
6,8,16,0,75,15,79
7,1,16,0,74,15,79
7,2,20,0,73,19,79
7,3,20,0,72,19,79
7,4,21,0,71,20,79
7,5,21,0,70,20,79
7,6,25,0,69,22,79
8,1,29,0,68,26,79
8,2,30,0,67,27,79
8,3,30,0,66,27,79
8,4,34,0,65,30,79
8,5,35,0,64,31,79
8,6,35,0,63,31,79
9,1,37,0,62,29,79
9,2,37,0,61,29,79
9,3,38,0,60,30,79
9,4,38,0,59,29,79
9,5,38,0,58,28,79
9,6,39,0,57,29,79
9,7,39,0,56,29,79
10,1,39,0,55,29,79
10,2,39,0,54,29,79
10,3,39,0,53,29,79
10,4,39,0,52,28,79
10,5,39,0,51,28,79
10,6,39,0,50,28,79
11,1,40,0,49,28,79
11,2,44,0,48,31,79
11,3,44,0,47,31,79
11,4,44,0,46,30,79
11,5,44,0,45,28,79
11,6,44,0,44,28,79
12,1,44,0,43,24,79
12,2,44,0,42,24,79
12,3,45,0,41,24,79
12,4,46,0,40,25,79
12,5,46,0,39,21,79
12,6,46,0,38,17,79
13,1,47,0,37,17,79
13,2,47,0,36,17,79
13,3,47,0,35,13,79
13,4,47,0,34,12,79
13,5,51,0,33,16,79
13,6,51,0,32,14,79
14,1,55,0,31,18,79
14,2,56,0,30,18,79
14,3,56,0,29,18,79
14,4,57,0,28,19,79
14,5,58,0,27,19,79
14,6,62,0,26,23,79
14,7,62,0,25,23,79
15,1,62,0,24,23,79
15,2,62,0,23,23,79
15,3,66,0,22,27,79
15,4,66,0,21,27,79
15,5,66,0,20,27,79
15,6,66,0,19,26,79
16,1,66,0,18,22,79
16,2,67,0,17,23,79
16,3,67,0,16,23,79
16,4,67,0,15,23,79
16,5,67,0,14,23,79
16,6,67,0,13,23,79
17,1,68,0,12,24,79
17,2,68,0,11,23,79
17,3,72,0,10,26,79
17,4,72,0,9,26,79
17,5,72,0,8,26,79
17,6,72,0,7,25,79
18,1,72,0,6,25,79
18,2,72,0,5,25,79
18,3,73,0,4,26,79
18,4,73,0,3,22,79
18,5,74,0,2,23,79
18,6,74,0,1,19,79
18,7,75,0,0,19,79
19,1,77,0,-1,21,79
19,2,78,0,-2,21,79
19,3,78,0,-3,20,79
19,4,78,0,-4,16,79
19,5,78,0,-5,16,79
19,6,79,0,-6,17,79
0,1,1,0,119,1,83
0,2,2,0,118,2,83
0,3,2,0,117,2,83
0,4,2,0,116,2,83
0,5,2,0,115,2,83
0,6,2,0,114,2,83
0,7,4,0,113,4,83
1,1,4,0,112,4,83
1,2,4,0,111,4,83
1,3,4,0,110,4,83
1,4,4,0,109,4,83
1,5,5,0,108,5,83
1,6,5,0,107,5,83
2,1,5,0,106,5,83
2,2,5,0,105,5,83
2,3,5,0,104,5,83
2,4,5,0,103,5,83
2,5,6,0,102,6,83
2,6,10,0,101,10,83
3,1,10,0,100,10,83
3,2,10,0,99,10,83
3,3,11,0,98,11,83
3,4,11,0,97,11,83
3,5,11,0,96,11,83
3,6,11,0,95,11,83
4,1,12,0,94,12,83
4,2,12,0,93,12,83
4,3,12,0,92,12,83
4,4,12,0,91,12,83
4,5,12,0,90,12,83
4,6,12,0,89,11,83
4,7,12,0,88,10,83
5,1,13,0,87,11,83
5,2,13,0,86,11,83
5,3,13,0,85,11,83
5,4,13,0,84,11,83
5,5,13,0,83,9,83
5,6,13,0,82,9,83
6,1,13,0,81,9,83
6,2,14,0,80,10,83
6,3,18,0,79,14,83
6,4,18,0,78,13,83
6,5,18,0,77,13,83
6,6,18,0,76,13,83
7,1,19,0,75,14,83
7,2,19,0,74,14,83
7,3,19,0,73,14,83
7,4,19,0,72,13,83
7,5,19,0,71,9,83
7,6,19,0,70,9,83
7,7,19,0,69,9,83
8,1,19,0,68,8,83
8,2,19,0,67,8,83
8,3,20,0,66,9,83
8,4,20,0,65,9,83
8,5,21,0,64,9,83
8,6,21,0,63,9,83
9,1,22,0,62,10,83
9,2,22,0,61,10,83
9,3,22,0,60,10,83
9,4,23,0,59,11,83
9,5,23,0,58,11,83
9,6,23,0,57,10,83
9,7,23,0,56,10,83
10,1,24,0,55,11,83
10,2,24,0,54,11,83
10,3,25,0,53,12,83
10,4,25,0,52,12,83
10,5,25,0,51,12,83
10,6,25,0,50,11,83
11,1,26,0,49,8,83
11,2,27,0,48,9,83
11,3,28,0,47,10,83
11,4,29,0,46,11,83
11,5,30,0,45,11,83
11,6,32,0,44,13,83
12,1,32,0,43,13,83
12,2,33,0,42,14,83
12,3,33,0,41,14,83
12,4,34,0,40,15,83
12,5,34,0,39,15,83
12,6,34,0,38,15,83
13,1,34,0,37,15,83
13,2,34,0,36,14,83
13,3,34,0,35,14,83
13,4,36,0,34,15,83
13,5,37,0,33,16,83
13,6,37,0,32,15,83
13,7,41,0,31,19,83
14,1,41,0,30,19,83
14,2,41,0,29,18,83
14,3,41,0,28,18,83
14,4,42,0,27,19,83
14,5,42,0,26,19,83
14,6,43,0,25,19,83
15,1,43,0,24,19,83
15,2,44,0,23,19,83
15,3,44,0,22,19,83
15,4,45,0,21,20,83
15,5,46,0,20,21,83
15,6,46,0,19,20,83
16,1,46,0,18,19,83
16,2,46,0,17,18,83
16,3,47,0,16,18,83
16,4,48,0,15,18,83
16,5,49,0,14,17,83
16,6,53,0,13,21,83
17,1,58,0,12,25,83
17,2,60,0,11,27,83
17,3,61,0,10,27,83
17,4,61,0,9,27,83
17,5,61,0,8,27,83
17,6,62,0,7,28,83
17,7,63,0,6,29,83
17,8,63,0,5,29,83
17,9,65,0,4,29,83
18,1,67,0,3,30,83
18,2,67,0,2,30,83
18,3,67,0,1,26,83
18,4,68,0,0,27,83
18,5,72,0,-1,31,83
18,6,72,0,-2,31,83
19,1,72,0,-3,30,83
19,2,72,0,-4,30,83
19,3,76,0,-5,33,83
19,4,77,0,-6,34,83
19,5,81,0,-7,37,83
19,6,82,0,-8,38,83
19,7,83,0,-9,38,83
0,1,0,0,119,0,112
0,2,0,0,118,0,112
0,3,0,0,117,0,112
0,4,0,0,116,0,112
0,5,0,0,115,0,112
0,6,0,0,114,0,112
1,1,0,0,113,0,112
1,2,1,0,112,1,112
1,3,2,0,111,2,112
1,4,3,0,110,3,112
1,5,3,0,109,3,112
1,6,4,0,108,4,112
2,1,5,0,107,5,112
2,2,5,0,106,5,112
2,3,6,0,105,6,112
2,4,6,0,104,6,112
2,5,6,0,103,6,112
2,6,6,0,102,6,112
3,1,6,0,101,6,112
3,2,6,0,100,6,112
3,3,7,0,99,7,112
3,4,7,0,98,7,112
3,5,7,0,97,7,112
3,6,7,0,96,7,112
4,1,9,0,95,9,112
4,2,9,0,94,9,112
4,3,9,0,93,9,112
4,4,11,0,92,11,112
4,5,15,0,91,15,112
4,6,15,0,90,15,112
5,1,15,0,89,15,112
5,2,19,0,88,19,112
5,3,19,0,87,19,112
5,4,19,0,86,19,112
5,5,19,0,85,19,112
5,6,21,0,84,21,112
6,1,22,0,83,22,112
6,2,22,0,82,21,112
6,3,23,0,81,21,112
6,4,23,0,80,20,112
6,5,24,0,79,21,112
6,6,25,0,78,21,112
6,7,26,0,77,21,112
7,1,26,0,76,21,112
7,2,26,0,75,20,112
7,3,26,0,74,20,112
7,4,27,0,73,21,112
7,5,27,0,72,21,112
7,6,29,0,71,23,112
8,1,29,0,70,23,112
8,2,29,0,69,22,112
8,3,30,0,68,23,112
8,4,30,0,67,23,112
8,5,30,0,66,23,112
8,6,31,0,65,22,112
8,7,32,0,64,23,112
9,1,33,0,63,24,112
9,2,33,0,62,22,112
9,3,35,0,61,20,112
9,4,36,0,60,21,112
9,5,37,0,59,22,112
9,6,39,0,58,20,112
9,7,39,0,57,20,112
10,1,39,0,56,20,112
10,2,39,0,55,20,112
10,3,40,0,54,19,112
10,4,40,0,53,18,112
10,5,42,0,52,20,112
10,6,43,0,51,20,112
11,1,44,0,50,21,112
11,2,44,0,49,20,112
11,3,48,0,48,23,112
11,4,48,0,47,22,112
11,5,52,0,46,26,112
11,6,53,0,45,27,112
12,1,53,0,44,27,112
12,2,53,0,43,26,112
12,3,53,0,42,26,112
12,4,53,0,41,24,112
12,5,53,0,40,24,112
12,6,53,0,39,24,112
13,1,53,0,38,23,112
13,2,57,0,37,27,112
13,3,58,0,36,28,112
13,4,59,0,35,28,112
13,5,59,0,34,27,112
13,6,61,0,33,28,112
14,1,61,0,32,28,112
14,2,61,0,31,26,112
14,3,61,0,30,25,112
14,4,62,0,29,25,112
14,5,64,0,28,25,112
14,6,65,0,27,26,112
15,1,69,0,26,30,112
15,2,73,0,25,34,112
15,3,73,0,24,33,112
15,4,74,0,23,34,112
15,5,75,0,22,33,112
15,6,76,0,21,33,112
16,1,77,0,20,33,112
16,2,79,0,19,35,112
16,3,81,0,18,33,112
16,4,85,0,17,37,112
16,5,86,0,16,34,112
16,6,86,0,15,33,112
17,1,86,0,14,33,112
17,2,87,0,13,34,112
17,3,88,0,12,35,112
17,4,92,0,11,39,112
17,5,93,0,10,40,112
17,6,95,0,9,42,112
18,1,96,0,8,43,112
18,2,97,0,7,40,112
18,3,98,0,6,40,112
18,4,99,0,5,40,112
18,5,100,0,4,41,112
18,6,101,0,3,40,112
19,1,101,0,2,40,112
19,2,101,0,1,40,112
19,3,105,0,0,44,112
19,4,109,0,-1,47,112
19,5,111,0,-2,47,112
19,6,112,0,-3,47,112
0,1,0,0,119,0,184
0,2,0,0,118,0,184
0,3,1,0,117,1,184
0,4,2,0,116,2,184
0,5,3,0,115,3,184
0,6,4,0,114,4,184
0,7,4,0,113,4,184
1,1,4,0,112,4,184
1,2,4,0,111,4,184
1,3,7,0,110,7,184
1,4,7,0,109,7,184
1,5,8,0,108,8,184
1,6,9,0,107,9,184
2,1,10,0,106,10,184
2,2,11,0,105,11,184
2,3,11,0,104,11,184
2,4,16,0,103,16,184
2,5,20,0,102,20,184
2,6,21,0,101,21,184
2,7,22,0,100,22,184
3,1,22,0,99,22,184
3,2,26,0,98,26,184
3,3,26,0,97,26,184
3,4,27,0,96,27,184
3,5,27,0,95,27,184
3,6,27,0,94,27,184
4,1,27,0,93,27,184
4,2,31,0,92,31,184
4,3,31,0,91,31,184
4,4,35,0,90,35,184
4,5,35,0,89,35,184
4,6,35,0,88,35,184
5,1,35,0,87,34,184
5,2,37,0,86,35,184
5,3,38,0,85,35,184
5,4,38,0,84,34,184
5,5,38,0,83,34,184
5,6,38,0,82,34,184
6,1,38,0,81,34,184
6,2,39,0,80,32,184
6,3,39,0,79,32,184
6,4,41,0,78,33,184
6,5,41,0,77,32,184
6,6,43,0,76,33,184
7,1,44,0,75,33,184
7,2,44,0,74,33,184
7,3,45,0,73,29,184
7,4,45,0,72,25,184
7,5,46,0,71,25,184
7,6,47,0,70,25,184
8,1,48,0,69,26,184
8,2,48,0,68,22,184
8,3,50,0,67,24,184
8,4,51,0,66,24,184
8,5,51,0,65,24,184
8,6,52,0,64,25,184
8,7,54,0,63,27,184
9,1,55,0,62,24,184
9,2,55,0,61,24,184
9,3,55,0,60,20,184
9,4,57,0,59,22,184
9,5,58,0,58,23,184
9,6,64,0,57,29,184
10,1,65,0,56,28,184
10,2,66,0,55,28,184
10,3,68,0,54,30,184
10,4,68,0,53,30,184
10,5,70,0,52,32,184
10,6,71,0,51,33,184
10,7,71,0,50,32,184
11,1,72,0,49,33,184
11,2,74,0,48,33,184
11,3,78,0,47,37,184
11,4,79,0,46,36,184
11,5,79,0,45,35,184
11,6,83,0,44,39,184
12,1,83,0,43,38,184
12,2,87,0,42,42,184
12,3,91,0,41,45,184
12,4,93,0,40,46,184
12,5,94,0,39,46,184
12,6,95,0,38,47,184
13,1,96,0,37,46,184
13,2,102,0,36,51,184
13,3,103,0,35,52,184
13,4,104,0,34,52,184
13,5,105,0,33,51,184
13,6,106,0,32,51,184
13,7,107,0,31,52,184
14,1,108,0,30,53,184
14,2,109,0,29,52,184
14,3,110,0,28,52,184
14,4,116,0,27,52,184
14,5,117,0,26,52,184
14,6,119,0,25,53,184
15,1,120,0,24,52,184
15,2,121,0,23,53,184
15,3,125,0,22,55,184
15,4,129,0,21,58,184
15,5,133,0,20,62,184
15,6,134,0,19,62,184
15,7,138,0,18,64,184
16,1,139,0,17,61,184
16,2,139,0,16,60,184
16,3,140,0,15,61,184
16,4,142,0,14,59,184
16,5,146,0,13,63,184
16,6,147,0,12,60,184
17,1,151,0,11,60,184
17,2,152,0,10,59,184
17,3,153,0,9,59,184
17,4,155,0,8,60,184
17,5,156,0,7,60,184
17,6,158,0,6,56,184
18,1,158,0,5,55,184
18,2,158,0,4,54,184
18,3,159,0,3,54,184
18,4,161,0,2,55,184
18,5,162,0,1,55,184
18,6,162,0,0,54,184
19,1,168,0,-1,59,184
19,2,170,0,-2,60,184
19,3,177,0,-3,61,184
19,4,178,0,-4,61,184
19,5,180,0,-5,61,184
19,6,181,0,-6,61,184
19,7,182,0,-7,61,184
19,8,183,0,-8,58,184
19,9,184,0,-9,55,184
0,1,1,0,119,1,129
0,2,1,0,118,1,129
0,3,5,0,117,5,129
0,4,6,0,116,6,129
0,5,7,0,115,7,129
0,6,7,0,114,7,129
0,7,8,0,113,8,129
1,1,8,0,112,8,129
1,2,8,0,111,8,129
1,3,8,0,110,8,129
1,4,8,0,109,8,129
1,5,8,0,108,8,129
1,6,8,0,107,8,129
2,1,9,0,106,9,129
2,2,10,0,105,10,129
2,3,10,0,104,10,129
2,4,11,0,103,11,129
2,5,12,0,102,12,129
2,6,13,0,101,13,129
3,1,13,0,100,13,129
3,2,13,0,99,13,129
3,3,14,0,98,14,129
3,4,15,0,97,15,129
3,5,15,0,96,15,129
3,6,15,0,95,15,129
3,7,15,0,94,15,129
4,1,16,0,93,16,129
4,2,17,0,92,17,129
4,3,17,0,91,17,129
4,4,18,0,90,18,129
4,5,19,0,89,18,129
4,6,20,0,88,19,129
4,7,20,0,87,15,129
5,1,21,0,86,15,129
5,2,21,0,85,14,129
5,3,21,0,84,14,129
5,4,25,0,83,17,129
5,5,26,0,82,18,129
5,6,27,0,81,19,129
5,7,27,0,80,19,129
5,8,27,0,79,19,129
6,1,27,0,78,19,129
6,2,29,0,77,21,129
6,3,31,0,76,22,129
6,4,32,0,75,22,129
6,5,32,0,74,22,129
6,6,32,0,73,21,129
7,1,32,0,72,20,129
7,2,33,0,71,20,129
7,3,34,0,70,21,129
7,4,35,0,69,22,129
7,5,36,0,68,22,129
7,6,40,0,67,25,129
7,7,44,0,66,29,129
8,1,45,0,65,30,129
8,2,45,0,64,30,129
8,3,46,0,63,30,129
8,4,47,0,62,30,129
8,5,48,0,61,31,129
8,6,52,0,60,34,129
9,1,54,0,59,35,129
9,2,55,0,58,35,129
9,3,55,0,57,35,129
9,4,56,0,56,35,129
9,5,57,0,55,36,129
9,6,57,0,54,36,129
10,1,58,0,53,33,129
10,2,58,0,52,32,129
10,3,60,0,51,33,129
10,4,60,0,50,33,129
10,5,64,0,49,37,129
10,6,64,0,48,37,129
11,1,64,0,47,35,129
11,2,65,0,46,34,129
11,3,69,0,45,37,129
11,4,73,0,44,41,129
11,5,75,0,43,43,129
11,6,76,0,42,44,129
12,1,77,0,41,44,129
12,2,78,0,40,44,129
12,3,79,0,39,44,129
12,4,83,0,38,47,129
12,5,84,0,37,44,129
12,6,88,0,36,44,129
13,1,89,0,35,44,129
13,2,93,0,34,48,129
13,3,93,0,33,47,129
13,4,94,0,32,47,129
13,5,94,0,31,46,129
13,6,94,0,30,42,129
14,1,94,0,29,40,129
14,2,96,0,28,41,129
14,3,97,0,27,42,129
14,4,99,0,26,43,129
14,5,100,0,25,43,129
14,6,101,0,24,44,129
15,1,102,0,23,44,129
15,2,102,0,22,44,129
15,3,102,0,21,42,129
15,4,103,0,20,43,129
15,5,103,0,19,39,129
15,6,104,0,18,40,129
16,1,105,0,17,41,129
16,2,106,0,16,41,129
16,3,107,0,15,38,129
16,4,108,0,14,35,129
16,5,109,0,13,34,129
16,6,109,0,12,33,129
17,1,109,0,11,32,129
17,2,110,0,10,32,129
17,3,110,0,9,31,129
17,4,111,0,8,28,129
17,5,112,0,7,28,129
17,6,112,0,6,24,129
18,1,113,0,5,24,129
18,2,114,0,4,21,129
18,3,114,0,3,21,129
18,4,116,0,2,22,129
18,5,118,0,1,24,129
18,6,120,0,0,26,129
18,7,120,0,-1,26,129
19,1,122,0,-2,26,129
19,2,123,0,-3,26,129
19,3,124,0,-4,25,129
19,4,125,0,-5,25,129
19,5,125,0,-6,24,129
19,6,129,0,-7,27,129
0,1,0,0,119,0,97
0,2,1,0,118,1,97
0,3,2,0,117,2,97
0,4,2,0,116,2,97
0,5,2,0,115,2,97
0,6,3,0,114,3,97
1,1,3,0,113,3,97
1,2,3,0,112,3,97
1,3,4,0,111,4,97
1,4,4,0,110,4,97
1,5,6,0,109,6,97
1,6,6,0,108,6,97
1,7,9,0,107,9,97
2,1,9,0,106,9,97
2,2,10,0,105,10,97
2,3,11,0,104,11,97
2,4,11,0,103,11,97
2,5,12,0,102,12,97
2,6,12,0,101,12,97
2,7,13,0,100,13,97
2,8,13,0,99,13,97
2,9,13,0,98,13,97
3,1,13,0,97,13,97
3,2,14,0,96,14,97
3,3,15,0,95,15,97
3,4,16,0,94,16,97
3,5,16,0,93,16,97
3,6,17,0,92,17,97
3,7,18,0,91,18,97
4,1,18,0,90,18,97
4,2,18,0,89,18,97
4,3,18,0,88,17,97
4,4,18,0,87,16,97
4,5,20,0,86,18,97
4,6,21,0,85,19,97
4,7,22,0,84,19,97
4,8,24,0,83,21,97
4,9,24,0,82,21,97
5,1,24,0,81,20,97
5,2,24,0,80,20,97
5,3,24,0,79,18,97
5,4,25,0,78,19,97
5,5,25,0,77,16,97
5,6,25,0,76,16,97
6,1,25,0,75,15,97
6,2,26,0,74,15,97
6,3,26,0,73,15,97
6,4,27,0,72,15,97
6,5,27,0,71,15,97
6,6,27,0,70,14,97
7,1,27,0,69,14,97
7,2,28,0,68,15,97
7,3,28,0,67,15,97
7,4,29,0,66,15,97
7,5,30,0,65,15,97
7,6,30,0,64,14,97
7,7,30,0,63,14,97
8,1,30,0,62,13,97
8,2,30,0,61,12,97
8,3,31,0,60,13,97
8,4,31,0,59,13,97
8,5,32,0,58,14,97
8,6,32,0,57,14,97
8,7,32,0,56,12,97
9,1,32,0,55,11,97
9,2,32,0,54,10,97
9,3,33,0,53,9,97
9,4,33,0,52,9,97
9,5,33,0,51,9,97
9,6,34,0,50,10,97
10,1,35,0,49,11,97
10,2,36,0,48,11,97
10,3,36,0,47,11,97
10,4,40,0,46,15,97
10,5,40,0,45,15,97
10,6,41,0,44,15,97
11,1,41,0,43,15,97
11,2,41,0,42,14,97
11,3,41,0,41,14,97
11,4,43,0,40,16,97
11,5,43,0,39,16,97
11,6,43,0,38,15,97
12,1,44,0,37,16,97
12,2,48,0,36,19,97
12,3,48,0,35,18,97
12,4,49,0,34,19,97
12,5,50,0,33,20,97
12,6,52,0,32,22,97
12,7,52,0,31,22,97
13,1,53,0,30,22,97
13,2,53,0,29,22,97
13,3,53,0,28,21,97
13,4,54,0,27,22,97
13,5,55,0,26,23,97
13,6,56,0,25,24,97
14,1,57,0,24,25,97
14,2,61,0,23,28,97
14,3,63,0,22,30,97
14,4,64,0,21,31,97
14,5,65,0,20,31,97
14,6,66,0,19,31,97
14,7,66,0,18,30,97
15,1,67,0,17,31,97
15,2,68,0,16,28,97
15,3,68,0,15,28,97
15,4,70,0,14,29,97
15,5,70,0,13,29,97
15,6,72,0,12,31,97
15,7,72,0,11,31,97
16,1,73,0,10,30,97
16,2,74,0,9,31,97
16,3,74,0,8,31,97
16,4,75,0,7,31,97
16,5,78,0,6,30,97
16,6,79,0,5,31,97
16,7,81,0,4,32,97
17,1,82,0,3,32,97
17,2,82,0,2,30,97
17,3,83,0,1,31,97
17,4,85,0,0,32,97
17,5,86,0,-1,33,97
17,6,86,0,-2,33,97
17,7,87,0,-3,33,97
18,1,88,0,-4,33,97
18,2,89,0,-5,33,97
18,3,89,0,-6,32,97
18,4,90,0,-7,29,97
18,5,92,0,-8,29,97
18,6,92,0,-9,28,97
19,1,92,0,-10,27,97
19,2,92,0,-11,26,97
19,3,94,0,-12,28,97
19,4,96,0,-13,29,97
19,5,96,0,-14,28,97
19,6,97,0,-15,29,97
0,1,0,0,119,0,87
0,2,0,0,118,0,87
0,3,4,0,117,4,87
0,4,4,0,116,4,87
0,5,4,0,115,4,87
0,6,4,0,114,4,87
1,1,4,0,113,4,87
1,2,6,0,112,6,87
1,3,6,0,111,6,87
1,4,7,0,110,7,87
1,5,8,0,109,8,87
1,6,8,0,108,8,87
1,7,8,0,107,8,87
1,8,8,0,106,8,87
2,1,9,0,105,9,87
2,2,9,0,104,9,87
2,3,10,0,103,10,87
2,4,10,0,102,10,87
2,5,10,0,101,10,87
2,6,10,0,100,10,87
2,7,10,0,99,10,87
3,1,10,0,98,10,87
3,2,12,0,97,12,87
3,3,12,0,96,12,87
3,4,12,0,95,12,87
3,5,13,0,94,13,87
3,6,13,0,93,13,87
3,7,17,0,92,17,87
4,1,18,0,91,18,87
4,2,19,0,90,19,87
4,3,20,0,89,20,87
4,4,20,0,88,20,87
4,5,21,0,87,17,87
4,6,21,0,86,17,87
5,1,21,0,85,17,87
5,2,22,0,84,18,87
5,3,22,0,83,18,87
5,4,23,0,82,17,87
5,5,23,0,81,17,87
5,6,23,0,80,16,87
5,7,24,0,79,16,87
6,1,24,0,78,16,87
6,2,24,0,77,16,87
6,3,25,0,76,17,87
6,4,25,0,75,16,87
6,5,25,0,74,16,87
6,6,29,0,73,19,87
7,1,29,0,72,19,87
7,2,29,0,71,19,87
7,3,29,0,70,19,87
7,4,29,0,69,19,87
7,5,30,0,68,20,87
7,6,31,0,67,19,87
7,7,32,0,66,20,87
8,1,32,0,65,20,87
8,2,34,0,64,21,87
8,3,34,0,63,21,87
8,4,36,0,62,19,87
8,5,36,0,61,18,87
8,6,36,0,60,17,87
9,1,36,0,59,16,87
9,2,36,0,58,16,87
9,3,37,0,57,16,87
9,4,37,0,56,16,87
9,5,38,0,55,17,87
9,6,39,0,54,17,87
9,7,40,0,53,18,87
9,8,40,0,52,17,87
10,1,40,0,51,17,87
10,2,41,0,50,18,87
10,3,41,0,49,17,87
10,4,41,0,48,17,87
10,5,42,0,47,18,87
10,6,43,0,46,18,87
11,1,44,0,45,19,87
11,2,45,0,44,20,87
11,3,45,0,43,16,87
11,4,46,0,42,17,87
11,5,47,0,41,18,87
11,6,48,0,40,19,87
11,7,49,0,39,20,87
12,1,50,0,38,20,87
12,2,50,0,37,19,87
12,3,50,0,36,18,87
12,4,51,0,35,19,87
12,5,52,0,34,18,87
12,6,52,0,33,18,87
13,1,52,0,32,16,87
13,2,52,0,31,16,87
13,3,52,0,30,16,87
13,4,52,0,29,16,87
13,5,52,0,28,16,87
13,6,53,0,27,16,87
14,1,55,0,26,18,87
14,2,56,0,25,18,87
14,3,56,0,24,17,87
14,4,57,0,23,17,87
14,5,58,0,22,18,87
14,6,59,0,21,19,87
15,1,59,0,20,18,87
15,2,59,0,19,18,87
15,3,60,0,18,19,87
15,4,64,0,17,22,87
15,5,65,0,16,22,87
15,6,66,0,15,22,87
16,1,66,0,14,21,87
16,2,66,0,13,21,87
16,3,66,0,12,20,87
16,4,66,0,11,19,87
16,5,67,0,10,19,87
16,6,67,0,9,18,87
17,1,67,0,8,17,87
17,2,71,0,7,21,87
17,3,72,0,6,22,87
17,4,73,0,5,22,87
17,5,74,0,4,22,87
17,6,75,0,3,23,87
18,1,76,0,2,24,87
18,2,76,0,1,24,87
18,3,78,0,0,26,87
18,4,78,0,-1,26,87
18,5,78,0,-2,26,87
18,6,78,0,-3,25,87
19,1,79,0,-4,24,87
19,2,80,0,-5,24,87
19,3,81,0,-6,25,87
19,4,82,0,-7,25,87
19,5,84,0,-8,26,87
19,6,85,0,-9,26,87
19,7,86,0,-10,27,87
19,8,87,0,-11,28,87
0,1,0,0,119,0,78
0,2,0,0,118,0,78
0,3,0,0,117,0,78
0,4,1,0,116,1,78
0,5,1,0,115,1,78
0,6,1,0,114,1,78
1,1,1,0,113,1,78
1,2,1,0,112,1,78
1,3,1,0,111,1,78
1,4,2,0,110,2,78
1,5,2,0,109,2,78
1,6,2,0,108,2,78
1,7,5,0,107,5,78
2,1,5,0,106,5,78
2,2,5,0,105,5,78
2,3,6,0,104,6,78
2,4,6,0,103,6,78
2,5,6,0,102,6,78
2,6,6,0,101,6,78
3,1,7,0,100,7,78
3,2,7,0,99,7,78
3,3,7,0,98,7,78
3,4,11,0,97,11,78
3,5,11,0,96,11,78
3,6,12,0,95,12,78
4,1,13,0,94,13,78
4,2,13,0,93,13,78
4,3,17,0,92,17,78
4,4,21,0,91,21,78
4,5,22,0,90,22,78
4,6,23,0,89,23,78
5,1,23,0,88,23,78
5,2,24,0,87,24,78
5,3,25,0,86,24,78
5,4,25,0,85,24,78
5,5,25,0,84,24,78
5,6,26,0,83,25,78
6,1,26,0,82,25,78
6,2,26,0,81,25,78
6,3,26,0,80,24,78
6,4,27,0,79,25,78
6,5,27,0,78,25,78
6,6,28,0,77,23,78
7,1,29,0,76,24,78
7,2,31,0,75,26,78
7,3,32,0,74,26,78
7,4,33,0,73,27,78
7,5,34,0,72,28,78
7,6,35,0,71,29,78
7,7,36,0,70,29,78
7,8,36,0,69,29,78
8,1,38,0,68,31,78
8,2,39,0,67,28,78
8,3,40,0,66,29,78
8,4,41,0,65,29,78
8,5,41,0,64,28,78
8,6,41,0,63,28,78
9,1,41,0,62,24,78
9,2,41,0,61,20,78
9,3,43,0,60,21,78
9,4,45,0,59,22,78
9,5,46,0,58,23,78
9,6,47,0,57,23,78
10,1,47,0,56,22,78
10,2,47,0,55,22,78
10,3,49,0,54,24,78
10,4,50,0,53,24,78
10,5,52,0,52,26,78
10,6,52,0,51,26,78
11,1,52,0,50,26,78
11,2,52,0,49,25,78
11,3,52,0,48,25,78
11,4,52,0,47,24,78
11,5,52,0,46,23,78
11,6,56,0,45,25,78
12,1,56,0,44,24,78
12,2,56,0,43,23,78
12,3,56,0,42,22,78
12,4,56,0,41,21,78
12,5,57,0,40,21,78
12,6,58,0,39,22,78
13,1,59,0,38,21,78
13,2,59,0,37,20,78
13,3,59,0,36,19,78
13,4,59,0,35,18,78
13,5,60,0,34,19,78
13,6,61,0,33,20,78
13,7,61,0,32,20,78
14,1,61,0,31,20,78
14,2,61,0,30,18,78
14,3,62,0,29,17,78
14,4,62,0,28,16,78
14,5,62,0,27,15,78
14,6,62,0,26,15,78
15,1,62,0,25,15,78
15,2,63,0,24,14,78
15,3,63,0,23,13,78
15,4,63,0,22,11,78
15,5,65,0,21,13,78
15,6,66,0,20,14,78
16,1,66,0,19,14,78
16,2,66,0,18,14,78
16,3,66,0,17,14,78
16,4,66,0,16,14,78
16,5,66,0,15,10,78
16,6,69,0,14,13,78
17,1,70,0,13,14,78
17,2,70,0,12,14,78
17,3,70,0,11,14,78
17,4,70,0,10,13,78
17,5,70,0,9,12,78
17,6,70,0,8,11,78
17,7,70,0,7,11,78
18,1,71,0,6,12,78
18,2,73,0,5,14,78
18,3,73,0,4,13,78
18,4,73,0,3,12,78
18,5,75,0,2,14,78
18,6,75,0,1,14,78
19,1,75,0,0,14,78
19,2,76,0,-1,14,78
19,3,76,0,-2,14,78
19,4,77,0,-3,15,78
19,5,78,0,-4,16,78
19,6,78,0,-5,16,78
0,1,0,0,119,0,71
0,2,0,0,118,0,71
0,3,0,0,117,0,71
0,4,0,0,116,0,71
0,5,2,0,115,2,71
0,6,2,0,114,2,71
0,7,2,0,113,2,71
1,1,3,0,112,3,71
1,2,3,0,111,3,71
1,3,3,0,110,3,71
1,4,4,0,109,4,71
1,5,4,0,108,4,71
1,6,5,0,107,5,71
1,7,5,0,106,5,71
1,8,5,0,105,5,71
2,1,6,0,104,6,71
2,2,6,0,103,6,71
2,3,6,0,102,6,71
2,4,6,0,101,6,71
2,5,6,0,100,6,71
2,6,10,0,99,10,71
3,1,10,0,98,10,71
3,2,11,0,97,11,71
3,3,13,0,96,13,71
3,4,13,0,95,13,71
3,5,13,0,94,13,71
3,6,13,0,93,13,71
4,1,13,0,92,13,71
4,2,13,0,91,13,71
4,3,15,0,90,15,71
4,4,15,0,89,15,71
4,5,15,0,88,15,71
4,6,15,0,87,15,71
5,1,15,0,86,15,71
5,2,16,0,85,14,71
5,3,18,0,84,16,71
5,4,18,0,83,16,71
5,5,18,0,82,15,71
5,6,22,0,81,19,71
5,7,22,0,80,19,71
6,1,22,0,79,18,71
6,2,22,0,78,18,71
6,3,22,0,77,17,71
6,4,23,0,76,18,71
6,5,23,0,75,18,71
6,6,23,0,74,17,71
6,7,23,0,73,17,71
7,1,23,0,72,17,71
7,2,23,0,71,17,71
7,3,23,0,70,17,71
7,4,27,0,69,17,71
7,5,27,0,68,17,71
7,6,28,0,67,17,71
8,1,28,0,66,15,71
8,2,29,0,65,16,71
8,3,29,0,64,16,71
8,4,32,0,63,19,71
8,5,33,0,62,20,71
8,6,33,0,61,20,71
9,1,33,0,60,18,71
9,2,33,0,59,18,71
9,3,33,0,58,18,71
9,4,34,0,57,19,71
9,5,34,0,56,19,71
9,6,35,0,55,19,71
9,7,35,0,54,17,71
10,1,36,0,53,18,71
10,2,36,0,52,18,71
10,3,36,0,51,14,71
10,4,36,0,50,14,71
10,5,37,0,49,15,71
10,6,37,0,48,15,71
11,1,37,0,47,15,71
11,2,39,0,46,16,71
11,3,39,0,45,16,71
11,4,39,0,44,16,71
11,5,39,0,43,16,71
11,6,39,0,42,16,71
12,1,39,0,41,16,71
12,2,39,0,40,16,71
12,3,40,0,39,13,71
12,4,40,0,38,13,71
12,5,40,0,37,12,71
12,6,41,0,36,13,71
12,7,42,0,35,13,71
12,8,42,0,34,13,71
13,1,42,0,33,10,71
13,2,42,0,32,9,71
13,3,43,0,31,10,71
13,4,43,0,30,10,71
13,5,43,0,29,10,71
13,6,47,0,28,14,71
14,1,48,0,27,14,71
14,2,48,0,26,14,71
14,3,48,0,25,13,71
14,4,49,0,24,14,71
14,5,49,0,23,13,71
14,6,49,0,22,13,71
15,1,49,0,21,13,71
15,2,49,0,20,13,71
15,3,50,0,19,13,71
15,4,50,0,18,13,71
15,5,51,0,17,14,71
15,6,53,0,16,14,71
16,1,54,0,15,15,71
16,2,54,0,14,15,71
16,3,55,0,13,16,71
16,4,59,0,12,20,71
16,5,59,0,11,20,71
16,6,59,0,10,20,71
17,1,60,0,9,20,71
17,2,60,0,8,20,71
17,3,60,0,7,20,71
17,4,61,0,6,20,71
17,5,62,0,5,20,71
17,6,62,0,4,20,71
18,1,63,0,3,21,71
18,2,63,0,2,21,71
18,3,63,0,1,20,71
18,4,64,0,0,21,71
18,5,64,0,-1,21,71
18,6,66,0,-2,19,71
18,7,66,0,-3,18,71
19,1,67,0,-4,19,71
19,2,67,0,-5,19,71
19,3,67,0,-6,18,71
19,4,67,0,-7,18,71
19,5,69,0,-8,20,71
19,6,71,0,-9,22,71
0,1,0,0,119,0,58
0,2,0,0,118,0,58
0,3,1,0,117,1,58
0,4,2,0,116,2,58
0,5,4,0,115,4,58
0,6,4,0,114,4,58
0,7,4,0,113,4,58
1,1,5,0,112,5,58
1,2,5,0,111,5,58
1,3,6,0,110,6,58
1,4,7,0,109,7,58
1,5,7,0,108,7,58
1,6,7,0,107,7,58
2,1,8,0,106,8,58
2,2,8,0,105,8,58
2,3,9,0,104,9,58
2,4,11,0,103,11,58
2,5,15,0,102,15,58
2,6,15,0,101,15,58
3,1,15,0,100,15,58
3,2,15,0,99,15,58
3,3,15,0,98,15,58
3,4,15,0,97,15,58
3,5,15,0,96,15,58
3,6,15,0,95,15,58
4,1,15,0,94,15,58
4,2,15,0,93,15,58
4,3,15,0,92,15,58
4,4,15,0,91,15,58
4,5,17,0,90,17,58
4,6,21,0,89,21,58
5,1,21,0,88,21,58
5,2,22,0,87,21,58
5,3,26,0,86,24,58
5,4,26,0,85,22,58
5,5,28,0,84,24,58
5,6,29,0,83,25,58
6,1,29,0,82,24,58
6,2,30,0,81,25,58
6,3,30,0,80,24,58
6,4,30,0,79,23,58
6,5,30,0,78,23,58
6,6,30,0,77,23,58
7,1,32,0,76,24,58
7,2,32,0,75,24,58
7,3,32,0,74,23,58
7,4,33,0,73,22,58
7,5,34,0,72,19,58
7,6,34,0,71,19,58
8,1,34,0,70,19,58
8,2,35,0,69,20,58
8,3,35,0,68,20,58
8,4,35,0,67,20,58
8,5,35,0,66,20,58
8,6,35,0,65,20,58
9,1,36,0,64,21,58
9,2,36,0,63,21,58
9,3,37,0,62,22,58
9,4,37,0,61,22,58
9,5,37,0,60,20,58
9,6,37,0,59,16,58
10,1,38,0,58,17,58
10,2,39,0,57,17,58
10,3,40,0,56,14,58
10,4,40,0,55,14,58
10,5,40,0,54,12,58
10,6,40,0,53,11,58
11,1,42,0,52,13,58
11,2,42,0,51,12,58
11,3,42,0,50,12,58
11,4,42,0,49,12,58
11,5,43,0,48,13,58
11,6,45,0,47,15,58
12,1,45,0,46,13,58
12,2,45,0,45,13,58
12,3,45,0,44,13,58
12,4,45,0,43,12,58
12,5,45,0,42,11,58
12,6,45,0,41,11,58
13,1,46,0,40,12,58
13,2,46,0,39,11,58
13,3,46,0,38,11,58
13,4,46,0,37,11,58
13,5,46,0,36,11,58
13,6,47,0,35,12,58
13,7,47,0,34,11,58
14,1,48,0,33,12,58
14,2,48,0,32,11,58
14,3,48,0,31,11,58
14,4,49,0,30,12,58
14,5,49,0,29,12,58
14,6,49,0,28,11,58
15,1,49,0,27,10,58
15,2,49,0,26,9,58
15,3,49,0,25,9,58
15,4,50,0,24,10,58
15,5,50,0,23,10,58
15,6,51,0,22,9,58
16,1,51,0,21,9,58
16,2,51,0,20,9,58
16,3,51,0,19,9,58
16,4,51,0,18,8,58
16,5,53,0,17,8,58
16,6,53,0,16,8,58
17,1,53,0,15,8,58
17,2,53,0,14,8,58
17,3,54,0,13,9,58
17,4,54,0,12,9,58
17,5,55,0,11,10,58
17,6,55,0,10,9,58
18,1,56,0,9,10,58
18,2,57,0,8,11,58
18,3,57,0,7,11,58
18,4,58,0,6,12,58
18,5,58,0,5,11,58
0,1,0,0,119,0,139
0,2,1,0,118,1,139
0,3,1,0,117,1,139
0,4,2,0,116,2,139
0,5,2,0,115,2,139
0,6,3,0,114,3,139
0,7,4,0,113,4,139
0,8,5,0,112,5,139
0,9,5,0,111,5,139
0,1,5,0,110,5,139
1,1,5,0,109,5,139
1,2,6,0,108,6,139
1,3,7,0,107,7,139
1,4,7,0,106,7,139
1,5,11,0,105,11,139
1,6,12,0,104,12,139
1,7,13,0,103,13,139
1,8,17,0,102,17,139
2,1,21,0,101,21,139
2,2,21,0,100,21,139
2,3,21,0,99,21,139
2,4,21,0,98,21,139
2,5,22,0,97,22,139
2,6,23,0,96,23,139
3,1,24,0,95,24,139
3,2,24,0,94,24,139
3,3,25,0,93,25,139
3,4,25,0,92,25,139
3,5,26,0,91,26,139
3,6,26,0,90,26,139
3,7,27,0,89,27,139
3,8,28,0,88,27,139
4,1,28,0,87,27,139
4,2,28,0,86,26,139
4,3,28,0,85,26,139
4,4,30,0,84,27,139
4,5,34,0,83,30,139
4,6,35,0,82,30,139
5,1,36,0,81,31,139
5,2,37,0,80,32,139
5,3,38,0,79,33,139
5,4,38,0,78,32,139
5,5,39,0,77,32,139
5,6,43,0,76,36,139
5,7,43,0,75,32,139
6,1,45,0,74,33,139
6,2,45,0,73,32,139
6,3,45,0,72,28,139
6,4,45,0,71,24,139
6,5,45,0,70,24,139
6,6,45,0,69,24,139
7,1,47,0,68,26,139
7,2,48,0,67,26,139
7,3,48,0,66,25,139
7,4,48,0,65,24,139
7,5,52,0,64,28,139
7,6,54,0,63,29,139
8,1,54,0,62,29,139
8,2,54,0,61,28,139
8,3,55,0,60,29,139
8,4,55,0,59,28,139
8,5,55,0,58,27,139
8,6,56,0,57,28,139
9,1,57,0,56,29,139
9,2,58,0,55,30,139
9,3,58,0,54,28,139
9,4,58,0,53,24,139
9,5,60,0,52,25,139
9,6,64,0,51,28,139
9,7,64,0,50,27,139
10,1,65,0,49,27,139
10,2,65,0,48,27,139
10,3,66,0,47,27,139
10,4,67,0,46,24,139
10,5,68,0,45,25,139
10,6,69,0,44,24,139
10,7,71,0,43,26,139
11,1,72,0,42,27,139
11,2,73,0,41,28,139
11,3,75,0,40,30,139
11,4,77,0,39,32,139
11,5,77,0,38,30,139
11,6,78,0,37,30,139
12,1,79,0,36,31,139
12,2,80,0,35,32,139
12,3,81,0,34,29,139
12,4,82,0,33,28,139
12,5,83,0,32,29,139
12,6,86,0,31,32,139
12,7,87,0,30,32,139
12,8,87,0,29,32,139
13,1,88,0,28,33,139
13,2,88,0,27,32,139
13,3,89,0,26,32,139
13,4,89,0,25,31,139
13,5,89,0,24,31,139
13,6,93,0,23,35,139
13,7,94,0,22,34,139
14,1,95,0,21,31,139
14,2,95,0,20,31,139
14,3,96,0,19,31,139
14,4,97,0,18,32,139
14,5,97,0,17,31,139
14,6,97,0,16,30,139
15,1,101,0,15,33,139
15,2,103,0,14,34,139
15,3,107,0,13,36,139
15,4,108,0,12,36,139
15,5,112,0,11,39,139
15,6,114,0,10,39,139
16,1,115,0,9,38,139
16,2,115,0,8,38,139
16,3,115,0,7,37,139
16,4,115,0,6,36,139
16,5,115,0,5,35,139
16,6,117,0,4,36,139
17,1,119,0,3,37,139
17,2,120,0,2,37,139
17,3,121,0,1,35,139
17,4,121,0,0,34,139
17,5,122,0,-1,35,139
17,6,125,0,-2,37,139
18,1,126,0,-3,38,139
18,2,127,0,-4,38,139
18,3,128,0,-5,39,139
18,4,129,0,-6,40,139
18,5,130,0,-7,37,139
18,6,130,0,-8,36,139
19,1,131,0,-9,36,139
19,2,133,0,-10,38,139
19,3,135,0,-11,39,139
19,4,139,0,-12,42,139
19,5,139,0,-13,42,139
19,6,139,0,-14,42,139
0,1,1,0,119,1,102
0,2,1,0,118,1,102
0,3,1,0,117,1,102
0,4,5,0,116,5,102
0,5,6,0,115,6,102
0,6,7,0,114,7,102
0,7,12,0,113,12,102
0,8,16,0,112,16,102
1,1,16,0,111,16,102
1,2,16,0,110,16,102
1,3,17,0,109,17,102
1,4,17,0,108,17,102
1,5,18,0,107,18,102
1,6,19,0,106,19,102
1,7,19,0,105,19,102
2,1,19,0,104,19,102
2,2,23,0,103,23,102
2,3,23,0,102,23,102
2,4,23,0,101,23,102
2,5,23,0,100,23,102
2,6,27,0,99,27,102
3,1,27,0,98,27,102
3,2,28,0,97,28,102
3,3,32,0,96,32,102
3,4,33,0,95,33,102
3,5,34,0,94,34,102
3,6,34,0,93,34,102
4,1,34,0,92,34,102
4,2,34,0,91,34,102
4,3,36,0,90,36,102
4,4,36,0,89,35,102
4,5,36,0,88,35,102
4,6,38,0,87,37,102
5,1,38,0,86,33,102
5,2,38,0,85,32,102
5,3,39,0,84,32,102
5,4,39,0,83,27,102
5,5,39,0,82,23,102
5,6,39,0,81,23,102
5,7,40,0,80,24,102
6,1,41,0,79,24,102
6,2,43,0,78,26,102
6,3,43,0,77,25,102
6,4,43,0,76,24,102
6,5,44,0,75,25,102
6,6,45,0,74,26,102
7,1,45,0,73,22,102
7,2,45,0,72,22,102
7,3,45,0,71,22,102
7,4,45,0,70,22,102
7,5,45,0,69,18,102
7,6,45,0,68,18,102
8,1,45,0,67,17,102
8,2,45,0,66,13,102
8,3,45,0,65,12,102
8,4,46,0,64,12,102
8,5,47,0,63,13,102
8,6,48,0,62,14,102
8,7,48,0,61,14,102
9,1,49,0,60,13,102
9,2,49,0,59,13,102
9,3,49,0,58,13,102
9,4,49,0,57,11,102
9,5,49,0,56,11,102
9,6,49,0,55,11,102
10,1,49,0,54,10,102
10,2,49,0,53,10,102
10,3,50,0,52,11,102
10,4,51,0,51,12,102
10,5,51,0,50,11,102
10,6,51,0,49,10,102
10,7,51,0,48,8,102
11,1,51,0,47,8,102
11,2,52,0,46,9,102
11,3,52,0,45,8,102
11,4,52,0,44,7,102
11,5,53,0,43,8,102
11,6,54,0,42,9,102
11,7,54,0,41,9,102
12,1,55,0,40,10,102
12,2,56,0,39,11,102
12,3,57,0,38,12,102
12,4,58,0,37,13,102
12,5,59,0,36,14,102
12,6,60,0,35,15,102
13,1,62,0,34,16,102
13,2,63,0,33,16,102
13,3,64,0,32,16,102
13,4,64,0,31,16,102
13,5,67,0,30,18,102
13,6,68,0,29,19,102
13,7,68,0,28,19,102
13,8,69,0,27,20,102
14,1,69,0,26,20,102
14,2,69,0,25,20,102
14,3,69,0,24,20,102
14,4,70,0,23,21,102
14,5,72,0,22,22,102
14,6,73,0,21,22,102
14,7,73,0,20,22,102
15,1,74,0,19,23,102
15,2,78,0,18,27,102
15,3,79,0,17,28,102
15,4,80,0,16,28,102
15,5,81,0,15,29,102
15,6,82,0,14,30,102
15,7,83,0,13,30,102
15,8,83,0,12,29,102
16,1,84,0,11,30,102
16,2,85,0,10,30,102
16,3,86,0,9,30,102
16,4,88,0,8,31,102
16,5,89,0,7,31,102
16,6,89,0,6,30,102
16,7,89,0,5,29,102
17,1,89,0,4,27,102
17,2,90,0,3,27,102
17,3,90,0,2,26,102
17,4,90,0,1,26,102
17,5,91,0,0,24,102
17,6,91,0,-1,23,102
18,1,92,0,-2,24,102
18,2,96,0,-3,27,102
18,3,96,0,-4,27,102
18,4,97,0,-5,28,102
18,5,99,0,-6,30,102
18,6,99,0,-7,29,102
19,1,100,0,-8,28,102
19,2,100,0,-9,27,102
19,3,102,0,-10,29,102
19,4,102,0,-11,28,102
19,5,102,0,-12,24,102
19,6,102,0,-13,23,102
0,1,0,0,119,0,117
0,2,0,0,118,0,117
0,3,2,0,117,2,117
0,4,2,0,116,2,117
0,5,2,0,115,2,117
0,6,3,0,114,3,117
0,7,3,0,113,3,117
1,1,3,0,112,3,117
1,2,3,0,111,3,117
1,3,5,0,110,5,117
1,4,5,0,109,5,117
1,5,9,0,108,9,117
1,6,9,0,107,9,117
2,1,10,0,106,10,117
2,2,10,0,105,10,117
2,3,11,0,104,11,117
2,4,11,0,103,11,117
2,5,15,0,102,15,117
2,6,15,0,101,15,117
3,1,15,0,100,15,117
3,2,16,0,99,16,117
3,3,17,0,98,17,117
3,4,17,0,97,17,117
3,5,17,0,96,17,117
3,6,18,0,95,18,117
3,7,19,0,94,19,117
4,1,19,0,93,19,117
4,2,19,0,92,19,117
4,3,19,0,91,19,117
4,4,19,0,90,19,117
4,5,19,0,89,19,117
4,6,19,0,88,19,117
5,1,19,0,87,17,117
5,2,19,0,86,17,117
5,3,19,0,85,17,117
5,4,20,0,84,17,117
5,5,20,0,83,17,117
5,6,21,0,82,18,117
5,7,21,0,81,18,117
5,8,22,0,80,17,117
5,9,22,0,79,17,117
6,1,23,0,78,14,117
6,2,24,0,77,15,117
6,3,24,0,76,14,117
6,4,25,0,75,15,117
6,5,25,0,74,14,117
6,6,25,0,73,14,117
7,1,26,0,72,11,117
7,2,26,0,71,11,117
7,3,26,0,70,11,117
7,4,26,0,69,10,117
7,5,28,0,68,11,117
7,6,28,0,67,11,117
8,1,28,0,66,11,117
8,2,28,0,65,10,117
8,3,29,0,64,10,117
8,4,31,0,63,12,117
8,5,31,0,62,12,117
8,6,32,0,61,13,117
9,1,32,0,60,13,117
9,2,33,0,59,14,117
9,3,34,0,58,15,117
9,4,34,0,57,15,117
9,5,35,0,56,16,117
9,6,35,0,55,16,117
9,7,39,0,54,19,117
10,1,40,0,53,20,117
10,2,41,0,52,20,117
10,3,41,0,51,20,117
10,4,42,0,50,20,117
10,5,43,0,49,21,117
10,6,45,0,48,22,117
10,7,49,0,47,25,117
10,8,50,0,46,26,117
11,1,51,0,45,26,117
11,2,52,0,44,27,117
11,3,56,0,43,31,117
11,4,57,0,42,31,117
11,5,57,0,41,31,117
11,6,58,0,40,32,117
12,1,58,0,39,32,117
12,2,58,0,38,30,117
12,3,62,0,37,34,117
12,4,62,0,36,34,117
12,5,63,0,35,35,117
12,6,63,0,34,34,117
13,1,63,0,33,32,117
13,2,64,0,32,33,117
13,3,64,0,31,32,117
13,4,65,0,30,33,117
13,5,69,0,29,36,117
13,6,70,0,28,36,117
13,7,71,0,27,37,117
14,1,73,0,26,38,117
14,2,73,0,25,38,117
14,3,74,0,24,35,117
14,4,74,0,23,34,117
14,5,75,0,22,34,117
14,6,79,0,21,38,117
15,1,80,0,20,38,117
15,2,84,0,19,41,117
15,3,85,0,18,40,117
15,4,86,0,17,37,117
15,5,90,0,16,40,117
15,6,94,0,15,43,117
16,1,95,0,14,43,117
16,2,96,0,13,40,117
16,3,97,0,12,40,117
16,4,97,0,11,40,117
16,5,97,0,10,39,117
16,6,97,0,9,39,117
16,7,99,0,8,41,117
17,1,100,0,7,38,117
17,2,101,0,6,39,117
17,3,101,0,5,38,117
17,4,101,0,4,38,117
17,5,102,0,3,39,117
17,6,106,0,2,42,117
17,7,106,0,1,42,117
18,1,106,0,0,41,117
18,2,106,0,-1,37,117
18,3,106,0,-2,36,117
18,4,107,0,-3,36,117
18,5,111,0,-4,38,117
18,6,111,0,-5,38,117
19,1,112,0,-6,38,117
19,2,113,0,-7,39,117
19,3,114,0,-8,39,117
19,4,115,0,-9,36,117
19,5,116,0,-10,36,117
19,6,117,0,-11,33,117
0,1,0,0,119,0,161
0,2,1,0,118,1,161
0,3,1,0,117,1,161
0,4,1,0,116,1,161
0,5,1,0,115,1,161
0,6,1,0,114,1,161
0,7,1,0,113,1,161
1,1,1,0,112,1,161
1,2,1,0,111,1,161
1,3,5,0,110,5,161
1,4,5,0,109,5,161
1,5,6,0,108,6,161
1,6,6,0,107,6,161
2,1,8,0,106,8,161
2,2,8,0,105,8,161
2,3,12,0,104,12,161
2,4,16,0,103,16,161
2,5,17,0,102,17,161
2,6,18,0,101,18,161
2,7,20,0,100,20,161
2,8,20,0,99,20,161
3,1,21,0,98,21,161
3,2,21,0,97,21,161
3,3,21,0,96,21,161
3,4,22,0,95,22,161
3,5,22,0,94,22,161
3,6,23,0,93,23,161
4,1,27,0,92,27,161
4,2,27,0,91,27,161
4,3,28,0,90,28,161
4,4,29,0,89,29,161
4,5,29,0,88,28,161
4,6,33,0,87,32,161
4,7,34,0,86,33,161
5,1,34,0,85,33,161
5,2,34,0,84,33,161
5,3,34,0,83,33,161
5,4,34,0,82,33,161
5,5,34,0,81,33,161
5,6,34,0,80,29,161
6,1,35,0,79,30,161
6,2,36,0,78,30,161
6,3,37,0,77,31,161
6,4,37,0,76,29,161
6,5,38,0,75,30,161
6,6,39,0,74,27,161
7,1,40,0,73,24,161
7,2,40,0,72,23,161
7,3,42,0,71,24,161
7,4,43,0,70,23,161
7,5,43,0,69,23,161
7,6,44,0,68,23,161
8,1,44,0,67,23,161
8,2,44,0,66,23,161
8,3,44,0,65,22,161
8,4,44,0,64,22,161
8,5,44,0,63,21,161
8,6,45,0,62,18,161
8,7,46,0,61,19,161
9,1,46,0,60,18,161
9,2,47,0,59,18,161
9,3,47,0,58,18,161
9,4,47,0,57,14,161
9,5,49,0,56,15,161
9,6,53,0,55,19,161
10,1,54,0,54,20,161
10,2,58,0,53,24,161
10,3,60,0,52,26,161
10,4,60,0,51,26,161
10,5,60,0,50,26,161
10,6,60,0,49,25,161
11,1,60,0,48,24,161
11,2,61,0,47,24,161
11,3,65,0,46,28,161
11,4,68,0,45,30,161
11,5,69,0,44,30,161
11,6,70,0,43,30,161
11,7,71,0,42,31,161
11,8,72,0,41,30,161
12,1,72,0,40,29,161
12,2,75,0,39,32,161
12,3,75,0,38,31,161
12,4,76,0,37,32,161
12,5,80,0,36,36,161
12,6,80,0,35,36,161
13,1,84,0,34,40,161
13,2,88,0,33,44,161
13,3,92,0,32,47,161
13,4,96,0,31,50,161
13,5,96,0,30,50,161
13,6,96,0,29,49,161
14,1,96,0,28,49,161
14,2,97,0,27,50,161
14,3,98,0,26,49,161
14,4,98,0,25,45,161
14,5,99,0,24,45,161
14,6,101,0,23,43,161
15,1,103,0,22,43,161
15,2,104,0,21,44,161
15,3,106,0,20,46,161
15,4,107,0,19,47,161
15,5,111,0,18,51,161
15,6,115,0,17,54,161
16,1,116,0,16,51,161
16,2,117,0,15,49,161
16,3,119,0,14,50,161
16,4,119,0,13,49,161
16,5,120,0,12,49,161
16,6,124,0,11,52,161
17,1,126,0,10,54,161
17,2,127,0,9,52,161
17,3,131,0,8,56,161
17,4,131,0,7,55,161
17,5,132,0,6,52,161
17,6,133,0,5,53,161
18,1,133,0,4,49,161
18,2,137,0,3,49,161
18,3,141,0,2,49,161
18,4,142,0,1,46,161
18,5,144,0,0,48,161
18,6,144,0,-1,48,161
19,1,145,0,-2,49,161
19,2,147,0,-3,50,161
19,3,148,0,-4,50,161
19,4,150,0,-5,52,161
19,5,155,0,-6,56,161
19,6,159,0,-7,58,161
19,7,161,0,-8,58,161
0,1,2,0,119,2,92
0,2,2,0,118,2,92
0,3,3,0,117,3,92
0,4,3,0,116,3,92
0,5,3,0,115,3,92
0,6,7,0,114,7,92
0,7,7,0,113,7,92
1,1,7,0,112,7,92
1,2,7,0,111,7,92
1,3,7,0,110,7,92
1,4,11,0,109,11,92
1,5,11,0,108,11,92
1,6,12,0,107,12,92
2,1,12,0,106,12,92
2,2,12,0,105,12,92
2,3,13,0,104,13,92
2,4,13,0,103,13,92
2,5,14,0,102,14,92
2,6,14,0,101,14,92
2,7,14,0,100,14,92
3,1,15,0,99,15,92
3,2,15,0,98,15,92
3,3,15,0,97,15,92
3,4,16,0,96,16,92
3,5,16,0,95,16,92
3,6,19,0,94,19,92
3,7,19,0,93,19,92
4,1,19,0,92,19,92
4,2,19,0,91,19,92
4,3,20,0,90,20,92
4,4,21,0,89,19,92
4,5,21,0,88,19,92
4,6,22,0,87,19,92
5,1,23,0,86,20,92
5,2,23,0,85,20,92
5,3,23,0,84,16,92
5,4,27,0,83,20,92
5,5,27,0,82,20,92
5,6,27,0,81,20,92
6,1,28,0,80,21,92
6,2,28,0,79,17,92
6,3,29,0,78,18,92
6,4,30,0,77,18,92
6,5,30,0,76,18,92
6,6,30,0,75,18,92
6,7,31,0,74,18,92
7,1,31,0,73,18,92
7,2,32,0,72,18,92
7,3,32,0,71,18,92
7,4,33,0,70,19,92
7,5,34,0,69,19,92
7,6,34,0,68,19,92
8,1,34,0,67,19,92
8,2,34,0,66,18,92
8,3,34,0,65,18,92
8,4,35,0,64,16,92
8,5,35,0,63,16,92
8,6,35,0,62,16,92
9,1,36,0,61,17,92
9,2,36,0,60,16,92
9,3,36,0,59,15,92
9,4,36,0,58,15,92
9,5,37,0,57,15,92
9,6,37,0,56,14,92
10,1,37,0,55,14,92
10,2,37,0,54,14,92
10,3,38,0,53,11,92
10,4,38,0,52,11,92
10,5,39,0,51,12,92
10,6,39,0,50,11,92
10,7,39,0,49,11,92
11,1,40,0,48,11,92
11,2,40,0,47,10,92
11,3,42,0,46,12,92
11,4,43,0,45,13,92
11,5,43,0,44,12,92
11,6,43,0,43,12,92
11,7,44,0,42,12,92
12,1,45,0,41,13,92
12,2,45,0,40,12,92
12,3,46,0,39,12,92
12,4,47,0,38,13,92
12,5,49,0,37,15,92
12,6,49,0,36,15,92
13,1,51,0,35,17,92
13,2,51,0,34,16,92
13,3,52,0,33,17,92
13,4,52,0,32,17,92
13,5,52,0,31,16,92
13,6,54,0,30,18,92
14,1,54,0,29,18,92
14,2,55,0,28,19,92
14,3,56,0,27,19,92
14,4,57,0,26,20,92
14,5,58,0,25,21,92
14,6,59,0,24,22,92
15,1,60,0,23,22,92
15,2,60,0,22,22,92
15,3,61,0,21,22,92
15,4,61,0,20,22,92
15,5,61,0,19,22,92
15,6,61,0,18,21,92
16,1,65,0,17,25,92
16,2,65,0,16,23,92
16,3,66,0,15,23,92
16,4,67,0,14,24,92
16,5,69,0,13,26,92
16,6,69,0,12,25,92
17,1,69,0,11,24,92
17,2,70,0,10,25,92
17,3,72,0,9,26,92
17,4,73,0,8,26,92
17,5,74,0,7,25,92
17,6,74,0,6,25,92
17,7,75,0,5,24,92
17,8,79,0,4,28,92
18,1,80,0,3,28,92
18,2,81,0,2,29,92
18,3,82,0,1,30,92
18,4,84,0,0,30,92
18,5,85,0,-1,31,92
18,6,86,0,-2,31,92
18,7,86,0,-3,30,92
19,1,86,0,-4,29,92
19,2,87,0,-5,29,92
19,3,88,0,-6,29,92
19,4,92,0,-7,32,92
19,5,92,0,-8,32,92
19,6,92,0,-9,31,92
0,1,1,0,119,1,89
0,2,1,0,118,1,89
0,3,1,0,117,1,89
0,4,1,0,116,1,89
0,5,1,0,115,1,89
0,6,1,0,114,1,89
0,7,1,0,113,1,89
1,1,1,0,112,1,89
1,2,1,0,111,1,89
1,3,1,0,110,1,89
1,4,2,0,109,2,89
1,5,2,0,108,2,89
1,6,2,0,107,2,89
2,1,2,0,106,2,89
2,2,2,0,105,2,89
2,3,2,0,104,2,89
2,4,3,0,103,3,89
2,5,4,0,102,4,89
2,6,5,0,101,5,89
3,1,5,0,100,5,89
3,2,6,0,99,6,89
3,3,7,0,98,7,89
3,4,13,0,97,13,89
3,5,14,0,96,14,89
3,6,14,0,95,14,89
3,7,14,0,94,14,89
4,1,14,0,93,14,89
4,2,15,0,92,15,89
4,3,15,0,91,15,89
4,4,17,0,90,17,89
4,5,17,0,89,16,89
4,6,19,0,88,18,89
5,1,19,0,87,18,89
5,2,19,0,86,18,89
5,3,20,0,85,19,89
5,4,21,0,84,20,89
5,5,21,0,83,20,89
5,6,21,0,82,20,89
5,7,21,0,81,20,89
6,1,25,0,80,24,89
6,2,26,0,79,24,89
6,3,27,0,78,25,89
6,4,31,0,77,29,89
6,5,32,0,76,30,89
6,6,32,0,75,30,89
7,1,33,0,74,31,89
7,2,33,0,73,30,89
7,3,33,0,72,29,89
7,4,34,0,71,29,89
7,5,34,0,70,29,89
7,6,34,0,69,28,89
8,1,34,0,68,27,89
8,2,34,0,67,21,89
8,3,34,0,66,20,89
8,4,35,0,65,21,89
8,5,35,0,64,21,89
8,6,37,0,63,23,89
9,1,37,0,62,22,89
9,2,37,0,61,22,89
9,3,41,0,60,24,89
9,4,41,0,59,24,89
9,5,42,0,58,23,89
9,6,42,0,57,23,89
10,1,42,0,56,23,89
10,2,43,0,55,23,89
10,3,44,0,54,23,89
10,4,44,0,53,23,89
10,5,44,0,52,23,89
10,6,44,0,51,23,89
11,1,44,0,50,19,89
11,2,45,0,49,19,89
11,3,46,0,48,19,89
11,4,47,0,47,16,89
11,5,47,0,46,15,89
11,6,47,0,45,15,89
11,7,47,0,44,14,89
12,1,47,0,43,14,89
12,2,48,0,42,15,89
12,3,48,0,41,14,89
12,4,49,0,40,15,89
12,5,49,0,39,15,89
12,6,53,0,38,19,89
13,1,54,0,37,20,89
13,2,54,0,36,20,89
13,3,55,0,35,20,89
13,4,55,0,34,20,89
13,5,55,0,33,18,89
13,6,55,0,32,18,89
14,1,59,0,31,22,89
14,2,59,0,30,18,89
14,3,59,0,29,18,89
14,4,60,0,28,18,89
14,5,61,0,27,19,89
14,6,62,0,26,20,89
15,1,63,0,25,20,89
15,2,67,0,24,23,89
15,3,68,0,23,24,89
15,4,68,0,22,24,89
15,5,68,0,21,24,89
15,6,68,0,20,24,89
15,7,68,0,19,23,89
16,1,68,0,18,22,89
16,2,69,0,17,22,89
16,3,73,0,16,26,89
16,4,73,0,15,26,89
16,5,74,0,14,27,89
16,6,75,0,13,28,89
17,1,78,0,12,30,89
17,2,81,0,11,33,89
17,3,81,0,10,32,89
17,4,81,0,9,32,89
17,5,82,0,8,29,89
17,6,82,0,7,28,89
17,7,83,0,6,29,89
18,1,85,0,5,30,89
18,2,86,0,4,31,89
18,3,87,0,3,32,89
18,4,87,0,2,32,89
18,5,87,0,1,28,89
18,6,87,0,0,28,89
19,1,87,0,-1,28,89
19,2,87,0,-2,27,89
19,3,88,0,-3,27,89
19,4,89,0,-4,27,89
19,5,89,0,-5,26,89
19,6,89,0,-6,22,89
0,1,1,0,119,1,99
0,2,2,0,118,2,99
0,3,3,0,117,3,99
0,4,4,0,116,4,99
0,5,5,0,115,5,99
0,6,6,0,114,6,99
0,7,7,0,113,7,99
0,8,8,0,112,8,99
1,1,8,0,111,8,99
1,2,8,0,110,8,99
1,3,8,0,109,8,99
1,4,8,0,108,8,99
1,5,8,0,107,8,99
1,6,12,0,106,12,99
2,1,12,0,105,12,99
2,2,12,0,104,12,99
2,3,13,0,103,13,99
2,4,13,0,102,13,99
2,5,13,0,101,13,99
2,6,17,0,100,17,99
3,1,17,0,99,17,99
3,2,18,0,98,18,99
3,3,18,0,97,18,99
3,4,18,0,96,18,99
3,5,18,0,95,18,99
3,6,19,0,94,19,99
4,1,20,0,93,20,99
4,2,21,0,92,21,99
4,3,22,0,91,22,99
4,4,23,0,90,23,99
4,5,24,0,89,23,99
4,6,24,0,88,22,99
5,1,25,0,87,22,99
5,2,25,0,86,21,99
5,3,26,0,85,21,99
5,4,26,0,84,20,99
5,5,26,0,83,19,99
5,6,26,0,82,18,99
6,1,26,0,81,18,99
6,2,26,0,80,18,99
6,3,26,0,79,18,99
6,4,27,0,78,19,99
6,5,28,0,77,20,99
6,6,28,0,76,16,99
6,7,29,0,75,17,99
7,1,30,0,74,18,99
7,2,30,0,73,17,99
7,3,30,0,72,17,99
7,4,31,0,71,18,99
7,5,31,0,70,14,99
7,6,35,0,69,18,99
8,1,35,0,68,17,99
8,2,35,0,67,17,99
8,3,35,0,66,17,99
8,4,37,0,65,19,99
8,5,37,0,64,18,99
8,6,41,0,63,21,99
9,1,42,0,62,21,99
9,2,43,0,61,21,99
9,3,43,0,60,20,99
9,4,47,0,59,23,99
9,5,48,0,58,24,99
9,6,49,0,57,24,99
10,1,50,0,56,25,99
10,2,51,0,55,25,99
10,3,51,0,54,25,99
10,4,55,0,53,29,99
10,5,56,0,52,30,99
10,6,57,0,51,31,99
11,1,61,0,50,35,99
11,2,65,0,49,39,99
11,3,65,0,48,38,99
11,4,66,0,47,38,99
11,5,68,0,46,40,99
11,6,69,0,45,40,99
12,1,69,0,44,39,99
12,2,69,0,43,39,99
12,3,69,0,42,39,99
12,4,69,0,41,38,99
12,5,71,0,40,40,99
12,6,73,0,39,38,99
12,7,74,0,38,39,99
13,1,74,0,37,39,99
13,2,75,0,36,40,99
13,3,75,0,35,38,99
13,4,75,0,34,38,99
13,5,76,0,33,35,99
13,6,76,0,32,34,99
13,7,77,0,31,34,99
14,1,77,0,30,34,99
14,2,78,0,29,31,99
14,3,79,0,28,31,99
14,4,79,0,27,30,99
14,5,79,0,26,29,99
14,6,80,0,25,29,99
15,1,82,0,24,31,99
15,2,82,0,23,27,99
15,3,82,0,22,26,99
15,4,82,0,21,25,99
15,5,82,0,20,21,99
15,6,82,0,19,17,99
16,1,83,0,18,18,99
16,2,84,0,17,18,99
16,3,84,0,16,16,99
16,4,85,0,15,16,99
16,5,86,0,14,17,99
16,6,86,0,13,17,99
17,1,87,0,12,18,99
17,2,89,0,11,20,99
17,3,90,0,10,19,99
17,4,90,0,9,17,99
17,5,90,0,8,16,99
17,6,90,0,7,16,99
17,7,90,0,6,15,99
18,1,91,0,5,16,99
18,2,91,0,4,16,99
18,3,91,0,3,15,99
18,4,91,0,2,15,99
18,5,93,0,1,16,99
18,6,94,0,0,17,99
19,1,94,0,-1,16,99
19,2,94,0,-2,15,99
19,3,96,0,-3,17,99
19,4,97,0,-4,18,99
19,5,98,0,-5,18,99
19,6,99,0,-6,17,99
0,1,0,0,119,0,77
0,2,1,0,118,1,77
0,3,1,0,117,1,77
0,4,1,0,116,1,77
0,5,1,0,115,1,77
0,6,1,0,114,1,77
0,7,2,0,113,2,77
1,1,4,0,112,4,77
1,2,4,0,111,4,77
1,3,4,0,110,4,77
1,4,4,0,109,4,77
1,5,4,0,108,4,77
1,6,4,0,107,4,77
2,1,4,0,106,4,77
2,2,5,0,105,5,77
2,3,5,0,104,5,77
2,4,6,0,103,6,77
2,5,6,0,102,6,77
2,6,7,0,101,7,77
2,7,7,0,100,7,77
3,1,7,0,99,7,77
3,2,7,0,98,7,77
3,3,7,0,97,7,77
3,4,7,0,96,7,77
3,5,8,0,95,8,77
3,6,8,0,94,8,77
4,1,8,0,93,8,77
4,2,8,0,92,8,77
4,3,8,0,91,8,77
4,4,10,0,90,10,77
4,5,10,0,89,10,77
4,6,10,0,88,9,77
5,1,10,0,87,9,77
5,2,11,0,86,10,77
5,3,11,0,85,10,77
5,4,12,0,84,11,77
5,5,13,0,83,11,77
5,6,13,0,82,9,77
5,7,14,0,81,10,77
5,8,14,0,80,10,77
5,9,14,0,79,10,77
6,1,14,0,78,10,77
6,2,16,0,77,12,77
6,3,16,0,76,12,77
6,4,16,0,75,11,77
6,5,16,0,74,11,77
6,6,17,0,73,11,77
6,7,17,0,72,11,77
7,1,19,0,71,12,77
7,2,20,0,70,13,77
7,3,20,0,69,13,77
7,4,22,0,68,15,77
7,5,22,0,67,15,77
7,6,23,0,66,16,77
7,7,23,0,65,15,77
8,1,23,0,64,15,77
8,2,23,0,63,15,77
8,3,23,0,62,15,77
8,4,24,0,61,16,77
8,5,24,0,60,14,77
8,6,24,0,59,14,77
9,1,25,0,58,15,77
9,2,25,0,57,15,77
9,3,25,0,56,14,77
9,4,25,0,55,14,77
9,5,26,0,54,14,77
9,6,27,0,53,14,77
10,1,27,0,52,14,77
10,2,27,0,51,13,77
10,3,28,0,50,14,77
10,4,28,0,49,14,77
10,5,28,0,48,14,77
10,6,30,0,47,14,77
11,1,34,0,46,18,77
11,2,35,0,45,19,77
11,3,36,0,44,20,77
11,4,38,0,43,21,77
11,5,38,0,42,21,77
11,6,39,0,41,20,77
11,7,40,0,40,20,77
12,1,41,0,39,21,77
12,2,41,0,38,19,77
12,3,41,0,37,19,77
12,4,43,0,36,20,77
12,5,44,0,35,21,77
12,6,44,0,34,21,77
13,1,44,0,33,21,77
13,2,45,0,32,22,77
13,3,46,0,31,22,77
13,4,46,0,30,22,77
13,5,46,0,29,22,77
13,6,46,0,28,21,77
14,1,46,0,27,21,77
14,2,47,0,26,22,77
14,3,48,0,25,23,77
14,4,48,0,24,22,77
14,5,49,0,23,22,77
14,6,49,0,22,22,77
15,1,50,0,21,23,77
15,2,50,0,20,22,77
15,3,51,0,19,23,77
15,4,51,0,18,23,77
15,5,53,0,17,23,77
15,6,56,0,16,22,77
15,7,56,0,15,21,77
15,8,56,0,14,20,77
16,1,57,0,13,19,77
16,2,58,0,12,20,77
16,3,60,0,11,21,77
16,4,60,0,10,20,77
16,5,60,0,9,19,77
16,6,60,0,8,19,77
16,7,61,0,7,20,77
17,1,62,0,6,19,77
17,2,63,0,5,19,77
17,3,64,0,4,20,77
17,4,64,0,3,20,77
17,5,64,0,2,19,77
17,6,65,0,1,19,77
17,7,65,0,0,19,77
18,1,66,0,-1,20,77
18,2,66,0,-2,20,77
18,3,68,0,-3,22,77
18,4,70,0,-4,23,77
18,5,71,0,-5,23,77
18,6,71,0,-6,23,77
18,7,71,0,-7,22,77
19,1,73,0,-8,24,77
19,2,74,0,-9,24,77
19,3,75,0,-10,25,77
19,4,75,0,-11,24,77
19,5,76,0,-12,25,77
19,6,77,0,-13,24,77
0,1,0,0,119,0,40
0,2,1,0,118,1,40
0,3,2,0,117,2,40
0,4,3,0,116,3,40
0,5,3,0,115,3,40
0,6,3,0,114,3,40
0,7,4,0,113,4,40
0,8,8,0,112,8,40
1,1,11,0,111,11,40
1,2,12,0,110,12,40
1,3,13,0,109,13,40
1,4,13,0,108,13,40
1,5,14,0,107,14,40
1,6,14,0,106,14,40
2,1,14,0,105,14,40
2,2,15,0,104,15,40
2,3,15,0,103,15,40
2,4,16,0,102,16,40
2,5,20,0,101,20,40
2,6,21,0,100,21,40
3,1,21,0,99,21,40
3,2,22,0,98,22,40
3,3,22,0,97,22,40
3,4,24,0,96,24,40
3,5,29,0,95,29,40
3,6,33,0,94,33,40
3,7,33,0,93,33,40
4,1,34,0,92,34,40
4,2,34,0,91,34,40
4,3,35,0,90,35,40
4,4,37,0,89,37,40
4,5,38,0,88,37,40
4,6,39,0,87,37,40
4,7,40,0,86,37,40
0,1,1,0,119,1,90
0,2,1,0,118,1,90
0,3,2,0,117,2,90
0,4,2,0,116,2,90
0,5,3,0,115,3,90
0,6,4,0,114,4,90
0,7,6,0,113,6,90
1,1,10,0,112,10,90
1,2,10,0,111,10,90
1,3,11,0,110,11,90
1,4,13,0,109,13,90
1,5,13,0,108,13,90
1,6,15,0,107,15,90
1,7,19,0,106,19,90
2,1,19,0,105,19,90
2,2,19,0,104,19,90
2,3,21,0,103,21,90
2,4,23,0,102,23,90
2,5,23,0,101,23,90
2,6,24,0,100,24,90
3,1,24,0,99,24,90
3,2,24,0,98,24,90
3,3,26,0,97,26,90
3,4,26,0,96,26,90
3,5,26,0,95,26,90
3,6,28,0,94,28,90
3,7,29,0,93,29,90
3,8,30,0,92,30,90
4,1,30,0,91,30,90
4,2,31,0,90,31,90
4,3,31,0,89,30,90
4,4,31,0,88,30,90
4,5,32,0,87,30,90
4,6,32,0,86,30,90
5,1,32,0,85,29,90
5,2,32,0,84,28,90
5,3,32,0,83,26,90
5,4,33,0,82,23,90
5,5,33,0,81,23,90
5,6,34,0,80,23,90
5,7,34,0,79,21,90
6,1,35,0,78,22,90
6,2,35,0,77,20,90
6,3,35,0,76,16,90
6,4,35,0,75,16,90
6,5,35,0,74,16,90
6,6,35,0,73,14,90
7,1,35,0,72,12,90
7,2,36,0,71,13,90
7,3,37,0,70,13,90
7,4,37,0,69,13,90
7,5,37,0,68,13,90
7,6,37,0,67,11,90
8,1,38,0,66,12,90
8,2,38,0,65,12,90
8,3,38,0,64,10,90
8,4,40,0,63,11,90
8,5,42,0,62,12,90
8,6,42,0,61,12,90
9,1,42,0,60,11,90
9,2,43,0,59,12,90
9,3,43,0,58,12,90
9,4,43,0,57,11,90
9,5,44,0,56,12,90
9,6,44,0,55,12,90
10,1,44,0,54,12,90
10,2,44,0,53,12,90
10,3,45,0,52,12,90
10,4,47,0,51,14,90
10,5,47,0,50,13,90
10,6,47,0,49,13,90
11,1,47,0,48,12,90
11,2,48,0,47,13,90
11,3,49,0,46,14,90
11,4,50,0,45,15,90
11,5,51,0,44,16,90
11,6,51,0,43,16,90
11,7,51,0,42,16,90
12,1,52,0,41,16,90
12,2,52,0,40,15,90
12,3,52,0,39,15,90
12,4,52,0,38,15,90
12,5,53,0,37,16,90
12,6,54,0,36,16,90
13,1,54,0,35,16,90
13,2,55,0,34,17,90
13,3,56,0,33,16,90
13,4,57,0,32,15,90
13,5,57,0,31,15,90
13,6,58,0,30,16,90
14,1,58,0,29,15,90
14,2,58,0,28,15,90
14,3,58,0,27,15,90
14,4,58,0,26,14,90
14,5,59,0,25,15,90
14,6,59,0,24,15,90
15,1,61,0,23,17,90
15,2,63,0,22,18,90
15,3,64,0,21,17,90
15,4,66,0,20,19,90
15,5,67,0,19,20,90
15,6,68,0,18,21,90
16,1,68,0,17,20,90
16,2,68,0,16,19,90
16,3,68,0,15,18,90
16,4,69,0,14,18,90
16,5,69,0,13,18,90
16,6,71,0,12,20,90
17,1,72,0,11,20,90
17,2,73,0,10,21,90
17,3,73,0,9,21,90
17,4,75,0,8,23,90
17,5,76,0,7,23,90
17,6,77,0,6,23,90
18,1,78,0,5,24,90
18,2,80,0,4,25,90
18,3,81,0,3,25,90
18,4,82,0,2,25,90
18,5,83,0,1,26,90
18,6,84,0,0,26,90
19,1,85,0,-1,27,90
19,2,87,0,-2,29,90
19,3,88,0,-3,30,90
19,4,88,0,-4,30,90
19,5,89,0,-5,30,90
19,6,90,0,-6,31,90
0,1,0,0,119,0,33
0,2,1,0,118,1,33
0,3,1,0,117,1,33
0,4,3,0,116,3,33
0,5,3,0,115,3,33
0,6,4,0,114,4,33
1,1,5,0,113,5,33
1,2,7,0,112,7,33
1,3,8,0,111,8,33
1,4,9,0,110,9,33
1,5,9,0,109,9,33
1,6,11,0,108,11,33
1,7,12,0,107,12,33
1,8,12,0,106,12,33
2,1,12,0,105,12,33
2,2,12,0,104,12,33
2,3,12,0,103,12,33
2,4,12,0,102,12,33
2,5,12,0,101,12,33
2,6,13,0,100,13,33
2,7,13,0,99,13,33
3,1,13,0,98,13,33
3,2,13,0,97,13,33
3,3,14,0,96,14,33
3,4,15,0,95,15,33
3,5,15,0,94,15,33
3,6,15,0,93,15,33
4,1,15,0,92,15,33
4,2,17,0,91,17,33
4,3,17,0,90,17,33
4,4,17,0,89,17,33
4,5,17,0,88,16,33
4,6,17,0,87,16,33
5,1,17,0,86,14,33
5,2,17,0,85,14,33
5,3,17,0,84,13,33
5,4,17,0,83,12,33
5,5,17,0,82,10,33
5,6,17,0,81,9,33
6,1,17,0,80,8,33
6,2,18,0,79,9,33
6,3,18,0,78,7,33
6,4,20,0,77,8,33
6,5,21,0,76,9,33
6,6,21,0,75,9,33
6,7,21,0,74,9,33
7,1,22,0,73,10,33
7,2,22,0,72,10,33
7,3,22,0,71,10,33
7,4,22,0,70,9,33
7,5,22,0,69,9,33
7,6,22,0,68,9,33
8,1,23,0,67,10,33
8,2,23,0,66,9,33
8,3,23,0,65,8,33
8,4,23,0,64,8,33
8,5,24,0,63,9,33
8,6,25,0,62,10,33
8,7,25,0,61,8,33
8,8,25,0,60,8,33
9,1,25,0,59,8,33
9,2,27,0,58,10,33
9,3,27,0,57,10,33
9,4,27,0,56,10,33
9,5,28,0,55,11,33
9,6,28,0,54,11,33
10,1,29,0,53,12,33
10,2,29,0,52,12,33
10,3,29,0,51,12,33
10,4,29,0,50,12,33
10,5,29,0,49,11,33
10,6,29,0,48,11,33
10,7,30,0,47,10,33
11,1,30,0,46,9,33
11,2,30,0,45,9,33
11,3,31,0,44,10,33
11,4,31,0,43,9,33
11,5,31,0,42,9,33
11,6,32,0,41,10,33
11,7,32,0,40,10,33
12,1,32,0,39,10,33
12,2,33,0,38,11,33
12,3,33,0,37,10,33
12,4,33,0,36,10,33
12,5,33,0,35,10,33
0,1,0,0,119,0,34
0,2,1,0,118,1,34
0,3,1,0,117,1,34
0,4,2,0,116,2,34
0,5,3,0,115,3,34
0,6,4,0,114,4,34
1,1,6,0,113,6,34
1,2,6,0,112,6,34
1,3,6,0,111,6,34
1,4,7,0,110,7,34
1,5,7,0,109,7,34
1,6,7,0,108,7,34
2,1,11,0,107,11,34
2,2,11,0,106,11,34
2,3,11,0,105,11,34
2,4,12,0,104,12,34
2,5,13,0,103,13,34
2,6,14,0,102,14,34
3,1,15,0,101,15,34
3,2,15,0,100,15,34
3,3,15,0,99,15,34
3,4,16,0,98,16,34
3,5,16,0,97,16,34
3,6,16,0,96,16,34
4,1,16,0,95,16,34
4,2,17,0,94,17,34
4,3,17,0,93,17,34
4,4,17,0,92,17,34
4,5,17,0,91,17,34
4,6,17,0,90,17,34
5,1,18,0,89,18,34
5,2,20,0,88,19,34
5,3,20,0,87,19,34
5,4,21,0,86,19,34
5,5,23,0,85,20,34
5,6,24,0,84,20,34
6,1,25,0,83,19,34
6,2,26,0,82,20,34
6,3,26,0,81,20,34
6,4,27,0,80,20,34
6,5,28,0,79,21,34
6,6,28,0,78,21,34
7,1,28,0,77,17,34
7,2,29,0,76,18,34
7,3,30,0,75,19,34
7,4,30,0,74,18,34
7,5,30,0,73,17,34
7,6,31,0,72,17,34
7,7,31,0,71,16,34
8,1,31,0,70,16,34
8,2,32,0,69,17,34
8,3,33,0,68,17,34
8,4,33,0,67,17,34
8,5,33,0,66,17,34
8,6,34,0,65,18,34
0,1,0,0,119,0,129
0,2,0,0,118,0,129
0,3,0,0,117,0,129
0,4,1,0,116,1,129
0,5,1,0,115,1,129
0,6,1,0,114,1,129
1,1,2,0,113,2,129
1,2,3,0,112,3,129
1,3,5,0,111,5,129
1,4,5,0,110,5,129
1,5,6,0,109,6,129
1,6,6,0,108,6,129
2,1,7,0,107,7,129
2,2,7,0,106,7,129
2,3,7,0,105,7,129
2,4,7,0,104,7,129
2,5,8,0,103,8,129
2,6,8,0,102,8,129
3,1,9,0,101,9,129
3,2,10,0,100,10,129
3,3,11,0,99,11,129
3,4,11,0,98,11,129
3,5,11,0,97,11,129
3,6,11,0,96,11,129
4,1,11,0,95,11,129
4,2,11,0,94,11,129
4,3,13,0,93,13,129
4,4,13,0,92,13,129
4,5,14,0,91,14,129
4,6,14,0,90,14,129
5,1,18,0,89,18,129
5,2,18,0,88,18,129
5,3,19,0,87,19,129
5,4,20,0,86,19,129
5,5,22,0,85,21,129
5,6,26,0,84,25,129
6,1,26,0,83,24,129
6,2,27,0,82,24,129
6,3,27,0,81,22,129
6,4,28,0,80,23,129
6,5,29,0,79,23,129
6,6,29,0,78,23,129
7,1,31,0,77,24,129
7,2,32,0,76,25,129
7,3,33,0,75,26,129
7,4,33,0,74,26,129
7,5,37,0,73,29,129
7,6,38,0,72,30,129
8,1,42,0,71,33,129
8,2,42,0,70,32,129
8,3,43,0,69,32,129
8,4,43,0,68,32,129
8,5,44,0,67,33,129
8,6,44,0,66,33,129
8,7,44,0,65,33,129
9,1,45,0,64,34,129
9,2,46,0,63,33,129
9,3,47,0,62,34,129
9,4,47,0,61,33,129
9,5,49,0,60,35,129
9,6,49,0,59,31,129
9,7,50,0,58,32,129
10,1,54,0,57,35,129
10,2,55,0,56,35,129
10,3,56,0,55,34,129
10,4,57,0,54,31,129
10,5,61,0,53,35,129
10,6,62,0,52,35,129
11,1,66,0,51,39,129
11,2,68,0,50,40,129
11,3,68,0,49,39,129
11,4,69,0,48,40,129
11,5,73,0,47,42,129
11,6,73,0,46,41,129
12,1,75,0,45,42,129
12,2,75,0,44,42,129
12,3,75,0,43,38,129
12,4,75,0,42,37,129
12,5,75,0,41,33,129
12,6,76,0,40,34,129
13,1,77,0,39,34,129
13,2,78,0,38,35,129
13,3,79,0,37,35,129
13,4,84,0,36,40,129
13,5,86,0,35,42,129
13,6,87,0,34,42,129
13,7,87,0,33,41,129
13,8,88,0,32,41,129
13,9,89,0,31,42,129
13,1,92,0,30,43,129
13,11,92,0,29,43,129
13,12,93,0,28,43,129
13,13,95,0,27,41,129
14,1,96,0,26,41,129
14,2,97,0,25,41,129
14,3,97,0,24,40,129
14,4,98,0,23,37,129
14,5,99,0,22,37,129
14,6,99,0,21,33,129
14,7,100,0,20,32,129
15,1,101,0,19,33,129
15,2,102,0,18,33,129
15,3,104,0,17,31,129
15,4,105,0,16,32,129
15,5,105,0,15,30,129
15,6,105,0,14,30,129
15,7,105,0,13,30,129
16,1,106,0,12,31,129
16,2,106,0,11,31,129
16,3,107,0,10,31,129
16,4,109,0,9,32,129
16,5,109,0,8,31,129
16,6,110,0,7,31,129
17,1,110,0,6,26,129
17,2,111,0,5,25,129
17,3,111,0,4,24,129
17,4,112,0,3,25,129
17,5,113,0,2,25,129
17,6,113,0,1,24,129
18,1,114,0,0,22,129
18,2,114,0,-1,22,129
18,3,115,0,-2,22,129
18,4,117,0,-3,22,129
18,5,118,0,-4,22,129
18,6,119,0,-5,22,129
18,7,120,0,-6,23,129
18,8,121,0,-7,23,129
19,1,123,0,-8,24,129
19,2,124,0,-9,25,129
19,3,124,0,-10,24,129
19,4,126,0,-11,25,129
19,5,129,0,-12,27,129
19,6,129,0,-13,25,129
19,7,129,0,-14,24,129
0,1,1,0,119,1,79
0,2,1,0,118,1,79
0,3,1,0,117,1,79
0,4,1,0,116,1,79
0,5,1,0,115,1,79
0,6,1,0,114,1,79
0,7,2,0,113,2,79
1,1,2,0,112,2,79
1,2,3,0,111,3,79
1,3,4,0,110,4,79
1,4,4,0,109,4,79
1,5,5,0,108,5,79
1,6,5,0,107,5,79
1,7,5,0,106,5,79
2,1,7,0,105,7,79
2,2,8,0,104,8,79
2,3,8,0,103,8,79
2,4,8,0,102,8,79
2,5,9,0,101,9,79
2,6,9,0,100,9,79
3,1,10,0,99,10,79
3,2,10,0,98,10,79
3,3,10,0,97,10,79
3,4,10,0,96,10,79
3,5,10,0,95,10,79
3,6,10,0,94,10,79
3,7,10,0,93,10,79
4,1,10,0,92,10,79
4,2,10,0,91,10,79
4,3,10,0,90,10,79
4,4,11,0,89,10,79
4,5,11,0,88,10,79
4,6,11,0,87,10,79
5,1,12,0,86,11,79
5,2,12,0,85,11,79
5,3,12,0,84,11,79
5,4,12,0,83,10,79
5,5,12,0,82,10,79
5,6,16,0,81,13,79
6,1,16,0,80,12,79
6,2,16,0,79,12,79
6,3,17,0,78,12,79
6,4,18,0,77,13,79
6,5,19,0,76,14,79
6,6,19,0,75,12,79
6,7,20,0,74,12,79
7,1,21,0,73,13,79
7,2,21,0,72,13,79
7,3,22,0,71,13,79
7,4,22,0,70,13,79
7,5,23,0,69,13,79
7,6,23,0,68,13,79
8,1,23,0,67,13,79
8,2,25,0,66,15,79
8,3,29,0,65,19,79
8,4,30,0,64,20,79
8,5,31,0,63,21,79
8,6,35,0,62,25,79
9,1,35,0,61,25,79
9,2,36,0,60,26,79
9,3,36,0,59,25,79
9,4,37,0,58,26,79
9,5,37,0,57,26,79
9,6,37,0,56,25,79
10,1,37,0,55,25,79
10,2,37,0,54,25,79
10,3,37,0,53,25,79
10,4,37,0,52,25,79
10,5,37,0,51,21,79
10,6,37,0,50,21,79
11,1,37,0,49,21,79
11,2,37,0,48,20,79
11,3,37,0,47,19,79
11,4,38,0,46,19,79
11,5,39,0,45,20,79
11,6,40,0,44,20,79
12,1,40,0,43,19,79
12,2,41,0,42,20,79
12,3,42,0,41,20,79
12,4,43,0,40,21,79
12,5,43,0,39,20,79
12,6,43,0,38,20,79
12,7,43,0,37,20,79
13,1,45,0,36,20,79
13,2,45,0,35,16,79
13,3,45,0,34,15,79
13,4,45,0,33,14,79
13,5,45,0,32,10,79
13,6,46,0,31,11,79
14,1,47,0,30,11,79
14,2,48,0,29,12,79
14,3,49,0,28,12,79
14,4,50,0,27,13,79
14,5,50,0,26,13,79
14,6,50,0,25,13,79
14,7,51,0,24,14,79
15,1,55,0,23,18,79
15,2,56,0,22,19,79
15,3,57,0,21,20,79
15,4,58,0,20,21,79
15,5,59,0,19,22,79
15,6,60,0,18,23,79
16,1,60,0,17,23,79
16,2,61,0,16,23,79
16,3,61,0,15,22,79
16,4,62,0,14,22,79
16,5,62,0,13,22,79
16,6,63,0,12,22,79
17,1,64,0,11,22,79
17,2,65,0,10,22,79
17,3,66,0,9,23,79
17,4,67,0,8,24,79
17,5,67,0,7,24,79
17,6,68,0,6,23,79
18,1,69,0,5,24,79
18,2,70,0,4,25,79
18,3,70,0,3,25,79
18,4,71,0,2,26,79
18,5,72,0,1,26,79
18,6,73,0,0,26,79
19,1,73,0,-1,25,79
19,2,73,0,-2,24,79
19,3,75,0,-3,25,79
19,4,77,0,-4,27,79
19,5,78,0,-5,28,79
19,6,79,0,-6,28,79
0,1,0,0,119,0,108
0,2,2,0,118,2,108
0,3,3,0,117,3,108
0,4,3,0,116,3,108
0,5,4,0,115,4,108
0,6,4,0,114,4,108
0,7,4,0,113,4,108
1,1,5,0,112,5,108
1,2,5,0,111,5,108
1,3,5,0,110,5,108
1,4,5,0,109,5,108
1,5,5,0,108,5,108
1,6,10,0,107,10,108
1,7,11,0,106,11,108
2,1,11,0,105,11,108
2,2,12,0,104,12,108
2,3,12,0,103,12,108
2,4,13,0,102,13,108
2,5,14,0,101,14,108
2,6,15,0,100,15,108
2,7,15,0,99,15,108
2,8,15,0,98,15,108
2,9,16,0,97,16,108
3,1,17,0,96,17,108
3,2,18,0,95,18,108
3,3,18,0,94,18,108
3,4,18,0,93,18,108
3,5,19,0,92,19,108
3,6,20,0,91,20,108
3,7,21,0,90,21,108
3,8,22,0,89,22,108
4,1,24,0,88,22,108
4,2,28,0,87,25,108
4,3,28,0,86,25,108
4,4,30,0,85,26,108
4,5,34,0,84,30,108
4,6,34,0,83,30,108
5,1,34,0,82,29,108
5,2,35,0,81,30,108
5,3,37,0,80,32,108
5,4,37,0,79,32,108
5,5,37,0,78,32,108
5,6,39,0,77,29,108
6,1,39,0,76,28,108
6,2,39,0,75,28,108
6,3,40,0,74,28,108
6,4,40,0,73,28,108
6,5,42,0,72,29,108
6,6,43,0,71,29,108
7,1,45,0,70,30,108
7,2,46,0,69,31,108
7,3,47,0,68,32,108
7,4,47,0,67,31,108
7,5,47,0,66,30,108
7,6,47,0,65,29,108
8,1,47,0,64,29,108
8,2,48,0,63,30,108
8,3,48,0,62,29,108
8,4,48,0,61,28,108
8,5,49,0,60,28,108
8,6,49,0,59,27,108
9,1,49,0,58,25,108
9,2,51,0,57,23,108
9,3,51,0,56,23,108
9,4,52,0,55,22,108
9,5,53,0,54,19,108
9,6,55,0,53,21,108
9,7,56,0,52,22,108
10,1,56,0,51,21,108
10,2,56,0,50,19,108
10,3,56,0,49,19,108
10,4,56,0,48,19,108
10,5,57,0,47,18,108
10,6,57,0,46,18,108
11,1,58,0,45,19,108
11,2,59,0,44,19,108
11,3,61,0,43,21,108
11,4,61,0,42,19,108
11,5,62,0,41,19,108
11,6,64,0,40,19,108
12,1,65,0,39,19,108
12,2,66,0,38,19,108
12,3,66,0,37,19,108
12,4,66,0,36,19,108
12,5,67,0,35,20,108
12,6,68,0,34,21,108
13,1,69,0,33,21,108
13,2,70,0,32,22,108
13,3,71,0,31,23,108
13,4,72,0,30,23,108
13,5,72,0,29,23,108
13,6,72,0,28,23,108
14,1,73,0,27,22,108
14,2,73,0,26,22,108
14,3,73,0,25,21,108
14,4,74,0,24,21,108
14,5,74,0,23,19,108
14,6,74,0,22,18,108
14,7,74,0,21,18,108
15,1,75,0,20,19,108
15,2,75,0,19,19,108
15,3,76,0,18,20,108
15,4,76,0,17,19,108
15,5,76,0,16,19,108
15,6,77,0,15,19,108
16,1,77,0,14,18,108
16,2,77,0,13,16,108
16,3,78,0,12,17,108
16,4,79,0,11,17,108
16,5,81,0,10,17,108
16,6,82,0,9,17,108
17,1,83,0,8,17,108
17,2,84,0,7,18,108
17,3,86,0,6,20,108
17,4,87,0,5,20,108
17,5,88,0,4,20,108
17,6,89,0,3,20,108
17,7,90,0,2,20,108
18,1,91,0,1,20,108
18,2,91,0,0,19,108
18,3,92,0,-1,20,108
18,4,94,0,-2,22,108
18,5,94,0,-3,21,108
18,6,94,0,-4,21,108
18,7,98,0,-5,25,108
19,1,99,0,-6,25,108
19,2,102,0,-7,28,108
19,3,103,0,-8,29,108
19,4,105,0,-9,31,108
19,5,105,0,-10,30,108
19,6,106,0,-11,31,108
19,7,108,0,-12,32,108
0,1,1,0,119,1,80
0,2,3,0,118,3,80
0,3,7,0,117,7,80
0,4,7,0,116,7,80
0,5,7,0,115,7,80
0,6,8,0,114,8,80
0,7,8,0,113,8,80
0,8,8,0,112,8,80
1,1,9,0,111,9,80
1,2,9,0,110,9,80
1,3,9,0,109,9,80
1,4,9,0,108,9,80
1,5,9,0,107,9,80
1,6,10,0,106,10,80
2,1,10,0,105,10,80
2,2,10,0,104,10,80
2,3,10,0,103,10,80
2,4,10,0,102,10,80
2,5,10,0,101,10,80
2,6,11,0,100,11,80
3,1,11,0,99,11,80
3,2,11,0,98,11,80
3,3,11,0,97,11,80
3,4,12,0,96,12,80
3,5,12,0,95,12,80
3,6,13,0,94,13,80
4,1,13,0,93,13,80
4,2,14,0,92,14,80
4,3,14,0,91,14,80
4,4,14,0,90,14,80
4,5,14,0,89,13,80
4,6,18,0,88,15,80
5,1,19,0,87,12,80
5,2,20,0,86,13,80
5,3,20,0,85,13,80
5,4,21,0,84,13,80
5,5,21,0,83,13,80
5,6,21,0,82,13,80
6,1,22,0,81,13,80
6,2,25,0,80,16,80
6,3,26,0,79,17,80
6,4,26,0,78,17,80
6,5,27,0,77,18,80
6,6,27,0,76,17,80
6,7,27,0,75,17,80
7,1,27,0,74,17,80
7,2,28,0,73,18,80
7,3,28,0,72,18,80
7,4,29,0,71,19,80
7,5,30,0,70,19,80
7,6,30,0,69,19,80
7,7,30,0,68,19,80
8,1,30,0,67,19,80
8,2,30,0,66,18,80
8,3,31,0,65,19,80
8,4,32,0,64,19,80
8,5,32,0,63,19,80
8,6,32,0,62,18,80
9,1,32,0,61,18,80
9,2,33,0,60,19,80
9,3,33,0,59,19,80
9,4,33,0,58,15,80
9,5,34,0,57,15,80
9,6,36,0,56,16,80
10,1,38,0,55,18,80
10,2,39,0,54,18,80
10,3,39,0,53,18,80
10,4,39,0,52,18,80
10,5,39,0,51,17,80
10,6,40,0,50,15,80
11,1,40,0,49,14,80
11,2,40,0,48,14,80
11,3,40,0,47,13,80
11,4,40,0,46,13,80
11,5,40,0,45,13,80
11,6,41,0,44,14,80
12,1,41,0,43,13,80
12,2,41,0,42,13,80
12,3,42,0,41,13,80
12,4,42,0,40,12,80
12,5,43,0,39,13,80
12,6,44,0,38,14,80
12,7,45,0,37,15,80
13,1,47,0,36,17,80
13,2,48,0,35,17,80
13,3,48,0,34,16,80
13,4,49,0,33,17,80
13,5,49,0,32,17,80
13,6,50,0,31,18,80
14,1,52,0,30,19,80
14,2,52,0,29,19,80
14,3,54,0,28,21,80
14,4,54,0,27,20,80
14,5,56,0,26,20,80
14,6,57,0,25,19,80
14,7,59,0,24,20,80
15,1,59,0,23,20,80
15,2,59,0,22,20,80
15,3,59,0,21,20,80
15,4,59,0,20,19,80
15,5,59,0,19,19,80
15,6,60,0,18,20,80
16,1,61,0,17,21,80
16,2,62,0,16,22,80
16,3,62,0,15,22,80
16,4,64,0,14,23,80
16,5,65,0,13,24,80
16,6,66,0,12,25,80
16,7,66,0,11,24,80
17,1,67,0,10,25,80
17,2,67,0,9,24,80
17,3,68,0,8,24,80
17,4,70,0,7,25,80
17,5,71,0,6,24,80
17,6,72,0,5,24,80
18,1,76,0,4,28,80
18,2,76,0,3,27,80
18,3,76,0,2,27,80
18,4,76,0,1,26,80
18,5,76,0,0,24,80
18,6,76,0,-1,24,80
19,1,76,0,-2,22,80
19,2,77,0,-3,23,80
19,3,78,0,-4,22,80
19,4,78,0,-5,21,80
19,5,78,0,-6,19,80
19,6,79,0,-7,20,80
19,7,80,0,-8,21,80
0,1,0,0,119,0,31
0,2,0,0,118,0,31
0,3,0,0,117,0,31
0,4,0,0,116,0,31
0,5,0,0,115,0,31
0,6,0,0,114,0,31
1,1,1,0,113,1,31
1,2,1,0,112,1,31
1,3,1,0,111,1,31
1,4,2,0,110,2,31
1,5,2,0,109,2,31
1,6,2,0,108,2,31
1,7,3,0,107,3,31
1,8,3,0,106,3,31
1,9,3,0,105,3,31
2,1,3,0,104,3,31
2,2,3,0,103,3,31
2,3,3,0,102,3,31
2,4,3,0,101,3,31
2,5,3,0,100,3,31
2,6,3,0,99,3,31
3,1,3,0,98,3,31
3,2,3,0,97,3,31
3,3,3,0,96,3,31
3,4,3,0,95,3,31
3,5,4,0,94,4,31
3,6,5,0,93,5,31
4,1,5,0,92,5,31
4,2,9,0,91,9,31
4,3,9,0,90,9,31
4,4,11,0,89,11,31
4,5,11,0,88,11,31
4,6,11,0,87,11,31
5,1,11,0,86,11,31
5,2,11,0,85,11,31
5,3,11,0,84,11,31
5,4,11,0,83,10,31
5,5,11,0,82,10,31
5,6,11,0,81,10,31
6,1,11,0,80,9,31
6,2,11,0,79,9,31
6,3,12,0,78,10,31
6,4,12,0,77,9,31
6,5,12,0,76,9,31
6,6,12,0,75,9,31
7,1,12,0,74,9,31
7,2,12,0,73,9,31
7,3,12,0,72,9,31
7,4,12,0,71,9,31
7,5,12,0,70,9,31
7,6,12,0,69,9,31
8,1,12,0,68,9,31
8,2,12,0,67,9,31
8,3,12,0,66,9,31
8,4,12,0,65,9,31
8,5,12,0,64,8,31
8,6,12,0,63,7,31
9,1,12,0,62,7,31
9,2,14,0,61,5,31
9,3,14,0,60,5,31
9,4,16,0,59,5,31
9,5,16,0,58,5,31
9,6,16,0,57,5,31
10,1,16,0,56,5,31
10,2,16,0,55,5,31
10,3,16,0,54,5,31
10,4,17,0,53,6,31
10,5,18,0,52,7,31
10,6,18,0,51,7,31
10,7,18,0,50,7,31
11,1,19,0,49,8,31
11,2,20,0,48,8,31
11,3,20,0,47,8,31
11,4,20,0,46,8,31
11,5,20,0,45,8,31
11,6,20,0,44,8,31
12,1,21,0,43,9,31
12,2,22,0,42,10,31
12,3,22,0,41,10,31
12,4,23,0,40,11,31
12,5,23,0,39,11,31
12,6,23,0,38,11,31
13,1,24,0,37,12,31
13,2,24,0,36,12,31
13,3,25,0,35,13,31
13,4,25,0,34,13,31
13,5,26,0,33,14,31
13,6,26,0,32,14,31
14,1,26,0,31,12,31
14,2,26,0,30,12,31
14,3,26,0,29,10,31
14,4,26,0,28,10,31
14,5,26,0,27,10,31
14,6,26,0,26,10,31
15,1,26,0,25,10,31
15,2,26,0,24,10,31
15,3,26,0,23,9,31
15,4,26,0,22,8,31
15,5,26,0,21,8,31
15,6,26,0,20,8,31
16,1,26,0,19,7,31
16,2,27,0,18,7,31
16,3,27,0,17,7,31
16,4,27,0,16,7,31
16,5,27,0,15,7,31
16,6,27,0,14,7,31
17,1,28,0,13,7,31
17,2,28,0,12,6,31
17,3,28,0,11,6,31
17,4,28,0,10,5,31
17,5,28,0,9,5,31
17,6,28,0,8,5,31
18,1,28,0,7,4,31
18,2,30,0,6,6,31
18,3,31,0,5,6,31
18,4,31,0,4,6,31
18,5,31,0,3,5,31
18,6,31,0,2,5,31
18,7,31,0,1,5,31
19,1,31,0,0,5,31
19,2,31,0,-1,5,31
0,1,1,0,119,1,102
0,2,1,0,118,1,102
0,3,1,0,117,1,102
0,4,2,0,116,2,102
0,5,3,0,115,3,102
0,6,4,0,114,4,102
0,7,4,0,113,4,102
1,1,5,0,112,5,102
1,2,7,0,111,7,102
1,3,9,0,110,9,102
1,4,10,0,109,10,102
1,5,14,0,108,14,102
1,6,14,0,107,14,102
1,7,15,0,106,15,102
1,8,15,0,105,15,102
2,1,16,0,104,16,102
2,2,16,0,103,16,102
2,3,17,0,102,17,102
2,4,18,0,101,18,102
2,5,19,0,100,19,102
2,6,19,0,99,19,102
2,7,19,0,98,19,102
2,8,20,0,97,20,102
3,1,20,0,96,20,102
3,2,20,0,95,20,102
3,3,20,0,94,20,102
3,4,20,0,93,20,102
3,5,20,0,92,20,102
3,6,20,0,91,20,102
4,1,20,0,90,20,102
4,2,21,0,89,20,102
4,3,25,0,88,24,102
4,4,26,0,87,25,102
4,5,27,0,86,25,102
4,6,27,0,85,24,102
4,7,27,0,84,23,102
5,1,27,0,83,23,102
5,2,27,0,82,22,102
5,3,27,0,81,20,102
5,4,28,0,80,19,102
5,5,29,0,79,19,102
5,6,30,0,78,16,102
5,7,30,0,77,16,102
6,1,30,0,76,15,102
6,2,31,0,75,16,102
6,3,32,0,74,16,102
6,4,32,0,73,16,102
6,5,32,0,72,15,102
6,6,33,0,71,15,102
7,1,33,0,70,14,102
7,2,34,0,69,15,102
7,3,38,0,68,19,102
7,4,39,0,67,19,102
7,5,39,0,66,19,102
7,6,40,0,65,20,102
8,1,40,0,64,20,102
8,2,41,0,63,21,102
8,3,41,0,62,21,102
8,4,41,0,61,21,102
8,5,41,0,60,21,102
8,6,42,0,59,21,102
9,1,42,0,58,17,102
9,2,42,0,57,16,102
9,3,43,0,56,16,102
9,4,43,0,55,16,102
9,5,44,0,54,17,102
9,6,44,0,53,17,102
10,1,44,0,52,17,102
10,2,45,0,51,18,102
10,3,47,0,50,19,102
10,4,48,0,49,19,102
10,5,48,0,48,18,102
10,6,49,0,47,19,102
10,7,49,0,46,19,102
11,1,51,0,45,20,102
11,2,51,0,44,19,102
11,3,51,0,43,19,102
11,4,51,0,42,19,102
11,5,51,0,41,18,102
11,6,51,0,40,18,102
12,1,52,0,39,18,102
12,2,52,0,38,14,102
12,3,52,0,37,13,102
12,4,52,0,36,13,102
12,5,54,0,35,14,102
12,6,55,0,34,15,102
12,7,56,0,33,15,102
13,1,57,0,32,16,102
13,2,58,0,31,17,102
13,3,59,0,30,18,102
13,4,60,0,29,18,102
13,5,60,0,28,18,102
13,6,61,0,27,19,102
14,1,62,0,26,19,102
14,2,63,0,25,20,102
14,3,64,0,24,20,102
14,4,65,0,23,21,102
14,5,65,0,22,21,102
14,6,65,0,21,20,102
15,1,65,0,20,18,102
15,2,66,0,19,18,102
15,3,68,0,18,20,102
15,4,68,0,17,19,102
15,5,68,0,16,19,102
15,6,68,0,15,17,102
15,7,69,0,14,18,102
16,1,69,0,13,18,102
16,2,70,0,12,19,102
16,3,70,0,11,19,102
16,4,70,0,10,19,102
16,5,71,0,9,19,102
16,6,73,0,8,21,102
17,1,74,0,7,22,102
17,2,76,0,6,24,102
17,3,77,0,5,23,102
17,4,78,0,4,23,102
17,5,78,0,3,22,102
17,6,80,0,2,23,102
17,7,81,0,1,23,102
17,8,83,0,0,24,102
18,1,83,0,-1,23,102
18,2,83,0,-2,23,102
18,3,84,0,-3,23,102
18,4,88,0,-4,26,102
18,5,90,0,-5,27,102
18,6,91,0,-6,27,102
19,1,92,0,-7,27,102
19,2,93,0,-8,28,102
19,3,94,0,-9,29,102
19,4,96,0,-10,31,102
19,5,97,0,-11,31,102
19,6,98,0,-12,30,102
19,7,102,0,-13,34,102
0,1,0,0,119,0,83
0,2,0,0,118,0,83
0,3,0,0,117,0,83
0,4,1,0,116,1,83
0,5,1,0,115,1,83
0,6,1,0,114,1,83
1,1,3,0,113,3,83
1,2,3,0,112,3,83
1,3,3,0,111,3,83
1,4,3,0,110,3,83
1,5,3,0,109,3,83
1,6,3,0,108,3,83
2,1,4,0,107,4,83
2,2,4,0,106,4,83
2,3,5,0,105,5,83
2,4,5,0,104,5,83
2,5,5,0,103,5,83
2,6,6,0,102,6,83
2,7,6,0,101,6,83
3,1,6,0,100,6,83
3,2,6,0,99,6,83
3,3,6,0,98,6,83
3,4,7,0,97,7,83
3,5,7,0,96,7,83
3,6,8,0,95,8,83
3,7,10,0,94,10,83
4,1,10,0,93,10,83
4,2,11,0,92,11,83
4,3,11,0,91,11,83
4,4,12,0,90,12,83
4,5,13,0,89,13,83
4,6,14,0,88,14,83
5,1,15,0,87,15,83
5,2,15,0,86,14,83
5,3,16,0,85,15,83
5,4,16,0,84,15,83
5,5,17,0,83,14,83
5,6,17,0,82,14,83
6,1,18,0,81,15,83
6,2,18,0,80,15,83
6,3,18,0,79,15,83
6,4,18,0,78,15,83
6,5,19,0,77,15,83
6,6,23,0,76,19,83
6,7,23,0,75,18,83
7,1,23,0,74,18,83
7,2,23,0,73,18,83
7,3,23,0,72,17,83
7,4,25,0,71,19,83
7,5,26,0,70,20,83
7,6,26,0,69,20,83
7,7,26,0,68,20,83
8,1,26,0,67,19,83
8,2,26,0,66,19,83
8,3,28,0,65,20,83
8,4,28,0,64,18,83
8,5,30,0,63,20,83
8,6,32,0,62,21,83
9,1,33,0,61,22,83
9,2,34,0,60,22,83
9,3,38,0,59,25,83
9,4,39,0,58,25,83
9,5,39,0,57,24,83
9,6,39,0,56,24,83
9,7,39,0,55,23,83
10,1,39,0,54,23,83
10,2,39,0,53,22,83
10,3,39,0,52,22,83
10,4,40,0,51,22,83
10,5,40,0,50,22,83
10,6,44,0,49,26,83
11,1,44,0,48,26,83
11,2,45,0,47,26,83
11,3,45,0,46,22,83
11,4,45,0,45,22,83
11,5,47,0,44,24,83
11,6,47,0,43,24,83
12,1,48,0,42,25,83
12,2,48,0,41,23,83
12,3,49,0,40,23,83
12,4,50,0,39,24,83
12,5,51,0,38,25,83
12,6,52,0,37,26,83
13,1,53,0,36,27,83
13,2,53,0,35,25,83
13,3,54,0,34,26,83
13,4,55,0,33,25,83
13,5,57,0,32,25,83
13,6,58,0,31,25,83
14,1,59,0,30,25,83
14,2,60,0,29,22,83
14,3,64,0,28,25,83
14,4,65,0,27,26,83
14,5,67,0,26,28,83
14,6,67,0,25,28,83
15,1,68,0,24,29,83
15,2,69,0,23,30,83
15,3,69,0,22,30,83
15,4,69,0,21,29,83
15,5,69,0,20,29,83
15,6,69,0,19,25,83
16,1,69,0,18,25,83
16,2,70,0,17,25,83
16,3,70,0,16,25,83
16,4,71,0,15,26,83
16,5,72,0,14,25,83
16,6,72,0,13,25,83
17,1,73,0,12,25,83
17,2,73,0,11,25,83
17,3,73,0,10,24,83
17,4,73,0,9,23,83
17,5,73,0,8,22,83
17,6,73,0,7,21,83
17,7,73,0,6,20,83
18,1,74,0,5,21,83
18,2,76,0,4,22,83
18,3,76,0,3,21,83
18,4,77,0,2,20,83
18,5,77,0,1,19,83
18,6,77,0,0,18,83
19,1,77,0,-1,17,83
19,2,77,0,-2,13,83
19,3,79,0,-3,14,83
19,4,81,0,-4,14,83
19,5,82,0,-5,15,83
19,6,82,0,-6,14,83
19,7,83,0,-7,14,83
0,1,0,0,119,0,34
0,2,0,0,118,0,34
0,3,0,0,117,0,34
0,4,1,0,116,1,34
0,5,2,0,115,2,34
0,6,2,0,114,2,34
0,7,2,0,113,2,34
1,1,2,0,112,2,34
1,2,2,0,111,2,34
1,3,2,0,110,2,34
1,4,2,0,109,2,34
1,5,2,0,108,2,34
1,6,3,0,107,3,34
2,1,3,0,106,3,34
2,2,4,0,105,4,34
2,3,5,0,104,5,34
2,4,6,0,103,6,34
2,5,6,0,102,6,34
2,6,6,0,101,6,34
3,1,6,0,100,6,34
3,2,6,0,99,6,34
3,3,10,0,98,10,34
3,4,10,0,97,10,34
3,5,11,0,96,11,34
3,6,11,0,95,11,34
4,1,11,0,94,11,34
4,2,12,0,93,12,34
4,3,12,0,92,12,34
4,4,13,0,91,13,34
4,5,13,0,90,13,34
4,6,13,0,89,13,34
5,1,13,0,88,13,34
5,2,14,0,87,14,34
5,3,14,0,86,13,34
5,4,14,0,85,12,34
5,5,15,0,84,13,34
5,6,16,0,83,14,34
6,1,17,0,82,15,34
6,2,17,0,81,15,34
6,3,17,0,80,15,34
6,4,17,0,79,15,34
6,5,17,0,78,15,34
6,6,17,0,77,14,34
7,1,17,0,76,14,34
7,2,17,0,75,13,34
7,3,18,0,74,13,34
7,4,18,0,73,12,34
7,5,18,0,72,12,34
7,6,19,0,71,13,34
8,1,19,0,70,13,34
8,2,19,0,69,13,34
8,3,19,0,68,9,34
8,4,20,0,67,10,34
8,5,20,0,66,9,34
8,6,20,0,65,9,34
9,1,20,0,64,9,34
9,2,20,0,63,8,34
9,3,20,0,62,8,34
9,4,20,0,61,7,34
9,5,20,0,60,7,34
9,6,20,0,59,7,34
10,1,20,0,58,7,34
10,2,20,0,57,6,34
10,3,20,0,56,6,34
10,4,21,0,55,7,34
10,5,22,0,54,7,34
10,6,22,0,53,6,34
11,1,22,0,52,5,34
11,2,22,0,51,5,34
11,3,22,0,50,5,34
11,4,22,0,49,5,34
11,5,22,0,48,5,34
11,6,22,0,47,5,34
12,1,22,0,46,5,34
12,2,23,0,45,6,34
12,3,23,0,44,5,34
12,4,24,0,43,6,34
12,5,24,0,42,6,34
12,6,24,0,41,5,34
13,1,25,0,40,6,34
13,2,25,0,39,6,34
13,3,25,0,38,6,34
13,4,25,0,37,5,34
13,5,25,0,36,5,34
13,6,25,0,35,5,34
14,1,25,0,34,5,34
14,2,25,0,33,5,34
14,3,25,0,32,5,34
14,4,26,0,31,6,34
14,5,26,0,30,6,34
14,6,26,0,29,6,34
15,1,27,0,28,7,34
15,2,27,0,27,7,34
15,3,27,0,26,7,34
15,4,27,0,25,6,34
15,5,28,0,24,6,34
15,6,28,0,23,6,34
15,7,28,0,22,6,34
16,1,29,0,21,7,34
16,2,30,0,20,8,34
16,3,30,0,19,8,34
16,4,30,0,18,8,34
16,5,30,0,17,8,34
16,6,30,0,16,8,34
16,7,30,0,15,7,34
17,1,30,0,14,7,34
17,2,31,0,13,7,34
17,3,31,0,12,7,34
17,4,31,0,11,7,34
17,5,31,0,10,6,34
17,6,31,0,9,6,34
18,1,31,0,8,6,34
18,2,31,0,7,6,34
18,3,31,0,6,6,34
18,4,31,0,5,6,34
18,5,31,0,4,6,34
18,6,31,0,3,6,34
19,1,32,0,2,7,34
19,2,33,0,1,7,34
19,3,33,0,0,7,34
19,4,33,0,-1,7,34
19,5,34,0,-2,7,34
19,6,34,0,-3,7,34
0,1,0,0,119,0,94
0,2,0,0,118,0,94
0,3,0,0,117,0,94
0,4,2,0,116,2,94
0,5,2,0,115,2,94
0,6,2,0,114,2,94
1,1,3,0,113,3,94
1,2,3,0,112,3,94
1,3,3,0,111,3,94
1,4,3,0,110,3,94
1,5,3,0,109,3,94
1,6,3,0,108,3,94
2,1,4,0,107,4,94
2,2,4,0,106,4,94
2,3,4,0,105,4,94
2,4,6,0,104,6,94
2,5,7,0,103,7,94
2,6,7,0,102,7,94
2,7,7,0,101,7,94
3,1,7,0,100,7,94
3,2,8,0,99,8,94
3,3,8,0,98,8,94
3,4,8,0,97,8,94
3,5,8,0,96,8,94
3,6,9,0,95,9,94
4,1,9,0,94,9,94
4,2,10,0,93,10,94
4,3,11,0,92,11,94
4,4,11,0,91,11,94
4,5,13,0,90,13,94
4,6,13,0,89,13,94
5,1,13,0,88,13,94
5,2,15,0,87,15,94
5,3,15,0,86,13,94
5,4,17,0,85,15,94
5,5,17,0,84,15,94
5,6,21,0,83,18,94
6,1,23,0,82,20,94
6,2,23,0,81,20,94
6,3,24,0,80,21,94
6,4,25,0,79,22,94
6,5,25,0,78,22,94
6,6,26,0,77,22,94
7,1,27,0,76,23,94
7,2,31,0,75,27,94
7,3,32,0,74,26,94
7,4,32,0,73,25,94
7,5,32,0,72,25,94
7,6,33,0,71,26,94
8,1,33,0,70,26,94
8,2,33,0,69,25,94
8,3,33,0,68,25,94
8,4,34,0,67,26,94
8,5,36,0,66,28,94
8,6,36,0,65,27,94
9,1,36,0,64,27,94
9,2,36,0,63,26,94
9,3,36,0,62,25,94
9,4,36,0,61,25,94
9,5,37,0,60,24,94
9,6,37,0,59,24,94
10,1,37,0,58,24,94
10,2,37,0,57,22,94
10,3,37,0,56,22,94
10,4,38,0,55,21,94
10,5,38,0,54,21,94
10,6,39,0,53,18,94
11,1,40,0,52,17,94
11,2,40,0,51,17,94
11,3,40,0,50,16,94
11,4,40,0,49,15,94
11,5,40,0,48,15,94
11,6,41,0,47,15,94
12,1,41,0,46,14,94
12,2,41,0,45,10,94
12,3,41,0,44,9,94
12,4,41,0,43,9,94
12,5,41,0,42,9,94
12,6,41,0,41,8,94
13,1,41,0,40,8,94
13,2,42,0,39,9,94
13,3,42,0,38,9,94
13,4,42,0,37,8,94
13,5,46,0,36,10,94
13,6,49,0,35,13,94
13,7,53,0,34,17,94
13,8,53,0,33,17,94
14,1,53,0,32,17,94
14,2,55,0,31,19,94
14,3,56,0,30,19,94
14,4,56,0,29,19,94
14,5,58,0,28,21,94
14,6,58,0,27,21,94
14,7,59,0,26,22,94
15,1,61,0,25,23,94
15,2,61,0,24,23,94
15,3,62,0,23,23,94
15,4,66,0,22,26,94
15,5,66,0,21,26,94
15,6,67,0,20,27,94
16,1,68,0,19,28,94
16,2,69,0,18,29,94
16,3,69,0,17,28,94
16,4,70,0,16,29,94
16,5,71,0,15,30,94
16,6,72,0,14,31,94
17,1,72,0,13,31,94
17,2,76,0,12,35,94
17,3,77,0,11,36,94
17,4,78,0,10,37,94
17,5,78,0,9,36,94
17,6,78,0,8,36,94
18,1,78,0,7,36,94
18,2,78,0,6,32,94
18,3,79,0,5,30,94
18,4,80,0,4,27,94
18,5,82,0,3,29,94
18,6,82,0,2,29,94
19,1,83,0,1,28,94
19,2,84,0,0,28,94
19,3,88,0,-1,32,94
19,4,90,0,-2,32,94
19,5,92,0,-3,34,94
19,6,93,0,-4,34,94
19,7,94,0,-5,33,94
0,1,1,0,119,1,78
0,2,1,0,118,1,78
0,3,1,0,117,1,78
0,4,2,0,116,2,78
0,5,2,0,115,2,78
0,6,3,0,114,3,78
1,1,3,0,113,3,78
1,2,3,0,112,3,78
1,3,3,0,111,3,78
1,4,3,0,110,3,78
1,5,3,0,109,3,78
1,6,5,0,108,5,78
2,1,5,0,107,5,78
2,2,5,0,106,5,78
2,3,5,0,105,5,78
2,4,7,0,104,7,78
2,5,7,0,103,7,78
2,6,7,0,102,7,78
3,1,7,0,101,7,78
3,2,7,0,100,7,78
3,3,7,0,99,7,78
3,4,7,0,98,7,78
3,5,8,0,97,8,78
3,6,9,0,96,9,78
3,7,9,0,95,9,78
4,1,9,0,94,9,78
4,2,9,0,93,9,78
4,3,13,0,92,13,78
4,4,13,0,91,13,78
4,5,13,0,90,13,78
4,6,13,0,89,12,78
5,1,14,0,88,13,78
5,2,15,0,87,14,78
5,3,15,0,86,13,78
5,4,17,0,85,15,78
5,5,17,0,84,14,78
5,6,17,0,83,14,78
6,1,17,0,82,14,78
6,2,17,0,81,14,78
6,3,18,0,80,15,78
6,4,20,0,79,17,78
6,5,22,0,78,17,78
6,6,22,0,77,17,78
7,1,22,0,76,17,78
7,2,22,0,75,17,78
7,3,23,0,74,16,78
7,4,23,0,73,16,78
7,5,24,0,72,17,78
7,6,24,0,71,17,78
8,1,24,0,70,17,78
8,2,25,0,69,18,78
8,3,25,0,68,18,78
8,4,26,0,67,18,78
8,5,26,0,66,17,78
8,6,26,0,65,17,78
9,1,27,0,64,18,78
9,2,28,0,63,19,78
9,3,28,0,62,15,78
9,4,29,0,61,16,78
9,5,29,0,60,16,78
9,6,31,0,59,18,78
9,7,33,0,58,19,78
9,8,34,0,57,19,78
9,9,34,0,56,19,78
10,1,35,0,55,18,78
10,2,35,0,54,18,78
10,3,37,0,53,20,78
10,4,39,0,52,22,78
10,5,40,0,51,23,78
10,6,40,0,50,22,78
11,1,40,0,49,20,78
11,2,41,0,48,19,78
11,3,41,0,47,19,78
11,4,41,0,46,19,78
11,5,41,0,45,19,78
11,6,42,0,44,19,78
12,1,46,0,43,23,78
12,2,47,0,42,23,78
12,3,47,0,41,23,78
12,4,47,0,40,23,78
12,5,49,0,39,24,78
12,6,49,0,38,24,78
13,1,50,0,37,24,78
13,2,51,0,36,25,78
13,3,51,0,35,25,78
13,4,52,0,34,25,78
13,5,54,0,33,26,78
13,6,55,0,32,27,78
14,1,55,0,31,26,78
14,2,56,0,30,27,78
14,3,57,0,29,26,78
14,4,57,0,28,24,78
14,5,59,0,27,25,78
14,6,59,0,26,25,78
14,7,59,0,25,24,78
15,1,63,0,24,28,78
15,2,64,0,23,27,78
15,3,65,0,22,26,78
15,4,65,0,21,25,78
15,5,65,0,20,25,78
15,6,65,0,19,25,78
16,1,66,0,18,25,78
16,2,67,0,17,26,78
16,3,69,0,16,28,78
16,4,70,0,15,29,78
16,5,70,0,14,28,78
16,6,71,0,13,25,78
16,7,71,0,12,24,78
17,1,72,0,11,25,78
17,2,73,0,10,26,78
17,3,74,0,9,25,78
17,4,76,0,8,27,78
17,5,76,0,7,26,78
17,6,76,0,6,25,78
18,1,76,0,5,25,78
18,2,76,0,4,24,78
18,3,77,0,3,23,78
18,4,77,0,2,22,78
18,5,78,0,1,23,78
18,6,78,0,0,22,78
19,1,78,0,-1,21,78
19,2,78,0,-2,21,78
0,1,1,0,119,1,170
0,2,1,0,118,1,170
0,3,1,0,117,1,170
0,4,2,0,116,2,170
0,5,3,0,115,3,170
0,6,4,0,114,4,170
1,1,4,0,113,4,170
1,2,9,0,112,9,170
1,3,10,0,111,10,170
1,4,11,0,110,11,170
1,5,11,0,109,11,170
1,6,11,0,108,11,170
1,7,12,0,107,12,170
2,1,12,0,106,12,170
2,2,12,0,105,12,170
2,3,12,0,104,12,170
2,4,13,0,103,13,170
2,5,13,0,102,13,170
2,6,14,0,101,14,170
3,1,14,0,100,14,170
3,2,15,0,99,15,170
3,3,15,0,98,15,170
3,4,15,0,97,15,170
3,5,15,0,96,15,170
3,6,15,0,95,15,170
4,1,16,0,94,16,170
4,2,17,0,93,17,170
4,3,17,0,92,17,170
4,4,18,0,91,18,170
4,5,18,0,90,18,170
4,6,19,0,89,18,170
4,7,23,0,88,22,170
5,1,27,0,87,26,170
5,2,27,0,86,25,170
5,3,32,0,85,29,170
5,4,36,0,84,32,170
5,5,36,0,83,32,170
5,6,36,0,82,27,170
5,7,36,0,81,26,170
6,1,37,0,80,26,170
6,2,38,0,79,27,170
6,3,39,0,78,28,170
6,4,39,0,77,27,170
6,5,40,0,76,28,170
6,6,41,0,75,29,170
6,7,41,0,74,29,170
6,8,42,0,73,29,170
6,9,43,0,72,30,170
7,1,44,0,71,30,170
7,2,45,0,70,31,170
7,3,46,0,69,31,170
7,4,47,0,68,32,170
7,5,47,0,67,32,170
7,6,47,0,66,32,170
8,1,48,0,65,33,170
8,2,49,0,64,33,170
8,3,50,0,63,33,170
8,4,51,0,62,34,170
8,5,52,0,61,34,170
8,6,52,0,60,34,170
9,1,52,0,59,33,170
9,2,53,0,58,30,170
9,3,55,0,57,28,170
9,4,61,0,56,34,170
9,5,61,0,55,29,170
9,6,61,0,54,25,170
9,7,61,0,53,25,170
10,1,62,0,52,26,170
10,2,63,0,51,27,170
10,3,64,0,50,27,170
10,4,64,0,49,26,170
10,5,64,0,48,25,170
10,6,64,0,47,25,170
11,1,65,0,46,25,170
11,2,65,0,45,24,170
11,3,65,0,44,24,170
11,4,69,0,43,27,170
11,5,69,0,42,26,170
11,6,69,0,41,25,170
12,1,70,0,40,25,170
12,2,74,0,39,28,170
12,3,76,0,38,29,170
12,4,76,0,37,29,170
12,5,78,0,36,31,170
12,6,80,0,35,32,170
13,1,86,0,34,37,170
13,2,87,0,33,37,170
13,3,88,0,32,37,170
13,4,88,0,31,36,170
13,5,89,0,30,37,170
13,6,90,0,29,38,170
14,1,96,0,28,43,170
14,2,97,0,27,42,170
14,3,98,0,26,37,170
14,4,98,0,25,37,170
14,5,104,0,24,43,170
14,6,105,0,23,44,170
14,7,105,0,22,43,170
15,1,106,0,21,43,170
15,2,108,0,20,44,170
15,3,109,0,19,45,170
15,4,115,0,18,51,170
15,5,117,0,17,53,170
15,6,119,0,16,54,170
16,1,120,0,15,55,170
16,2,121,0,14,56,170
16,3,122,0,13,53,170
16,4,123,0,12,54,170
16,5,125,0,11,56,170
16,6,126,0,10,56,170
17,1,128,0,9,54,170
17,2,129,0,8,53,170
17,3,135,0,7,59,170
17,4,136,0,6,58,170
17,5,142,0,5,62,170
17,6,148,0,4,62,170
18,1,149,0,3,62,170
18,2,150,0,2,62,170
18,3,152,0,1,64,170
18,4,153,0,0,64,170
18,5,154,0,-1,64,170
18,6,155,0,-2,59,170
19,1,156,0,-3,59,170
19,2,157,0,-4,59,170
19,3,157,0,-5,59,170
19,4,158,0,-6,54,170
19,5,159,0,-7,54,170
19,6,161,0,-8,56,170
19,7,164,0,-9,58,170
19,8,170,0,-10,62,170
0,1,5,0,119,5,106
0,2,6,0,118,6,106
0,3,7,0,117,7,106
0,4,7,0,116,7,106
0,5,7,0,115,7,106
0,6,7,0,114,7,106
0,7,7,0,113,7,106
0,8,7,0,112,7,106
1,1,7,0,111,7,106
1,2,8,0,110,8,106
1,3,10,0,109,10,106
1,4,11,0,108,11,106
1,5,12,0,107,12,106
1,6,12,0,106,12,106
1,7,12,0,105,12,106
2,1,12,0,104,12,106
2,2,12,0,103,12,106
2,3,13,0,102,13,106
2,4,13,0,101,13,106
2,5,13,0,100,13,106
2,6,13,0,99,13,106
3,1,17,0,98,17,106
3,2,19,0,97,19,106
3,3,19,0,96,19,106
3,4,19,0,95,19,106
3,5,19,0,94,19,106
3,6,19,0,93,19,106
4,1,20,0,92,20,106
4,2,20,0,91,20,106
4,3,20,0,90,20,106
4,4,21,0,89,16,106
4,5,21,0,88,15,106
4,6,22,0,87,15,106
5,1,22,0,86,15,106
5,2,26,0,85,19,106
5,3,26,0,84,19,106
5,4,27,0,83,20,106
5,5,27,0,82,20,106
5,6,27,0,81,20,106
6,1,28,0,80,20,106
6,2,29,0,79,19,106
6,3,30,0,78,19,106
6,4,31,0,77,19,106
6,5,32,0,76,20,106
6,6,33,0,75,21,106
7,1,33,0,74,21,106
7,2,33,0,73,21,106
7,3,37,0,72,24,106
7,4,38,0,71,25,106
7,5,39,0,70,26,106
7,6,39,0,69,26,106
8,1,39,0,68,22,106
8,2,40,0,67,21,106
8,3,41,0,66,22,106
8,4,41,0,65,22,106
8,5,45,0,64,26,106
8,6,46,0,63,27,106
9,1,46,0,62,26,106
9,2,47,0,61,27,106
9,3,48,0,60,28,106
9,4,48,0,59,27,106
9,5,48,0,58,27,106
9,6,48,0,57,26,106
10,1,49,0,56,27,106
10,2,50,0,55,24,106
10,3,50,0,54,24,106
10,4,51,0,53,24,106
10,5,52,0,52,25,106
10,6,53,0,51,26,106
11,1,59,0,50,31,106
11,2,59,0,49,30,106
11,3,59,0,48,29,106
11,4,59,0,47,28,106
11,5,59,0,46,27,106
11,6,60,0,45,27,106
12,1,61,0,44,28,106
12,2,61,0,43,28,106
12,3,61,0,42,24,106
12,4,61,0,41,23,106
12,5,61,0,40,22,106
12,6,61,0,39,22,106
13,1,62,0,38,23,106
13,2,66,0,37,26,106
13,3,67,0,36,26,106
13,4,68,0,35,27,106
13,5,69,0,34,24,106
13,6,70,0,33,24,106
14,1,70,0,32,24,106
14,2,72,0,31,25,106
14,3,72,0,30,24,106
14,4,72,0,29,24,106
14,5,72,0,28,24,106
14,6,73,0,27,25,106
15,1,78,0,26,29,106
15,2,79,0,25,29,106
15,3,80,0,24,30,106
15,4,81,0,23,30,106
15,5,81,0,22,29,106
15,6,82,0,21,29,106
15,7,82,0,20,23,106
16,1,82,0,19,23,106
16,2,83,0,18,24,106
16,3,83,0,17,24,106
16,4,83,0,16,24,106
16,5,84,0,15,24,106
16,6,84,0,14,23,106
17,1,84,0,13,23,106
17,2,84,0,12,23,106
17,3,85,0,11,24,106
17,4,85,0,10,24,106
17,5,87,0,9,26,106
17,6,87,0,8,25,106
18,1,93,0,7,27,106
18,2,99,0,6,32,106
18,3,100,0,5,32,106
18,4,101,0,4,32,106
18,5,102,0,3,32,106
18,6,102,0,2,32,106
19,1,103,0,1,31,106
19,2,104,0,0,32,106
19,3,105,0,-1,33,106
19,4,106,0,-2,34,106
19,5,106,0,-3,33,106
0,1,4,0,119,4,143
0,2,4,0,118,4,143
0,3,5,0,117,5,143
0,4,6,0,116,6,143
0,5,7,0,115,7,143
0,6,9,0,114,9,143
0,7,13,0,113,13,143
0,8,13,0,112,13,143
1,1,14,0,111,14,143
1,2,18,0,110,18,143
1,3,18,0,109,18,143
1,4,20,0,108,20,143
1,5,24,0,107,24,143
1,6,28,0,106,28,143
2,1,28,0,105,28,143
2,2,29,0,104,29,143
2,3,30,0,103,30,143
2,4,31,0,102,31,143
2,5,32,0,101,32,143
2,6,32,0,100,32,143
3,1,36,0,99,36,143
3,2,40,0,98,40,143
3,3,41,0,97,41,143
3,4,42,0,96,42,143
3,5,43,0,95,43,143
3,6,44,0,94,44,143
4,1,48,0,93,48,143
4,2,49,0,92,49,143
4,3,49,0,91,49,143
4,4,49,0,90,49,143
4,5,50,0,89,46,143
4,6,50,0,88,46,143
5,1,50,0,87,45,143
5,2,52,0,86,46,143
5,3,52,0,85,45,143
5,4,52,0,84,43,143
5,5,54,0,83,41,143
5,6,58,0,82,45,143
6,1,59,0,81,45,143
6,2,59,0,80,41,143
6,3,59,0,79,41,143
6,4,60,0,78,40,143
6,5,60,0,77,36,143
6,6,62,0,76,34,143
7,1,63,0,75,35,143
7,2,63,0,74,34,143
7,3,63,0,73,33,143
7,4,64,0,72,33,143
7,5,65,0,71,33,143
7,6,66,0,70,34,143
8,1,70,0,69,34,143
8,2,71,0,68,31,143
8,3,71,0,67,30,143
8,4,71,0,66,29,143
8,5,72,0,65,29,143
8,6,73,0,64,29,143
9,1,73,0,63,25,143
9,2,74,0,62,25,143
9,3,75,0,61,26,143
9,4,76,0,60,27,143
9,5,76,0,59,26,143
9,6,77,0,58,27,143
10,1,81,0,57,31,143
10,2,82,0,56,30,143
10,3,83,0,55,31,143
10,4,83,0,54,31,143
10,5,87,0,53,33,143
10,6,88,0,52,30,143
11,1,89,0,51,30,143
11,2,89,0,50,30,143
11,3,90,0,49,31,143
11,4,91,0,48,31,143
11,5,92,0,47,32,143
11,6,92,0,46,30,143
12,1,93,0,45,30,143
12,2,94,0,44,31,143
12,3,94,0,43,31,143
12,4,94,0,42,30,143
12,5,94,0,41,29,143
12,6,95,0,40,29,143
13,1,96,0,39,26,143
13,2,96,0,38,25,143
13,3,97,0,37,26,143
13,4,98,0,36,27,143
13,5,99,0,35,27,143
13,6,100,0,34,27,143
14,1,100,0,33,27,143
14,2,101,0,32,27,143
14,3,102,0,31,27,143
14,4,103,0,30,27,143
14,5,104,0,29,28,143
14,6,104,0,28,27,143
15,1,105,0,27,24,143
15,2,105,0,26,23,143
15,3,106,0,25,23,143
15,4,107,0,24,24,143
15,5,108,0,23,21,143
15,6,109,0,22,21,143
15,7,110,0,21,21,143
16,1,111,0,20,22,143
16,2,111,0,19,21,143
16,3,112,0,18,21,143
16,4,112,0,17,20,143
16,5,112,0,16,20,143
16,6,113,0,15,20,143
17,1,114,0,14,20,143
17,2,114,0,13,20,143
17,3,114,0,12,20,143
17,4,114,0,11,20,143
17,5,115,0,10,20,143
17,6,116,0,9,20,143
18,1,117,0,8,21,143
18,2,118,0,7,21,143
18,3,119,0,6,21,143
18,4,123,0,5,24,143
18,5,126,0,4,26,143
18,6,127,0,3,27,143
18,7,131,0,2,30,143
18,8,137,0,1,35,143
19,1,138,0,0,35,143
19,2,139,0,-1,35,143
19,3,140,0,-2,36,143
19,4,141,0,-3,36,143
19,5,142,0,-4,37,143
19,6,143,0,-5,37,143
0,1,4,0,119,4,167
0,2,8,0,118,8,167
0,3,8,0,117,8,167
0,4,8,0,116,8,167
0,5,9,0,115,9,167
0,6,10,0,114,10,167
1,1,11,0,113,11,167
1,2,11,0,112,11,167
1,3,17,0,111,17,167
1,4,18,0,110,18,167
1,5,18,0,109,18,167
1,6,18,0,108,18,167
2,1,18,0,107,18,167
2,2,22,0,106,22,167
2,3,23,0,105,23,167
2,4,24,0,104,24,167
2,5,30,0,103,30,167
2,6,31,0,102,31,167
3,1,35,0,101,35,167
3,2,39,0,100,39,167
3,3,39,0,99,39,167
3,4,39,0,98,39,167
3,5,43,0,97,43,167
3,6,43,0,96,43,167
4,1,43,0,95,43,167
4,2,44,0,94,44,167
4,3,46,0,93,46,167
4,4,52,0,92,52,167
4,5,52,0,91,52,167
4,6,52,0,90,52,167
5,1,54,0,89,50,167
5,2,58,0,88,50,167
5,3,62,0,87,54,167
5,4,63,0,86,55,167
5,5,64,0,85,55,167
5,6,65,0,84,55,167
5,7,67,0,83,56,167
6,1,68,0,82,57,167
6,2,68,0,81,51,167
6,3,68,0,80,50,167
6,4,68,0,79,50,167
6,5,68,0,78,50,167
6,6,69,0,77,51,167
7,1,75,0,76,53,167
7,2,76,0,75,53,167
7,3,76,0,74,52,167
7,4,77,0,73,47,167
7,5,78,0,72,47,167
7,6,79,0,71,44,167
8,1,79,0,70,40,167
8,2,80,0,69,41,167
8,3,81,0,68,42,167
8,4,82,0,67,39,167
8,5,82,0,66,39,167
8,6,82,0,65,39,167
9,1,84,0,64,40,167
9,2,84,0,63,38,167
9,3,84,0,62,32,167
9,4,84,0,61,32,167
9,5,85,0,60,33,167
9,6,85,0,59,31,167
10,1,86,0,58,28,167
10,2,87,0,57,25,167
10,3,87,0,56,24,167
10,4,88,0,55,24,167
10,5,88,0,54,23,167
10,6,92,0,53,25,167
10,7,92,0,52,24,167
11,1,98,0,51,30,167
11,2,98,0,50,30,167
11,3,99,0,49,31,167
11,4,101,0,48,33,167
11,5,101,0,47,32,167
11,6,101,0,46,26,167
12,1,101,0,45,25,167
12,2,102,0,44,26,167
12,3,103,0,43,26,167
12,4,105,0,42,27,167
12,5,105,0,41,26,167
12,6,106,0,40,27,167
12,7,106,0,39,26,167
13,1,107,0,38,26,167
13,2,108,0,37,26,167
13,3,108,0,36,26,167
13,4,109,0,35,27,167
13,5,110,0,34,26,167
13,6,110,0,33,26,167
14,1,111,0,32,27,167
14,2,112,0,31,28,167
14,3,113,0,30,28,167
14,4,113,0,29,28,167
14,5,114,0,28,28,167
14,6,115,0,27,28,167
14,7,116,0,26,29,167
15,1,117,0,25,29,167
15,2,118,0,24,30,167
15,3,122,0,23,30,167
15,4,128,0,22,36,167
15,5,134,0,21,36,167
15,6,136,0,20,38,167
16,1,136,0,19,37,167
16,2,136,0,18,35,167
16,3,137,0,17,36,167
16,4,139,0,16,38,167
16,5,140,0,15,39,167
16,6,141,0,14,39,167
17,1,142,0,13,39,167
17,2,142,0,12,37,167
17,3,148,0,11,43,167
17,4,150,0,10,44,167
17,5,156,0,9,50,167
17,6,156,0,8,49,167
18,1,156,0,7,48,167
18,2,157,0,6,49,167
18,3,157,0,5,48,167
18,4,158,0,4,48,167
18,5,159,0,3,49,167
18,6,160,0,2,49,167
19,1,160,0,1,48,167
19,2,160,0,0,47,167
19,3,166,0,-1,53,167
19,4,167,0,-2,53,167
19,5,167,0,-3,52,167
19,6,167,0,-4,51,167
0,1,1,0,119,1,140
0,2,1,0,118,1,140
0,3,5,0,117,5,140
0,4,5,0,116,5,140
0,5,7,0,115,7,140
0,6,10,0,114,10,140
0,7,10,0,113,10,140
1,1,14,0,112,14,140
1,2,15,0,111,15,140
1,3,15,0,110,15,140
1,4,15,0,109,15,140
1,5,16,0,108,16,140
1,6,16,0,107,16,140
2,1,17,0,106,17,140
2,2,17,0,105,17,140
2,3,17,0,104,17,140
2,4,18,0,103,18,140
2,5,18,0,102,18,140
2,6,19,0,101,19,140
2,7,19,0,100,19,140
2,8,19,0,99,19,140
3,1,20,0,98,20,140
3,2,20,0,97,20,140
3,3,20,0,96,20,140
3,4,20,0,95,20,140
3,5,24,0,94,24,140
3,6,24,0,93,24,140
4,1,25,0,92,25,140
4,2,25,0,91,25,140
4,3,25,0,90,25,140
4,4,25,0,89,24,140
4,5,29,0,88,28,140
4,6,29,0,87,24,140
5,1,29,0,86,24,140
5,2,33,0,85,26,140
5,3,33,0,84,23,140
5,4,37,0,83,27,140
5,5,37,0,82,23,140
5,6,37,0,81,22,140
6,1,38,0,80,23,140
6,2,39,0,79,24,140
6,3,41,0,78,25,140
6,4,42,0,77,26,140
6,5,43,0,76,26,140
6,6,43,0,75,26,140
7,1,44,0,74,27,140
7,2,44,0,73,26,140
7,3,44,0,72,26,140
7,4,46,0,71,27,140
7,5,46,0,70,27,140
7,6,47,0,69,28,140
8,1,48,0,68,28,140
8,2,48,0,67,28,140
8,3,48,0,66,28,140
8,4,49,0,65,29,140
8,5,49,0,64,25,140
8,6,50,0,63,26,140
9,1,50,0,62,25,140
9,2,51,0,61,26,140
9,3,52,0,60,27,140
9,4,52,0,59,27,140
9,5,54,0,58,25,140
9,6,55,0,57,26,140
10,1,56,0,56,27,140
10,2,57,0,55,24,140
10,3,58,0,54,25,140
10,4,58,0,53,21,140
10,5,60,0,52,23,140
10,6,64,0,51,27,140
11,1,66,0,50,28,140
11,2,67,0,49,28,140
11,3,69,0,48,28,140
11,4,70,0,47,28,140
11,5,70,0,46,27,140
11,6,70,0,45,27,140
12,1,71,0,44,27,140
12,2,72,0,43,28,140
12,3,74,0,42,30,140
12,4,76,0,41,30,140
12,5,76,0,40,30,140
12,6,77,0,39,30,140
13,1,77,0,38,29,140
13,2,78,0,37,30,140
13,3,79,0,36,31,140
13,4,80,0,35,31,140
13,5,80,0,34,31,140
13,6,80,0,33,30,140
14,1,80,0,32,30,140
14,2,80,0,31,29,140
14,3,82,0,30,30,140
14,4,83,0,29,31,140
14,5,84,0,28,30,140
14,6,84,0,27,29,140
15,1,86,0,26,30,140
15,2,87,0,25,30,140
15,3,88,0,24,30,140
15,4,89,0,23,31,140
15,5,93,0,22,33,140
15,6,97,0,21,33,140
16,1,103,0,20,37,140
16,2,104,0,19,37,140
16,3,110,0,18,41,140
16,4,111,0,17,41,140
16,5,112,0,16,42,140
16,6,118,0,15,48,140
17,1,120,0,14,49,140
17,2,121,0,13,49,140
17,3,125,0,12,51,140
17,4,126,0,11,50,140
17,5,127,0,10,51,140
17,6,127,0,9,50,140
18,1,128,0,8,51,140
18,2,129,0,7,51,140
18,3,130,0,6,51,140
18,4,130,0,5,50,140
18,5,131,0,4,51,140
18,6,131,0,3,51,140
19,1,132,0,2,52,140
19,2,133,0,1,53,140
19,3,137,0,0,55,140
19,4,139,0,-1,56,140
19,5,140,0,-2,56,140
19,6,140,0,-3,56,140
0,1,0,0,119,0,103
0,2,1,0,118,1,103
0,3,2,0,117,2,103
0,4,3,0,116,3,103
0,5,3,0,115,3,103
0,6,7,0,114,7,103
0,7,7,0,113,7,103
0,8,7,0,112,7,103
1,1,13,0,111,13,103
1,2,13,0,110,13,103
1,3,17,0,109,17,103
1,4,17,0,108,17,103
1,5,17,0,107,17,103
1,6,19,0,106,19,103
2,1,23,0,105,23,103
2,2,27,0,104,27,103
2,3,28,0,103,28,103
2,4,30,0,102,30,103
2,5,30,0,101,30,103
2,6,30,0,100,30,103
3,1,30,0,99,30,103
3,2,30,0,98,30,103
3,3,30,0,97,30,103
3,4,30,0,96,30,103
3,5,31,0,95,31,103
3,6,31,0,94,31,103
4,1,31,0,93,31,103
4,2,36,0,92,36,103
4,3,36,0,91,36,103
4,4,38,0,90,38,103
4,5,39,0,89,39,103
4,6,39,0,88,38,103
4,7,40,0,87,38,103
5,1,40,0,86,37,103
5,2,40,0,85,37,103
5,3,42,0,84,35,103
5,4,42,0,83,35,103
5,5,46,0,82,39,103
5,6,46,0,81,33,103
6,1,46,0,80,33,103
6,2,46,0,79,29,103
6,3,46,0,78,29,103
6,4,46,0,77,29,103
6,5,47,0,76,28,103
6,6,47,0,75,24,103
7,1,48,0,74,21,103
7,2,49,0,73,21,103
7,3,51,0,72,21,103
7,4,52,0,71,22,103
7,5,53,0,70,23,103
7,6,54,0,69,24,103
8,1,55,0,68,25,103
8,2,55,0,67,25,103
8,3,56,0,66,26,103
8,4,56,0,65,25,103
8,5,56,0,64,25,103
8,6,57,0,63,26,103
9,1,59,0,62,23,103
9,2,63,0,61,27,103
9,3,63,0,60,25,103
9,4,63,0,59,24,103
9,5,64,0,58,25,103
9,6,65,0,57,25,103
10,1,65,0,56,25,103
10,2,65,0,55,25,103
10,3,66,0,54,24,103
10,4,66,0,53,24,103
10,5,67,0,52,21,103
10,6,67,0,51,21,103
11,1,67,0,50,21,103
11,2,68,0,49,22,103
11,3,68,0,48,22,103
11,4,68,0,47,22,103
11,5,68,0,46,21,103
11,6,68,0,45,21,103
12,1,68,0,44,20,103
12,2,68,0,43,19,103
12,3,68,0,42,17,103
12,4,68,0,41,16,103
12,5,68,0,40,15,103
12,6,68,0,39,14,103
13,1,68,0,38,13,103
13,2,68,0,37,13,103
13,3,69,0,36,13,103
13,4,69,0,35,13,103
13,5,69,0,34,13,103
13,6,69,0,33,12,103
14,1,69,0,32,10,103
14,2,69,0,31,6,103
14,3,69,0,30,6,103
14,4,73,0,29,10,103
14,5,74,0,28,10,103
14,6,74,0,27,9,103
15,1,74,0,26,9,103
15,2,74,0,25,9,103
15,3,75,0,24,9,103
15,4,75,0,23,9,103
15,5,76,0,22,9,103
15,6,76,0,21,9,103
16,1,80,0,20,13,103
16,2,80,0,19,12,103
16,3,80,0,18,12,103
16,4,82,0,17,14,103
16,5,82,0,16,14,103
16,6,86,0,15,18,103
17,1,88,0,14,20,103
17,2,89,0,13,21,103
17,3,89,0,12,21,103
17,4,90,0,11,22,103
17,5,90,0,10,22,103
17,6,90,0,9,22,103
17,7,90,0,8,22,103
18,1,90,0,7,22,103
18,2,92,0,6,23,103
18,3,92,0,5,23,103
18,4,92,0,4,23,103
18,5,93,0,3,24,103
18,6,93,0,2,24,103
19,1,94,0,1,25,103
19,2,95,0,0,26,103
19,3,99,0,-1,26,103
19,4,100,0,-2,26,103
19,5,101,0,-3,27,103
19,6,103,0,-4,29,103
0,1,1,0,119,1,149
0,2,1,0,118,1,149
0,3,1,0,117,1,149
0,4,2,0,116,2,149
0,5,2,0,115,2,149
0,6,3,0,114,3,149
1,1,4,0,113,4,149
1,2,5,0,112,5,149
1,3,6,0,111,6,149
1,4,10,0,110,10,149
1,5,11,0,109,11,149
1,6,12,0,108,12,149
2,1,14,0,107,14,149
2,2,14,0,106,14,149
2,3,15,0,105,15,149
2,4,17,0,104,17,149
2,5,17,0,103,17,149
2,6,18,0,102,18,149
3,1,19,0,101,19,149
3,2,19,0,100,19,149
3,3,19,0,99,19,149
3,4,21,0,98,21,149
3,5,22,0,97,22,149
3,6,22,0,96,22,149
4,1,26,0,95,26,149
4,2,30,0,94,30,149
4,3,36,0,93,36,149
4,4,36,0,92,36,149
4,5,36,0,91,36,149
4,6,36,0,90,36,149
5,1,38,0,89,37,149
5,2,39,0,88,38,149
5,3,44,0,87,43,149
5,4,45,0,86,43,149
5,5,49,0,85,47,149
5,6,50,0,84,47,149
5,7,54,0,83,50,149
6,1,54,0,82,49,149
6,2,55,0,81,49,149
6,3,55,0,80,45,149
6,4,55,0,79,44,149
6,5,56,0,78,44,149
6,6,57,0,77,43,149
6,7,57,0,76,43,149
6,8,58,0,75,43,149
7,1,58,0,74,41,149
7,2,59,0,73,42,149
7,3,60,0,72,42,149
7,4,60,0,71,41,149
7,5,61,0,70,42,149
7,6,62,0,69,43,149
8,1,63,0,68,42,149
8,2,64,0,67,42,149
8,3,65,0,66,43,149
8,4,66,0,65,40,149
8,5,67,0,64,37,149
8,6,67,0,63,31,149
9,1,68,0,62,32,149
9,2,74,0,61,38,149
9,3,74,0,60,38,149
9,4,75,0,59,37,149
9,5,79,0,58,40,149
9,6,80,0,57,36,149
10,1,84,0,56,39,149
10,2,85,0,55,36,149
10,3,86,0,54,36,149
10,4,87,0,53,33,149
10,5,87,0,52,33,149
10,6,91,0,51,36,149
11,1,91,0,50,36,149
11,2,92,0,49,37,149
11,3,92,0,48,36,149
11,4,92,0,47,35,149
11,5,93,0,46,36,149
11,6,94,0,45,36,149
12,1,96,0,44,38,149
12,2,96,0,43,37,149
12,3,97,0,42,37,149
12,4,99,0,41,39,149
12,5,100,0,40,39,149
12,6,101,0,39,39,149
13,1,101,0,38,38,149
13,2,102,0,37,38,149
13,3,103,0,36,38,149
13,4,103,0,35,37,149
13,5,104,0,34,37,149
13,6,104,0,33,37,149
13,7,104,0,32,36,149
14,1,105,0,31,31,149
14,2,106,0,30,32,149
14,3,107,0,29,32,149
14,4,107,0,28,28,149
14,5,107,0,27,27,149
14,6,111,0,26,27,149
15,1,112,0,25,27,149
15,2,114,0,24,28,149
15,3,120,0,23,33,149
15,4,124,0,22,37,149
15,5,125,0,21,34,149
15,6,125,0,20,34,149
16,1,126,0,19,34,149
16,2,127,0,18,35,149
16,3,127,0,17,35,149
16,4,128,0,16,35,149
16,5,129,0,15,35,149
16,6,130,0,14,34,149
17,1,131,0,13,35,149
17,2,131,0,12,34,149
17,3,132,0,11,33,149
17,4,133,0,10,33,149
17,5,134,0,9,33,149
17,6,136,0,8,35,149
18,1,136,0,7,34,149
18,2,136,0,6,33,149
18,3,137,0,5,34,149
18,4,138,0,4,34,149
18,5,144,0,3,40,149
18,6,144,0,2,40,149
19,1,145,0,1,40,149
19,2,145,0,0,39,149
19,3,146,0,-1,39,149
19,4,147,0,-2,40,149
19,5,148,0,-3,41,149
19,6,149,0,-4,38,149
0,1,0,0,119,0,92
0,2,0,0,118,0,92
0,3,0,0,117,0,92
0,4,4,0,116,4,92
0,5,4,0,115,4,92
0,6,5,0,114,5,92
1,1,5,0,113,5,92
1,2,5,0,112,5,92
1,3,6,0,111,6,92
1,4,6,0,110,6,92
1,5,6,0,109,6,92
1,6,6,0,108,6,92
2,1,6,0,107,6,92
2,2,6,0,106,6,92
2,3,6,0,105,6,92
2,4,7,0,104,7,92
2,5,7,0,103,7,92
2,6,7,0,102,7,92
3,1,8,0,101,8,92
3,2,8,0,100,8,92
3,3,9,0,99,9,92
3,4,9,0,98,9,92
3,5,9,0,97,9,92
3,6,10,0,96,10,92
3,7,10,0,95,10,92
4,1,10,0,94,10,92
4,2,10,0,93,10,92
4,3,10,0,92,10,92
4,4,10,0,91,10,92
4,5,10,0,90,10,92
4,6,10,0,89,10,92
5,1,10,0,88,10,92
5,2,11,0,87,11,92
5,3,12,0,86,8,92
5,4,12,0,85,8,92
5,5,13,0,84,8,92
5,6,13,0,83,8,92
6,1,14,0,82,9,92
6,2,15,0,81,9,92
6,3,17,0,80,11,92
6,4,18,0,79,12,92
6,5,18,0,78,12,92
6,6,18,0,77,12,92
7,1,18,0,76,12,92
7,2,18,0,75,12,92
7,3,18,0,74,11,92
7,4,19,0,73,12,92
7,5,20,0,72,13,92
7,6,21,0,71,13,92
8,1,22,0,70,14,92
8,2,28,0,69,19,92
8,3,28,0,68,19,92
8,4,29,0,67,20,92
8,5,29,0,66,19,92
8,6,31,0,65,21,92
9,1,32,0,64,22,92
9,2,33,0,63,23,92
9,3,33,0,62,23,92
9,4,34,0,61,24,92
9,5,35,0,60,25,92
9,6,39,0,59,29,92
10,1,39,0,58,29,92
10,2,40,0,57,29,92
10,3,40,0,56,28,92
10,4,40,0,55,28,92
10,5,41,0,54,28,92
10,6,42,0,53,29,92
11,1,43,0,52,29,92
11,2,43,0,51,28,92
11,3,44,0,50,27,92
11,4,45,0,49,27,92
11,5,46,0,48,28,92
11,6,47,0,47,29,92
11,7,48,0,46,30,92
12,1,48,0,45,30,92
12,2,49,0,44,31,92
12,3,50,0,43,31,92
12,4,50,0,42,30,92
12,5,51,0,41,30,92
12,6,51,0,40,29,92
13,1,51,0,39,23,92
13,2,51,0,38,23,92
13,3,52,0,37,23,92
13,4,53,0,36,24,92
13,5,54,0,35,23,92
13,6,55,0,34,23,92
14,1,56,0,33,23,92
14,2,56,0,32,23,92
14,3,56,0,31,22,92
14,4,57,0,30,22,92
14,5,58,0,29,19,92
14,6,58,0,28,19,92
15,1,61,0,27,21,92
15,2,63,0,26,23,92
15,3,63,0,25,23,92
15,4,64,0,24,23,92
15,5,65,0,23,23,92
15,6,65,0,22,22,92
15,7,66,0,21,23,92
16,1,66,0,20,22,92
16,2,67,0,19,22,92
16,3,73,0,18,27,92
16,4,74,0,17,27,92
16,5,75,0,16,27,92
16,6,76,0,15,28,92
17,1,77,0,14,28,92
17,2,78,0,13,28,92
17,3,80,0,12,30,92
17,4,81,0,11,30,92
17,5,82,0,10,31,92
17,6,82,0,9,31,92
18,1,83,0,8,32,92
18,2,83,0,7,31,92
18,3,84,0,6,31,92
18,4,85,0,5,31,92
18,5,86,0,4,31,92
18,6,87,0,3,31,92
19,1,88,0,2,32,92
19,2,92,0,1,36,92
19,3,92,0,0,35,92
0,1,0,0,119,0,149
0,2,0,0,118,0,149
0,3,1,0,117,1,149
0,4,2,0,116,2,149
0,5,8,0,115,8,149
0,6,8,0,114,8,149
1,1,8,0,113,8,149
1,2,9,0,112,9,149
1,3,9,0,111,9,149
1,4,9,0,110,9,149
1,5,9,0,109,9,149
1,6,9,0,108,9,149
2,1,9,0,107,9,149
2,2,10,0,106,10,149
2,3,14,0,105,14,149
2,4,15,0,104,15,149
2,5,15,0,103,15,149
2,6,17,0,102,17,149
3,1,18,0,101,18,149
3,2,19,0,100,19,149
3,3,20,0,99,20,149
3,4,24,0,98,24,149
3,5,24,0,97,24,149
3,6,24,0,96,24,149
3,7,28,0,95,28,149
4,1,29,0,94,29,149
4,2,35,0,93,35,149
4,3,35,0,92,35,149
4,4,35,0,91,35,149
4,5,35,0,90,35,149
4,6,36,0,89,36,149
5,1,36,0,88,36,149
5,2,37,0,87,36,149
5,3,37,0,86,35,149
5,4,37,0,85,29,149
5,5,37,0,84,29,149
5,6,38,0,83,30,149
6,1,39,0,82,30,149
6,2,39,0,81,30,149
6,3,40,0,80,31,149
6,4,40,0,79,31,149
6,5,40,0,78,31,149
6,6,40,0,77,31,149
6,7,40,0,76,30,149
7,1,40,0,75,26,149
7,2,40,0,74,25,149
7,3,41,0,73,26,149
7,4,41,0,72,24,149
7,5,42,0,71,24,149
7,6,46,0,70,27,149
8,1,46,0,69,26,149
8,2,46,0,68,22,149
8,3,46,0,67,22,149
8,4,47,0,66,23,149
8,5,47,0,65,19,149
8,6,48,0,64,19,149
9,1,49,0,63,14,149
9,2,50,0,62,15,149
9,3,51,0,61,16,149
9,4,51,0,60,16,149
9,5,52,0,59,16,149
9,6,53,0,58,17,149
9,7,54,0,57,17,149
10,1,55,0,56,18,149
10,2,56,0,55,19,149
10,3,57,0,54,20,149
10,4,58,0,53,20,149
10,5,59,0,52,20,149
10,6,60,0,51,21,149
10,7,66,0,50,26,149
11,1,70,0,49,30,149
11,2,71,0,48,31,149
11,3,77,0,47,37,149
11,4,79,0,46,39,149
11,5,81,0,45,41,149
11,6,82,0,44,42,149
12,1,86,0,43,45,149
12,2,86,0,42,45,149
12,3,92,0,41,50,149
12,4,93,0,40,47,149
12,5,95,0,39,49,149
12,6,95,0,38,49,149
13,1,96,0,37,50,149
13,2,97,0,36,50,149
13,3,98,0,35,51,149
13,4,104,0,34,56,149
13,5,105,0,33,56,149
13,6,105,0,32,55,149
13,7,106,0,31,55,149
14,1,107,0,30,56,149
14,2,108,0,29,56,149
14,3,108,0,28,55,149
14,4,109,0,27,55,149
14,5,110,0,26,55,149
14,6,111,0,25,55,149
15,1,112,0,24,55,149
15,2,113,0,23,55,149
15,3,113,0,22,54,149
15,4,113,0,21,53,149
15,5,114,0,20,48,149
15,6,115,0,19,45,149
16,1,115,0,18,44,149
16,2,117,0,17,40,149
16,3,117,0,16,38,149
16,4,118,0,15,37,149
16,5,118,0,14,36,149
16,6,119,0,13,33,149
16,7,123,0,12,37,149
17,1,124,0,11,32,149
17,2,125,0,10,32,149
17,3,131,0,9,36,149
17,4,131,0,8,36,149
17,5,133,0,7,37,149
17,6,134,0,6,37,149
18,1,135,0,5,37,149
18,2,136,0,4,32,149
18,3,142,0,3,37,149
18,4,142,0,2,37,149
18,5,145,0,1,39,149
18,6,145,0,0,38,149
18,7,145,0,-1,37,149
19,1,145,0,-2,37,149
19,2,149,0,-3,40,149
19,3,149,0,-4,39,149
19,4,149,0,-5,38,149
19,5,149,0,-6,37,149
19,6,149,0,-7,36,149
0,1,0,0,119,0,123
0,2,0,0,118,0,123
0,3,4,0,117,4,123
0,4,4,0,116,4,123
0,5,5,0,115,5,123
0,6,6,0,114,6,123
1,1,6,0,113,6,123
1,2,6,0,112,6,123
1,3,7,0,111,7,123
1,4,8,0,110,8,123
1,5,8,0,109,8,123
1,6,12,0,108,12,123
2,1,16,0,107,16,123
2,2,16,0,106,16,123
2,3,20,0,105,20,123
2,4,20,0,104,20,123
2,5,20,0,103,20,123
2,6,22,0,102,22,123
3,1,24,0,101,24,123
3,2,25,0,100,25,123
3,3,26,0,99,26,123
3,4,26,0,98,26,123
3,5,26,0,97,26,123
3,6,27,0,96,27,123
3,7,27,0,95,27,123
4,1,27,0,94,27,123
4,2,28,0,93,28,123
4,3,28,0,92,28,123
4,4,32,0,91,32,123
4,5,32,0,90,32,123
4,6,32,0,89,32,123
5,1,33,0,88,33,123
5,2,33,0,87,29,123
5,3,34,0,86,30,123
5,4,35,0,85,30,123
5,5,35,0,84,29,123
5,6,35,0,83,29,123
6,1,35,0,82,29,123
6,2,37,0,81,30,123
6,3,37,0,80,29,123
6,4,37,0,79,29,123
6,5,37,0,78,25,123
6,6,38,0,77,22,123
7,1,38,0,76,22,123
7,2,39,0,75,19,123
7,3,39,0,74,19,123
7,4,40,0,73,20,123
7,5,41,0,72,19,123
7,6,41,0,71,17,123
8,1,42,0,70,17,123
8,2,42,0,69,16,123
8,3,42,0,68,16,123
8,4,43,0,67,17,123
8,5,44,0,66,17,123
8,6,44,0,65,17,123
8,7,45,0,64,18,123
9,1,46,0,63,18,123
9,2,46,0,62,18,123
9,3,47,0,61,15,123
9,4,48,0,60,16,123
9,5,49,0,59,17,123
9,6,49,0,58,16,123
10,1,50,0,57,17,123
10,2,50,0,56,16,123
10,3,50,0,55,15,123
10,4,50,0,54,15,123
10,5,51,0,53,16,123
10,6,52,0,52,17,123
11,1,58,0,51,21,123
11,2,59,0,50,22,123
11,3,60,0,49,23,123
11,4,61,0,48,24,123
11,5,62,0,47,24,123
11,6,62,0,46,24,123
12,1,68,0,45,29,123
12,2,68,0,44,29,123
12,3,68,0,43,28,123
12,4,69,0,42,28,123
12,5,70,0,41,29,123
12,6,71,0,40,29,123
13,1,72,0,39,30,123
13,2,73,0,38,31,123
13,3,77,0,37,34,123
13,4,83,0,36,39,123
13,5,84,0,35,40,123
13,6,85,0,34,40,123
13,7,87,0,33,41,123
13,8,88,0,32,42,123
14,1,88,0,31,41,123
14,2,89,0,30,41,123
14,3,89,0,29,40,123
14,4,90,0,28,41,123
14,5,91,0,27,41,123
14,6,92,0,26,42,123
15,1,92,0,25,42,123
15,2,93,0,24,43,123
15,3,95,0,23,44,123
15,4,96,0,22,44,123
15,5,97,0,21,39,123
15,6,101,0,20,42,123
16,1,101,0,19,41,123
16,2,101,0,18,40,123
16,3,105,0,17,43,123
16,4,106,0,16,44,123
16,5,107,0,15,39,123
16,6,108,0,14,40,123
17,1,108,0,13,40,123
17,2,108,0,12,39,123
17,3,109,0,11,39,123
17,4,110,0,10,39,123
17,5,112,0,9,40,123
17,6,113,0,8,40,123
18,1,113,0,7,36,123
18,2,113,0,6,30,123
18,3,113,0,5,29,123
18,4,114,0,4,29,123
18,5,114,0,3,27,123
18,6,115,0,2,27,123
19,1,115,0,1,27,123
19,2,115,0,0,26,123
19,3,116,0,-1,27,123
19,4,122,0,-2,32,123
19,5,123,0,-3,32,123
0,1,0,0,119,0,135
0,2,0,0,118,0,135
0,3,1,0,117,1,135
0,4,1,0,116,1,135
0,5,1,0,115,1,135
0,6,1,0,114,1,135
0,7,1,0,113,1,135
1,1,1,0,112,1,135
1,2,1,0,111,1,135
1,3,1,0,110,1,135
1,4,1,0,109,1,135
1,5,1,0,108,1,135
1,6,7,0,107,7,135
2,1,7,0,106,7,135
2,2,8,0,105,8,135
2,3,14,0,104,14,135
2,4,18,0,103,18,135
2,5,18,0,102,18,135
2,6,24,0,101,24,135
3,1,24,0,100,24,135
3,2,25,0,99,25,135
3,3,25,0,98,25,135
3,4,25,0,97,25,135
3,5,26,0,96,26,135
3,6,26,0,95,26,135
4,1,26,0,94,26,135
4,2,32,0,93,32,135
4,3,32,0,92,32,135
4,4,33,0,91,33,135
4,5,33,0,90,33,135
4,6,34,0,89,34,135
5,1,34,0,88,34,135
5,2,40,0,87,39,135
5,3,42,0,86,41,135
5,4,43,0,85,42,135
5,5,43,0,84,42,135
5,6,45,0,83,44,135
6,1,46,0,82,45,135
6,2,50,0,81,49,135
6,3,51,0,80,50,135
6,4,52,0,79,51,135
6,5,52,0,78,51,135
6,6,53,0,77,46,135
6,7,53,0,76,46,135
6,8,54,0,75,46,135
7,1,55,0,74,41,135
7,2,56,0,73,38,135
7,3,56,0,72,38,135
7,4,56,0,71,32,135
7,5,56,0,70,32,135
7,6,57,0,69,32,135
8,1,58,0,68,33,135
8,2,58,0,67,33,135
8,3,58,0,66,32,135
8,4,59,0,65,33,135
8,5,60,0,64,34,135
8,6,60,0,63,28,135
8,7,61,0,62,29,135
9,1,61,0,61,28,135
9,2,61,0,60,28,135
9,3,61,0,59,27,135
9,4,62,0,58,28,135
9,5,63,0,57,23,135
9,6,63,0,56,21,135
10,1,64,0,55,21,135
10,2,64,0,54,21,135
10,3,65,0,53,20,135
10,4,65,0,52,19,135
10,5,65,0,51,15,135
10,6,65,0,50,14,135
11,1,66,0,49,14,135
11,2,67,0,48,15,135
11,3,68,0,47,15,135
11,4,68,0,46,15,135
11,5,68,0,45,14,135
11,6,70,0,44,15,135
12,1,70,0,43,14,135
12,2,70,0,42,14,135
12,3,72,0,41,16,135
12,4,73,0,40,17,135
12,5,73,0,39,16,135
12,6,74,0,38,16,135
13,1,80,0,37,22,135
13,2,82,0,36,24,135
13,3,82,0,35,23,135
13,4,83,0,34,23,135
13,5,84,0,33,24,135
13,6,84,0,32,23,135
14,1,85,0,31,24,135
14,2,85,0,30,24,135
14,3,89,0,29,28,135
14,4,89,0,28,27,135
14,5,89,0,27,26,135
14,6,89,0,26,26,135
15,1,91,0,25,27,135
15,2,92,0,24,28,135
15,3,96,0,23,31,135
15,4,97,0,22,32,135
15,5,97,0,21,32,135
15,6,98,0,20,33,135
15,7,99,0,19,33,135
16,1,100,0,18,33,135
16,2,101,0,17,33,135
16,3,101,0,16,33,135
16,4,102,0,15,34,135
16,5,103,0,14,33,135
16,6,103,0,13,33,135
16,7,109,0,12,39,135
16,8,110,0,11,38,135
16,9,110,0,10,37,135
17,1,111,0,9,38,135
17,2,115,0,8,41,135
17,3,116,0,7,36,135
17,4,116,0,6,34,135
17,5,116,0,5,34,135
17,6,116,0,4,33,135
17,7,117,0,3,33,135
18,1,117,0,2,33,135
18,2,118,0,1,33,135
18,3,119,0,0,34,135
18,4,120,0,-1,31,135
18,5,120,0,-2,31,135
18,6,120,0,-3,31,135
19,1,126,0,-4,37,135
19,2,132,0,-5,41,135
19,3,132,0,-6,40,135
19,4,133,0,-7,37,135
19,5,134,0,-8,37,135
19,6,135,0,-9,38,135
0,1,0,0,119,0,153
0,2,0,0,118,0,153
0,3,1,0,117,1,153
0,4,2,0,116,2,153
0,5,2,0,115,2,153
0,6,6,0,114,6,153
1,1,7,0,113,7,153
1,2,7,0,112,7,153
1,3,7,0,111,7,153
1,4,8,0,110,8,153
1,5,9,0,109,9,153
1,6,9,0,108,9,153
2,1,13,0,107,13,153
2,2,13,0,106,13,153
2,3,13,0,105,13,153
2,4,13,0,104,13,153
2,5,13,0,103,13,153
2,6,13,0,102,13,153
3,1,14,0,101,14,153
3,2,15,0,100,15,153
3,3,15,0,99,15,153
3,4,15,0,98,15,153
3,5,17,0,97,17,153
3,6,17,0,96,17,153
4,1,21,0,95,21,153
4,2,21,0,94,21,153
4,3,25,0,93,25,153
4,4,25,0,92,25,153
4,5,26,0,91,26,153
4,6,26,0,90,26,153
5,1,27,0,89,27,153
5,2,28,0,88,28,153
5,3,29,0,87,28,153
5,4,30,0,86,28,153
5,5,31,0,85,29,153
5,6,31,0,84,25,153
6,1,32,0,83,25,153
6,2,32,0,82,25,153
6,3,34,0,81,27,153
6,4,34,0,80,26,153
6,5,35,0,79,26,153
6,6,35,0,78,26,153
6,7,35,0,77,22,153
7,1,35,0,76,22,153
7,2,35,0,75,22,153
7,3,36,0,74,23,153
7,4,36,0,73,23,153
7,5,37,0,72,24,153
7,6,38,0,71,24,153
8,1,38,0,70,23,153
8,2,38,0,69,23,153
8,3,39,0,68,24,153
8,4,39,0,67,22,153
8,5,40,0,66,23,153
8,6,41,0,65,20,153
9,1,43,0,64,22,153
9,2,44,0,63,19,153
9,3,46,0,62,21,153
9,4,47,0,61,21,153
9,5,47,0,60,21,153
9,6,47,0,59,20,153
10,1,48,0,58,20,153
10,2,49,0,57,20,153
10,3,51,0,56,21,153
10,4,52,0,55,21,153
10,5,52,0,54,21,153
10,6,53,0,53,21,153
11,1,54,0,52,22,153
11,2,55,0,51,21,153
11,3,56,0,50,22,153
11,4,58,0,49,23,153
11,5,59,0,48,24,153
11,6,59,0,47,24,153
12,1,60,0,46,25,153
12,2,62,0,45,27,153
12,3,62,0,44,26,153
12,4,63,0,43,27,153
12,5,63,0,42,26,153
12,6,63,0,41,25,153
12,7,67,0,40,29,153
13,1,67,0,39,29,153
13,2,69,0,38,30,153
13,3,70,0,37,31,153
13,4,71,0,36,31,153
13,5,72,0,35,31,153
13,6,73,0,34,30,153
14,1,74,0,33,30,153
14,2,80,0,32,34,153
14,3,81,0,31,34,153
14,4,82,0,30,35,153
14,5,83,0,29,36,153
14,6,84,0,28,36,153
15,1,86,0,27,37,153
15,2,87,0,26,36,153
15,3,87,0,25,35,153
15,4,87,0,24,35,153
15,5,88,0,23,35,153
15,6,88,0,22,34,153
16,1,89,0,21,34,153
16,2,93,0,20,37,153
16,3,94,0,19,36,153
16,4,95,0,18,36,153
16,5,96,0,17,37,153
16,6,100,0,16,40,153
16,7,101,0,15,39,153
17,1,102,0,14,40,153
17,2,103,0,13,40,153
17,3,104,0,12,41,153
17,4,104,0,11,41,153
17,5,108,0,10,41,153
17,6,108,0,9,41,153
17,7,108,0,8,39,153
18,1,114,0,7,44,153
18,2,115,0,6,44,153
18,3,119,0,5,47,153
18,4,120,0,4,47,153
18,5,121,0,3,47,153
18,6,127,0,2,47,153
19,1,131,0,1,50,153
19,2,137,0,0,55,153
19,3,143,0,-1,60,153
19,4,145,0,-2,61,153
19,5,147,0,-3,61,153
19,6,153,0,-4,66,153
0,1,0,0,119,0,201
0,2,0,0,118,0,201
0,3,0,0,117,0,201
0,4,0,0,116,0,201
0,5,0,0,115,0,201
0,6,6,0,114,6,201
1,1,6,0,113,6,201
1,2,10,0,112,10,201
1,3,10,0,111,10,201
1,4,16,0,110,16,201
1,5,20,0,109,20,201
1,6,20,0,108,20,201
2,1,24,0,107,24,201
2,2,26,0,106,26,201
2,3,27,0,105,27,201
2,4,29,0,104,29,201
2,5,31,0,103,31,201
2,6,31,0,102,31,201
3,1,31,0,101,31,201
3,2,35,0,100,35,201
3,3,42,0,99,42,201
3,4,43,0,98,43,201
3,5,49,0,97,49,201
3,6,49,0,96,49,201
3,7,49,0,95,49,201
3,8,55,0,94,55,201
4,1,56,0,93,56,201
4,2,56,0,92,56,201
4,3,56,0,91,56,201
4,4,57,0,90,57,201
4,5,63,0,89,63,201
4,6,63,0,88,63,201
5,1,63,0,87,63,201
5,2,63,0,86,63,201
5,3,64,0,85,64,201
5,4,68,0,84,62,201
5,5,69,0,83,63,201
5,6,69,0,82,59,201
6,1,71,0,81,61,201
6,2,73,0,80,57,201
6,3,74,0,79,54,201
6,4,75,0,78,55,201
6,5,76,0,77,52,201
6,6,78,0,76,52,201
7,1,78,0,75,51,201
7,2,79,0,74,50,201
7,3,80,0,73,49,201
7,4,81,0,72,50,201
7,5,82,0,71,51,201
7,6,83,0,70,48,201
8,1,84,0,69,42,201
8,2,84,0,68,41,201
8,3,86,0,67,37,201
8,4,88,0,66,39,201
8,5,89,0,65,40,201
8,6,90,0,64,35,201
9,1,91,0,63,35,201
9,2,91,0,62,35,201
9,3,93,0,61,37,201
9,4,94,0,60,37,201
9,5,96,0,59,33,201
9,6,97,0,58,34,201
10,1,98,0,57,35,201
10,2,99,0,56,36,201
10,3,100,0,55,36,201
10,4,100,0,54,32,201
10,5,100,0,53,31,201
10,6,101,0,52,32,201
11,1,102,0,51,31,201
11,2,103,0,50,30,201
11,3,104,0,49,30,201
11,4,104,0,48,29,201
11,5,105,0,47,29,201
11,6,106,0,46,28,201
12,1,110,0,45,32,201
12,2,110,0,44,31,201
12,3,111,0,43,31,201
12,4,112,0,42,31,201
12,5,118,0,41,36,201
12,6,119,0,40,36,201
13,1,120,0,39,36,201
13,2,124,0,38,40,201
13,3,128,0,37,42,201
13,4,129,0,36,41,201
13,5,135,0,35,46,201
13,6,136,0,34,46,201
14,1,136,0,33,45,201
14,2,139,0,32,48,201
14,3,140,0,31,47,201
14,4,140,0,30,46,201
14,5,140,0,29,44,201
14,6,146,0,28,49,201
15,1,147,0,27,49,201
15,2,148,0,26,49,201
15,3,149,0,25,49,201
15,4,149,0,24,49,201
15,5,149,0,23,49,201
15,6,149,0,22,48,201
16,1,150,0,21,48,201
16,2,151,0,20,48,201
16,3,152,0,19,48,201
16,4,156,0,18,52,201
16,5,156,0,17,51,201
16,6,162,0,16,56,201
17,1,162,0,15,52,201
17,2,168,0,14,58,201
17,3,170,0,13,59,201
17,4,171,0,12,59,201
17,5,171,0,11,53,201
17,6,172,0,10,53,201
18,1,176,0,9,56,201
18,2,177,0,8,53,201
18,3,178,0,7,50,201
18,4,179,0,6,50,201
18,5,180,0,5,45,201
18,6,181,0,4,45,201
19,1,187,0,3,51,201
19,2,193,0,2,54,201
19,3,199,0,1,59,201
19,4,200,0,0,60,201
19,5,201,0,-1,61,201
19,6,201,0,-2,55,201
0,1,1,0,119,1,112
0,2,2,0,118,2,112
0,3,2,0,117,2,112
0,4,6,0,116,6,112
0,5,6,0,115,6,112
0,6,6,0,114,6,112
1,1,6,0,113,6,112
1,2,10,0,112,10,112
1,3,10,0,111,10,112
1,4,10,0,110,10,112
1,5,11,0,109,11,112
1,6,11,0,108,11,112
2,1,11,0,107,11,112
2,2,12,0,106,12,112
2,3,12,0,105,12,112
2,4,12,0,104,12,112
2,5,12,0,103,12,112
2,6,12,0,102,12,112
3,1,14,0,101,14,112
3,2,15,0,100,15,112
3,3,19,0,99,19,112
3,4,19,0,98,19,112
3,5,19,0,97,19,112
3,6,20,0,96,20,112
4,1,20,0,95,20,112
4,2,20,0,94,20,112
4,3,21,0,93,21,112
4,4,21,0,92,21,112
4,5,22,0,91,22,112
4,6,22,0,90,22,112
5,1,22,0,89,21,112
5,2,22,0,88,20,112
5,3,22,0,87,20,112
5,4,22,0,86,16,112
5,5,28,0,85,22,112
5,6,28,0,84,22,112
6,1,28,0,83,22,112
6,2,28,0,82,18,112
6,3,28,0,81,18,112
6,4,28,0,80,18,112
6,5,28,0,79,17,112
6,6,28,0,78,17,112
7,1,29,0,77,18,112
7,2,29,0,76,17,112
7,3,30,0,75,18,112
7,4,31,0,74,19,112
7,5,32,0,73,20,112
7,6,33,0,72,21,112
8,1,34,0,71,20,112
8,2,35,0,70,20,112
8,3,36,0,69,17,112
8,4,37,0,68,18,112
8,5,37,0,67,18,112
8,6,38,0,66,18,112
8,7,39,0,65,19,112
9,1,39,0,64,19,112
9,2,39,0,63,18,112
9,3,40,0,62,19,112
9,4,40,0,61,18,112
9,5,41,0,60,19,112
9,6,42,0,59,20,112
10,1,43,0,58,21,112
10,2,43,0,57,21,112
10,3,43,0,56,21,112
10,4,43,0,55,15,112
10,5,43,0,54,15,112
10,6,49,0,53,21,112
11,1,49,0,52,21,112
11,2,50,0,51,22,112
11,3,51,0,50,23,112
11,4,51,0,49,23,112
11,5,51,0,48,23,112
11,6,52,0,47,23,112
12,1,52,0,46,23,112
12,2,52,0,45,22,112
12,3,52,0,44,21,112
12,4,53,0,43,21,112
12,5,53,0,42,20,112
12,6,53,0,41,19,112
13,1,53,0,40,18,112
13,2,53,0,39,17,112
13,3,54,0,38,17,112
13,4,55,0,37,18,112
13,5,57,0,36,19,112
13,6,57,0,35,18,112
14,1,57,0,34,18,112
14,2,58,0,33,19,112
14,3,59,0,32,19,112
14,4,59,0,31,19,112
14,5,59,0,30,18,112
14,6,60,0,29,18,112
15,1,60,0,28,17,112
15,2,61,0,27,18,112
15,3,62,0,26,19,112
15,4,62,0,25,19,112
15,5,63,0,24,20,112
15,6,63,0,23,14,112
16,1,64,0,22,15,112
16,2,64,0,21,14,112
16,3,65,0,20,14,112
16,4,66,0,19,15,112
16,5,70,0,18,19,112
16,6,72,0,17,20,112
17,1,73,0,16,21,112
17,2,79,0,15,27,112
17,3,80,0,14,28,112
17,4,81,0,13,28,112
17,5,87,0,12,34,112
17,6,88,0,11,35,112
17,7,89,0,10,36,112
18,1,90,0,9,37,112
18,2,90,0,8,36,112
18,3,90,0,7,35,112
18,4,90,0,6,33,112
18,5,90,0,5,33,112
18,6,90,0,4,33,112
19,1,91,0,3,33,112
19,2,97,0,2,38,112
19,3,103,0,1,44,112
19,4,109,0,0,50,112
19,5,109,0,-1,49,112
19,6,110,0,-2,50,112
19,7,112,0,-3,51,112
0,1,4,0,119,4,154
0,2,5,0,118,5,154
0,3,5,0,117,5,154
0,4,5,0,116,5,154
0,5,9,0,115,9,154
0,6,9,0,114,9,154
1,1,10,0,113,10,154
1,2,12,0,112,12,154
1,3,12,0,111,12,154
1,4,13,0,110,13,154
1,5,13,0,109,13,154
1,6,17,0,108,17,154
2,1,17,0,107,17,154
2,2,17,0,106,17,154
2,3,17,0,105,17,154
2,4,18,0,104,18,154
2,5,24,0,103,24,154
2,6,26,0,102,26,154
3,1,27,0,101,27,154
3,2,27,0,100,27,154
3,3,27,0,99,27,154
3,4,33,0,98,33,154
3,5,33,0,97,33,154
3,6,33,0,96,33,154
4,1,37,0,95,37,154
4,2,37,0,94,37,154
4,3,37,0,93,37,154
4,4,37,0,92,37,154
4,5,37,0,91,37,154
4,6,37,0,90,37,154
5,1,37,0,89,33,154
5,2,37,0,88,32,154
5,3,38,0,87,33,154
5,4,39,0,86,34,154
5,5,39,0,85,30,154
5,6,43,0,84,34,154
6,1,45,0,83,35,154
6,2,46,0,82,34,154
6,3,47,0,81,35,154
6,4,48,0,80,35,154
6,5,49,0,79,36,154
6,6,50,0,78,33,154
7,1,51,0,77,34,154
7,2,51,0,76,34,154
7,3,52,0,75,35,154
7,4,52,0,74,34,154
7,5,53,0,73,29,154
7,6,53,0,72,27,154
8,1,54,0,71,27,154
8,2,54,0,70,27,154
8,3,55,0,69,28,154
8,4,56,0,68,23,154
8,5,56,0,67,23,154
8,6,56,0,66,23,154
9,1,58,0,65,21,154
9,2,61,0,64,24,154
9,3,65,0,63,28,154
9,4,66,0,62,29,154
9,5,67,0,61,30,154
9,6,68,0,60,31,154
10,1,69,0,59,32,154
10,2,70,0,58,33,154
10,3,70,0,57,32,154
10,4,71,0,56,32,154
10,5,72,0,55,33,154
10,6,72,0,54,29,154
11,1,73,0,53,28,154
11,2,74,0,52,28,154
11,3,74,0,51,27,154
11,4,75,0,50,27,154
11,5,75,0,49,26,154
11,6,76,0,48,26,154
11,7,76,0,47,25,154
12,1,77,0,46,26,154
12,2,78,0,45,26,154
12,3,78,0,44,26,154
12,4,79,0,43,26,154
12,5,79,0,42,26,154
12,6,79,0,41,25,154
13,1,79,0,40,25,154
13,2,80,0,39,25,154
13,3,80,0,38,24,154
13,4,81,0,37,25,154
13,5,82,0,36,26,154
13,6,83,0,35,25,154
14,1,84,0,34,23,154
14,2,84,0,33,19,154
14,3,85,0,32,19,154
14,4,85,0,31,18,154
14,5,86,0,30,18,154
14,6,86,0,29,17,154
15,1,92,0,28,22,154
15,2,93,0,27,23,154
15,3,94,0,26,23,154
15,4,100,0,25,28,154
15,5,104,0,24,32,154
15,6,105,0,23,32,154
16,1,106,0,22,32,154
16,2,107,0,21,33,154
16,3,109,0,20,34,154
16,4,110,0,19,35,154
16,5,111,0,18,35,154
16,6,111,0,17,35,154
17,1,112,0,16,35,154
17,2,113,0,15,35,154
17,3,119,0,14,41,154
17,4,125,0,13,46,154
17,5,125,0,12,46,154
17,6,126,0,11,47,154
17,7,128,0,10,49,154
17,8,134,0,9,54,154
18,1,134,0,8,54,154
18,2,135,0,7,54,154
18,3,135,0,6,53,154
18,4,136,0,5,53,154
18,5,137,0,4,53,154
18,6,143,0,3,59,154
19,1,144,0,2,59,154
19,2,144,0,1,59,154
19,3,150,0,0,64,154
19,4,152,0,-1,66,154
19,5,153,0,-2,61,154
19,6,154,0,-3,61,154
0,1,2,0,119,2,104
0,2,2,0,118,2,104
0,3,3,0,117,3,104
0,4,3,0,116,3,104
0,5,4,0,115,4,104
0,6,4,0,114,4,104
1,1,4,0,113,4,104
1,2,4,0,112,4,104
1,3,4,0,111,4,104
1,4,4,0,110,4,104
1,5,4,0,109,4,104
1,6,4,0,108,4,104
2,1,4,0,107,4,104
2,2,8,0,106,8,104
2,3,9,0,105,9,104
2,4,9,0,104,9,104
2,5,9,0,103,9,104
2,6,10,0,102,10,104
3,1,10,0,101,10,104
3,2,11,0,100,11,104
3,3,11,0,99,11,104
3,4,12,0,98,12,104
3,5,12,0,97,12,104
3,6,12,0,96,12,104
3,7,12,0,95,12,104
4,1,12,0,94,12,104
4,2,12,0,93,12,104
4,3,13,0,92,13,104
4,4,14,0,91,14,104
4,5,15,0,90,15,104
4,6,15,0,89,13,104
5,1,19,0,88,17,104
5,2,19,0,87,16,104
5,3,19,0,86,16,104
5,4,19,0,85,15,104
5,5,19,0,84,15,104
5,6,19,0,83,15,104
6,1,19,0,82,15,104
6,2,19,0,81,15,104
6,3,21,0,80,17,104
6,4,21,0,79,17,104
6,5,27,0,78,23,104
6,6,33,0,77,29,104
7,1,37,0,76,29,104
7,2,38,0,75,29,104
7,3,39,0,74,30,104
7,4,40,0,73,31,104
7,5,40,0,72,30,104
7,6,42,0,71,32,104
8,1,43,0,70,32,104
8,2,44,0,69,33,104
8,3,46,0,68,34,104
8,4,47,0,67,35,104
8,5,47,0,66,35,104
8,6,48,0,65,36,104
8,7,48,0,64,36,104
9,1,49,0,63,37,104
9,2,50,0,62,37,104
9,3,51,0,61,37,104
9,4,51,0,60,36,104
9,5,51,0,59,36,104
9,6,51,0,58,32,104
10,1,51,0,57,32,104
10,2,53,0,56,34,104
10,3,53,0,55,34,104
10,4,55,0,54,36,104
10,5,59,0,53,40,104
10,6,59,0,52,40,104
11,1,60,0,51,41,104
11,2,60,0,50,39,104
11,3,60,0,49,39,104
11,4,61,0,48,34,104
11,5,62,0,47,29,104
11,6,63,0,46,26,104
12,1,64,0,45,26,104
12,2,64,0,44,25,104
12,3,64,0,43,24,104
12,4,65,0,42,25,104
12,5,69,0,41,27,104
12,6,70,0,40,27,104
13,1,71,0,39,27,104
13,2,72,0,38,26,104
13,3,73,0,37,26,104
13,4,74,0,36,27,104
13,5,75,0,35,27,104
13,6,75,0,34,27,104
14,1,76,0,33,27,104
14,2,77,0,32,27,104
14,3,81,0,31,30,104
14,4,81,0,30,30,104
14,5,81,0,29,30,104
14,6,83,0,28,32,104
14,7,84,0,27,33,104
14,8,85,0,26,32,104
15,1,86,0,25,33,104
15,2,87,0,24,32,104
15,3,93,0,23,34,104
15,4,94,0,22,35,104
15,5,95,0,21,35,104
15,6,96,0,20,36,104
16,1,96,0,19,36,104
16,2,97,0,18,36,104
16,3,97,0,17,35,104
16,4,98,0,16,35,104
16,5,99,0,15,35,104
16,6,100,0,14,36,104
17,1,102,0,13,38,104
17,2,103,0,12,38,104
17,3,104,0,11,35,104
17,4,104,0,10,34,104
17,5,104,0,9,33,104
17,6,104,0,8,32,104
0,1,0,0,119,0,115
0,2,4,0,118,4,115
0,3,5,0,117,5,115
0,4,6,0,116,6,115
0,5,10,0,115,10,115
0,6,10,0,114,10,115
1,1,10,0,113,10,115
1,2,11,0,112,11,115
1,3,11,0,111,11,115
1,4,13,0,110,13,115
1,5,13,0,109,13,115
1,6,14,0,108,14,115
2,1,20,0,107,20,115
2,2,21,0,106,21,115
2,3,21,0,105,21,115
2,4,21,0,104,21,115
2,5,22,0,103,22,115
2,6,28,0,102,28,115
3,1,28,0,101,28,115
3,2,29,0,100,29,115
3,3,29,0,99,29,115
3,4,29,0,98,29,115
3,5,34,0,97,34,115
3,6,34,0,96,34,115
3,7,34,0,95,34,115
4,1,36,0,94,36,115
4,2,36,0,93,36,115
4,3,36,0,92,36,115
4,4,37,0,91,37,115
4,5,37,0,90,37,115
4,6,37,0,89,37,115
5,1,37,0,88,33,115
5,2,39,0,87,34,115
5,3,40,0,86,34,115
5,4,40,0,85,30,115
5,5,40,0,84,30,115
5,6,40,0,83,30,115
6,1,40,0,82,29,115
6,2,41,0,81,30,115
6,3,41,0,80,28,115
6,4,41,0,79,28,115
6,5,41,0,78,27,115
6,6,47,0,77,27,115
7,1,47,0,76,26,115
7,2,47,0,75,26,115
7,3,49,0,74,28,115
7,4,49,0,73,27,115
7,5,51,0,72,23,115
7,6,51,0,71,23,115
8,1,52,0,70,23,115
8,2,53,0,69,24,115
8,3,53,0,68,24,115
8,4,53,0,67,19,115
8,5,53,0,66,19,115
8,6,53,0,65,19,115
9,1,54,0,64,18,115
9,2,54,0,63,18,115
9,3,54,0,62,18,115
9,4,54,0,61,17,115
9,5,55,0,60,18,115
9,6,56,0,59,19,115
10,1,56,0,58,19,115
10,2,57,0,57,18,115
10,3,58,0,56,18,115
10,4,60,0,55,20,115
10,5,62,0,54,22,115
10,6,64,0,53,24,115
11,1,64,0,52,24,115
11,2,65,0,51,24,115
11,3,66,0,50,25,115
11,4,67,0,49,26,115
11,5,68,0,48,27,115
11,6,70,0,47,23,115
12,1,71,0,46,24,115
12,2,72,0,45,25,115
12,3,74,0,44,25,115
12,4,75,0,43,26,115
12,5,77,0,42,26,115
12,6,83,0,41,32,115
13,1,83,0,40,31,115
13,2,83,0,39,30,115
13,3,84,0,38,31,115
13,4,85,0,37,32,115
13,5,89,0,36,36,115
13,6,90,0,35,37,115
14,1,91,0,34,37,115
14,2,91,0,33,37,115
14,3,92,0,32,38,115
14,4,93,0,31,39,115
14,5,94,0,30,39,115
14,6,94,0,29,38,115
14,7,94,0,28,38,115
15,1,95,0,27,38,115
15,2,96,0,26,38,115
15,3,96,0,25,36,115
15,4,96,0,24,34,115
15,5,96,0,23,32,115
15,6,97,0,22,33,115
16,1,97,0,21,32,115
16,2,97,0,20,31,115
16,3,98,0,19,31,115
16,4,99,0,18,31,115
16,5,99,0,17,29,115
16,6,101,0,16,30,115
16,7,105,0,15,33,115
17,1,106,0,14,32,115
17,2,110,0,13,35,115
17,3,112,0,12,35,115
17,4,113,0,11,30,115
17,5,114,0,10,31,115
17,6,114,0,9,31,115
18,1,115,0,8,31,115
18,2,115,0,7,30,115
18,3,115,0,6,26,115
18,4,115,0,5,25,115
0,1,0,0,119,0,165
0,2,0,0,118,0,165
0,3,0,0,117,0,165
0,4,1,0,116,1,165
0,5,1,0,115,1,165
0,6,1,0,114,1,165
1,1,5,0,113,5,165
1,2,6,0,112,6,165
1,3,6,0,111,6,165
1,4,7,0,110,7,165
1,5,8,0,109,8,165
1,6,8,0,108,8,165
2,1,8,0,107,8,165
2,2,8,0,106,8,165
2,3,12,0,105,12,165
2,4,12,0,104,12,165
2,5,16,0,103,16,165
2,6,16,0,102,16,165
3,1,16,0,101,16,165
3,2,16,0,100,16,165
3,3,17,0,99,17,165
3,4,18,0,98,18,165
3,5,18,0,97,18,165
3,6,18,0,96,18,165
4,1,18,0,95,18,165
4,2,18,0,94,18,165
4,3,21,0,93,21,165
4,4,21,0,92,21,165
4,5,21,0,91,21,165
4,6,21,0,90,21,165
4,7,21,0,89,21,165
5,1,22,0,88,22,165
5,2,23,0,87,23,165
5,3,23,0,86,22,165
5,4,23,0,85,22,165
5,5,23,0,84,22,165
5,6,23,0,83,18,165
6,1,23,0,82,17,165
6,2,24,0,81,18,165
6,3,24,0,80,17,165
6,4,24,0,79,16,165
6,5,24,0,78,16,165
6,6,25,0,77,17,165
7,1,29,0,76,21,165
7,2,29,0,75,17,165
7,3,29,0,74,17,165
7,4,33,0,73,17,165
7,5,37,0,72,21,165
7,6,37,0,71,21,165
8,1,43,0,70,27,165
8,2,44,0,69,27,165
8,3,45,0,68,27,165
8,4,46,0,67,28,165
8,5,47,0,66,29,165
8,6,47,0,65,29,165
9,1,47,0,64,29,165
9,2,47,0,63,26,165
9,3,49,0,62,28,165
9,4,53,0,61,32,165
9,5,53,0,60,32,165
9,6,55,0,59,34,165
9,7,56,0,58,34,165
10,1,60,0,57,37,165
10,2,61,0,56,38,165
10,3,61,0,55,38,165
10,4,61,0,54,38,165
10,5,63,0,53,40,165
10,6,67,0,52,44,165
11,1,73,0,51,49,165
11,2,75,0,50,51,165
11,3,75,0,49,51,165
11,4,81,0,48,57,165
11,5,82,0,47,57,165
11,6,83,0,46,54,165
11,7,84,0,45,55,165
12,1,86,0,44,57,165
12,2,87,0,43,54,165
12,3,88,0,42,51,165
12,4,89,0,41,52,165
12,5,93,0,40,50,165
12,6,97,0,39,53,165
13,1,97,0,38,52,165
13,2,97,0,37,51,165
13,3,98,0,36,51,165
13,4,98,0,35,51,165
13,5,99,0,34,52,165
13,6,100,0,33,53,165
14,1,100,0,32,51,165
14,2,102,0,31,49,165
14,3,103,0,30,50,165
14,4,104,0,29,49,165
14,5,105,0,28,49,165
14,6,109,0,27,49,165
15,1,109,0,26,48,165
15,2,115,0,25,54,165
15,3,117,0,24,56,165
15,4,117,0,23,54,165
15,5,117,0,22,50,165
15,6,121,0,21,48,165
16,1,122,0,20,47,165
16,2,128,0,19,53,165
16,3,128,0,18,47,165
16,4,134,0,17,52,165
16,5,134,0,16,51,165
16,6,135,0,15,51,165
17,1,136,0,14,50,165
17,2,136,0,13,49,165
17,3,137,0,12,49,165
17,4,139,0,11,50,165
17,5,139,0,10,46,165
17,6,143,0,9,46,165
18,1,144,0,8,47,165
18,2,144,0,7,47,165
18,3,146,0,6,48,165
18,4,150,0,5,52,165
18,5,151,0,4,52,165
18,6,155,0,3,55,165
19,1,157,0,2,57,165
19,2,158,0,1,56,165
19,3,160,0,0,57,165
19,4,162,0,-1,58,165
19,5,164,0,-2,59,165
19,6,165,0,-3,56,165
0,1,2,0,119,2,140
0,2,3,0,118,3,140
0,3,3,0,117,3,140
0,4,4,0,116,4,140
0,5,4,0,115,4,140
0,6,4,0,114,4,140
1,1,4,0,113,4,140
1,2,6,0,112,6,140
1,3,7,0,111,7,140
1,4,8,0,110,8,140
1,5,9,0,109,9,140
1,6,9,0,108,9,140
2,1,9,0,107,9,140
2,2,10,0,106,10,140
2,3,10,0,105,10,140
2,4,10,0,104,10,140
2,5,14,0,103,14,140
2,6,14,0,102,14,140
3,1,14,0,101,14,140
3,2,15,0,100,15,140
3,3,16,0,99,16,140
3,4,16,0,98,16,140
3,5,16,0,97,16,140
3,6,16,0,96,16,140
4,1,17,0,95,17,140
4,2,17,0,94,17,140
4,3,18,0,93,18,140
4,4,24,0,92,24,140
4,5,24,0,91,24,140
4,6,24,0,90,24,140
5,1,26,0,89,24,140
5,2,26,0,88,23,140
5,3,26,0,87,23,140
5,4,30,0,86,26,140
5,5,30,0,85,26,140
5,6,31,0,84,27,140
5,7,32,0,83,28,140
6,1,33,0,82,27,140
6,2,33,0,81,26,140
6,3,33,0,80,25,140
6,4,34,0,79,25,140
6,5,34,0,78,25,140
6,6,35,0,77,26,140
7,1,36,0,76,26,140
7,2,36,0,75,26,140
7,3,37,0,74,27,140
7,4,38,0,73,24,140
7,5,38,0,72,24,140
7,6,42,0,71,28,140
8,1,43,0,70,28,140
8,2,45,0,69,29,140
8,3,46,0,68,30,140
8,4,50,0,67,34,140
8,5,51,0,66,35,140
8,6,51,0,65,34,140
8,7,51,0,64,34,140
9,1,51,0,63,33,140
9,2,53,0,62,29,140
9,3,53,0,61,29,140
9,4,54,0,60,30,140
9,5,55,0,59,29,140
9,6,56,0,58,30,140
10,1,57,0,57,31,140
10,2,57,0,56,27,140
10,3,57,0,55,27,140
10,4,58,0,54,27,140
10,5,61,0,53,29,140
10,6,65,0,52,32,140
11,1,67,0,51,34,140
11,2,67,0,50,34,140
11,3,67,0,49,33,140
11,4,67,0,48,33,140
11,5,68,0,47,33,140
11,6,69,0,46,33,140
12,1,70,0,45,34,140
12,2,72,0,44,35,140
12,3,72,0,43,34,140
12,4,73,0,42,35,140
12,5,73,0,41,31,140
12,6,74,0,40,31,140
13,1,75,0,39,30,140
13,2,77,0,38,31,140
13,3,81,0,37,31,140
13,4,83,0,36,32,140
13,5,84,0,35,33,140
13,6,84,0,34,33,140
14,1,84,0,33,33,140
14,2,85,0,32,32,140
14,3,87,0,31,34,140
14,4,87,0,30,33,140
14,5,89,0,29,34,140
14,6,89,0,28,33,140
15,1,89,0,27,32,140
15,2,93,0,26,36,140
15,3,94,0,25,37,140
15,4,98,0,24,40,140
15,5,99,0,23,38,140
15,6,100,0,22,35,140
15,7,102,0,21,35,140
16,1,103,0,20,36,140
16,2,105,0,19,38,140
16,3,106,0,18,39,140
16,4,107,0,17,39,140
16,5,111,0,16,42,140
16,6,115,0,15,45,140
17,1,116,0,14,44,140
17,2,116,0,13,44,140
17,3,116,0,12,43,140
17,4,122,0,11,49,140
17,5,124,0,10,50,140
17,6,124,0,9,49,140
18,1,126,0,8,49,140
18,2,126,0,7,45,140
18,3,126,0,6,43,140
18,4,126,0,5,42,140
18,5,126,0,4,42,140
18,6,127,0,3,43,140
19,1,131,0,2,46,140
19,2,133,0,1,46,140
19,3,134,0,0,47,140
19,4,135,0,-1,46,140
19,5,136,0,-2,47,140
19,6,140,0,-3,51,140
0,1,4,0,119,4,165
0,2,6,0,118,6,165
0,3,6,0,117,6,165
0,4,7,0,116,7,165
0,5,8,0,115,8,165
0,6,8,0,114,8,165
0,7,9,0,113,9,165
0,8,13,0,112,13,165
1,1,13,0,111,13,165
1,2,13,0,110,13,165
1,3,13,0,109,13,165
1,4,14,0,108,14,165
1,5,14,0,107,14,165
1,6,18,0,106,18,165
2,1,19,0,105,19,165
2,2,21,0,104,21,165
2,3,22,0,103,22,165
2,4,26,0,102,26,165
2,5,27,0,101,27,165
2,6,27,0,100,27,165
3,1,31,0,99,31,165
3,2,35,0,98,35,165
3,3,36,0,97,36,165
3,4,38,0,96,38,165
3,5,39,0,95,39,165
3,6,41,0,94,41,165
4,1,42,0,93,42,165
4,2,44,0,92,44,165
4,3,44,0,91,44,165
4,4,45,0,90,45,165
4,5,47,0,89,43,165
4,6,47,0,88,41,165
4,7,48,0,87,42,165
5,1,49,0,86,42,165
5,2,53,0,85,45,165
5,3,54,0,84,46,165
5,4,60,0,83,51,165
5,5,60,0,82,47,165
5,6,61,0,81,48,165
6,1,62,0,80,49,165
6,2,63,0,79,50,165
6,3,63,0,78,49,165
6,4,64,0,77,50,165
6,5,65,0,76,47,165
6,6,67,0,75,48,165
7,1,69,0,74,48,165
7,2,69,0,73,47,165
7,3,69,0,72,43,165
7,4,69,0,71,42,165
7,5,70,0,70,43,165
7,6,71,0,69,40,165
8,1,72,0,68,37,165
8,2,73,0,67,37,165
8,3,73,0,66,35,165
8,4,73,0,65,34,165
8,5,75,0,64,34,165
8,6,75,0,63,33,165
9,1,76,0,62,32,165
9,2,76,0,61,32,165
9,3,78,0,60,33,165
9,4,79,0,59,32,165
9,5,79,0,58,32,165
9,6,81,0,57,33,165
9,7,81,0,56,32,165
10,1,82,0,55,29,165
10,2,83,0,54,29,165
10,3,83,0,53,23,165
10,4,83,0,52,23,165
10,5,83,0,51,22,165
10,6,83,0,50,21,165
11,1,85,0,49,22,165
11,2,86,0,48,23,165
11,3,87,0,47,23,165
11,4,91,0,46,26,165
11,5,92,0,45,25,165
11,6,93,0,44,24,165
11,7,93,0,43,24,165
12,1,97,0,42,28,165
12,2,98,0,41,29,165
12,3,99,0,40,29,165
12,4,100,0,39,29,165
12,5,102,0,38,30,165
12,6,102,0,37,29,165
13,1,106,0,36,33,165
13,2,106,0,35,33,165
13,3,107,0,34,32,165
13,4,113,0,33,38,165
13,5,113,0,32,37,165
13,6,114,0,31,38,165
13,7,114,0,30,36,165
14,1,116,0,29,37,165
14,2,117,0,28,38,165
14,3,118,0,27,37,165
14,4,120,0,26,39,165
14,5,120,0,25,38,165
14,6,122,0,24,39,165
15,1,122,0,23,39,165
15,2,128,0,22,45,165
15,3,129,0,21,46,165
15,4,130,0,20,47,165
15,5,136,0,19,51,165
15,6,138,0,18,52,165
16,1,139,0,17,52,165
16,2,141,0,16,50,165
16,3,141,0,15,49,165
16,4,141,0,14,48,165
16,5,141,0,13,48,165
16,6,142,0,12,45,165
16,7,143,0,11,45,165
17,1,147,0,10,48,165
17,2,148,0,9,48,165
17,3,149,0,8,47,165
17,4,151,0,7,49,165
17,5,152,0,6,46,165
17,6,152,0,5,46,165
18,1,154,0,4,47,165
18,2,154,0,3,41,165
18,3,156,0,2,43,165
18,4,160,0,1,46,165
18,5,161,0,0,47,165
18,6,161,0,-1,45,165
19,1,163,0,-2,46,165
19,2,163,0,-3,45,165
19,3,163,0,-4,43,165
19,4,164,0,-5,44,165
19,5,164,0,-6,42,165
19,6,164,0,-7,42,165
19,7,165,0,-8,37,165
0,1,0,0,119,0,120
0,2,1,0,118,1,120
0,3,1,0,117,1,120
0,4,1,0,116,1,120
0,5,1,0,115,1,120
0,6,2,0,114,2,120
0,7,2,0,113,2,120
1,1,7,0,112,7,120
1,2,7,0,111,7,120
1,3,7,0,110,7,120
1,4,8,0,109,8,120
1,5,9,0,108,9,120
1,6,10,0,107,10,120
1,7,10,0,106,10,120
2,1,11,0,105,11,120
2,2,11,0,104,11,120
2,3,11,0,103,11,120
2,4,11,0,102,11,120
2,5,11,0,101,11,120
2,6,11,0,100,11,120
2,7,11,0,99,11,120
3,1,12,0,98,12,120
3,2,13,0,97,13,120
3,3,14,0,96,14,120
3,4,14,0,95,14,120
3,5,15,0,94,15,120
3,6,16,0,93,16,120
3,7,16,0,92,16,120
4,1,16,0,91,16,120
4,2,16,0,90,16,120
4,3,16,0,89,16,120
4,4,16,0,88,15,120
4,5,16,0,87,15,120
4,6,16,0,86,15,120
5,1,17,0,85,16,120
5,2,17,0,84,15,120
5,3,17,0,83,15,120
5,4,19,0,82,12,120
5,5,19,0,81,12,120
5,6,19,0,80,12,120
6,1,22,0,79,14,120
6,2,23,0,78,14,120
6,3,27,0,77,17,120
6,4,28,0,76,18,120
6,5,29,0,75,18,120
6,6,30,0,74,19,120
6,7,30,0,73,19,120
7,1,31,0,72,20,120
7,2,32,0,71,21,120
7,3,33,0,70,22,120
7,4,34,0,69,23,120
7,5,35,0,68,23,120
7,6,36,0,67,23,120
8,1,36,0,66,22,120
8,2,37,0,65,23,120
8,3,38,0,64,23,120
8,4,39,0,63,23,120
8,5,39,0,62,23,120
8,6,39,0,61,23,120
8,7,40,0,60,24,120
9,1,41,0,59,25,120
9,2,41,0,58,25,120
9,3,41,0,57,25,120
9,4,47,0,56,31,120
9,5,49,0,55,32,120
9,6,49,0,54,32,120
10,1,50,0,53,33,120
10,2,50,0,52,31,120
10,3,52,0,51,33,120
10,4,52,0,50,33,120
10,5,58,0,49,36,120
10,6,58,0,48,35,120
11,1,59,0,47,32,120
11,2,60,0,46,32,120
11,3,62,0,45,33,120
11,4,63,0,44,33,120
11,5,66,0,43,36,120
11,6,67,0,42,36,120
11,7,68,0,41,36,120
12,1,68,0,40,35,120
12,2,70,0,39,36,120
12,3,71,0,38,36,120
12,4,75,0,37,39,120
12,5,75,0,36,39,120
12,6,76,0,35,39,120
13,1,77,0,34,39,120
13,2,77,0,33,38,120
13,3,78,0,32,39,120
13,4,79,0,31,40,120
13,5,80,0,30,40,120
13,6,80,0,29,39,120
13,7,80,0,28,39,120
13,8,80,0,27,39,120
14,1,81,0,26,34,120
14,2,83,0,25,34,120
14,3,84,0,24,35,120
14,4,88,0,23,38,120
14,5,89,0,22,39,120
14,6,90,0,21,38,120
15,1,92,0,20,40,120
15,2,93,0,19,35,120
15,3,94,0,18,36,120
15,4,98,0,17,39,120
15,5,98,0,16,38,120
15,6,99,0,15,37,120
16,1,100,0,14,37,120
16,2,101,0,13,35,120
16,3,102,0,12,35,120
16,4,103,0,11,35,120
16,5,103,0,10,35,120
16,6,104,0,9,34,120
17,1,105,0,8,34,120
17,2,106,0,7,31,120
17,3,107,0,6,32,120
17,4,108,0,5,32,120
17,5,109,0,4,32,120
17,6,111,0,3,34,120
17,7,111,0,2,33,120
18,1,111,0,1,32,120
18,2,112,0,0,32,120
18,3,112,0,-1,32,120
18,4,112,0,-2,32,120
18,5,112,0,-3,32,120
18,6,112,0,-4,31,120
19,1,116,0,-5,33,120
19,2,116,0,-6,32,120
19,3,117,0,-7,29,120
19,4,118,0,-8,29,120
19,5,119,0,-9,29,120
19,6,120,0,-10,28,120
0,1,0,0,119,0,82
0,2,3,0,118,3,82
0,3,5,0,117,5,82
0,4,5,0,116,5,82
0,5,5,0,115,5,82
0,6,5,0,114,5,82
1,1,6,0,113,6,82
1,2,7,0,112,7,82
1,3,7,0,111,7,82
1,4,7,0,110,7,82
1,5,7,0,109,7,82
1,6,7,0,108,7,82
1,7,8,0,107,8,82
1,8,9,0,106,9,82
2,1,9,0,105,9,82
2,2,9,0,104,9,82
2,3,9,0,103,9,82
2,4,9,0,102,9,82
2,5,13,0,101,13,82
2,6,13,0,100,13,82
3,1,14,0,99,14,82
3,2,15,0,98,15,82
3,3,15,0,97,15,82
3,4,16,0,96,16,82
3,5,17,0,95,17,82
3,6,17,0,94,17,82
3,7,17,0,93,17,82
4,1,17,0,92,17,82
4,2,17,0,91,17,82
4,3,18,0,90,18,82
4,4,18,0,89,18,82
4,5,18,0,88,15,82
4,6,18,0,87,13,82
5,1,18,0,86,13,82
5,2,19,0,85,14,82
5,3,19,0,84,14,82
5,4,19,0,83,13,82
5,5,19,0,82,12,82
5,6,19,0,81,12,82
6,1,19,0,80,12,82
6,2,20,0,79,13,82
6,3,21,0,78,14,82
6,4,21,0,77,13,82
6,5,21,0,76,12,82
6,6,21,0,75,12,82
7,1,21,0,74,12,82
7,2,21,0,73,12,82
7,3,21,0,72,12,82
7,4,21,0,71,8,82
7,5,21,0,70,8,82
7,6,23,0,69,9,82
7,7,23,0,68,8,82
8,1,24,0,67,9,82
8,2,26,0,66,10,82
8,3,27,0,65,10,82
8,4,28,0,64,11,82
8,5,29,0,63,12,82
8,6,33,0,62,16,82
9,1,33,0,61,16,82
9,2,33,0,60,15,82
9,3,33,0,59,15,82
9,4,33,0,58,15,82
9,5,33,0,57,15,82
9,6,33,0,56,15,82
10,1,34,0,55,15,82
10,2,34,0,54,15,82
10,3,35,0,53,16,82
10,4,36,0,52,17,82
10,5,36,0,51,17,82
10,6,37,0,50,18,82
11,1,38,0,49,18,82
11,2,38,0,48,17,82
11,3,40,0,47,19,82
11,4,42,0,46,21,82
11,5,42,0,45,21,82
11,6,43,0,44,22,82
12,1,44,0,43,23,82
12,2,44,0,42,23,82
12,3,46,0,41,25,82
12,4,46,0,40,25,82
12,5,50,0,39,27,82
12,6,50,0,38,27,82
13,1,50,0,37,26,82
13,2,50,0,36,24,82
13,3,51,0,35,24,82
13,4,51,0,34,23,82
13,5,51,0,33,22,82
13,6,51,0,32,18,82
14,1,51,0,31,18,82
14,2,51,0,30,18,82
14,3,53,0,29,20,82
14,4,53,0,28,20,82
14,5,54,0,27,21,82
14,6,55,0,26,22,82
15,1,55,0,25,21,82
15,2,55,0,24,21,82
15,3,55,0,23,20,82
15,4,56,0,22,20,82
15,5,58,0,21,22,82
15,6,58,0,20,21,82
16,1,59,0,19,21,82
16,2,62,0,18,24,82
16,3,63,0,17,23,82
16,4,65,0,16,23,82
16,5,66,0,15,24,82
16,6,68,0,14,25,82
17,1,69,0,13,25,82
17,2,69,0,12,25,82
17,3,71,0,11,25,82
17,4,72,0,10,26,82
17,5,72,0,9,22,82
17,6,74,0,8,24,82
18,1,76,0,7,26,82
18,2,76,0,6,26,82
18,3,78,0,5,27,82
18,4,78,0,4,27,82
18,5,79,0,3,28,82
18,6,79,0,2,28,82
19,1,80,0,1,29,82
19,2,81,0,0,30,82
19,3,81,0,-1,28,82
19,4,81,0,-2,28,82
19,5,81,0,-3,27,82
19,6,82,0,-4,27,82
0,1,6,0,119,6,240
0,2,6,0,118,6,240
0,3,7,0,117,7,240
0,4,9,0,116,9,240
0,5,12,0,115,12,240
0,6,12,0,114,12,240
1,1,13,0,113,13,240
1,2,17,0,112,17,240
1,3,17,0,111,17,240
1,4,17,0,110,17,240
1,5,18,0,109,18,240
1,6,19,0,108,19,240
2,1,20,0,107,20,240
2,2,26,0,106,26,240
2,3,32,0,105,32,240
2,4,33,0,104,33,240
2,5,33,0,103,33,240
2,6,34,0,102,34,240
2,7,38,0,101,38,240
3,1,38,0,100,38,240
3,2,42,0,99,42,240
3,3,42,0,98,42,240
3,4,46,0,97,46,240
3,5,47,0,96,47,240
3,6,48,0,95,48,240
3,7,52,0,94,52,240
4,1,52,0,93,52,240
4,2,52,0,92,52,240
4,3,58,0,91,58,240
4,4,58,0,90,58,240
4,5,59,0,89,53,240
4,6,59,0,88,53,240
5,1,59,0,87,52,240
5,2,60,0,86,51,240
5,3,60,0,85,48,240
5,4,66,0,84,54,240
5,5,70,0,83,57,240
5,6,70,0,82,53,240
6,1,70,0,81,53,240
6,2,70,0,80,53,240
6,3,71,0,79,53,240
6,4,72,0,78,53,240
6,5,73,0,77,53,240
6,6,73,0,76,47,240
7,1,73,0,75,41,240
7,2,73,0,74,40,240
7,3,73,0,73,40,240
7,4,74,0,72,40,240
7,5,75,0,71,37,240
7,6,79,0,70,41,240
8,1,83,0,69,41,240
8,2,84,0,68,42,240
8,3,86,0,67,40,240
8,4,88,0,66,41,240
8,5,92,0,65,44,240
8,6,92,0,64,40,240
9,1,93,0,63,41,240
9,2,94,0,62,42,240
9,3,95,0,61,37,240
9,4,99,0,60,41,240
9,5,100,0,59,41,240
9,6,100,0,58,41,240
10,1,101,0,57,42,240
10,2,107,0,56,47,240
10,3,107,0,55,47,240
10,4,108,0,54,42,240
10,5,109,0,53,39,240
10,6,110,0,52,40,240
11,1,111,0,51,41,240
11,2,117,0,50,47,240
11,3,121,0,49,50,240
11,4,122,0,48,50,240
11,5,123,0,47,50,240
11,6,127,0,46,54,240
12,1,133,0,45,60,240
12,2,135,0,44,62,240
12,3,136,0,43,63,240
12,4,137,0,42,63,240
12,5,137,0,41,62,240
12,6,141,0,40,62,240
13,1,142,0,39,59,240
13,2,146,0,38,62,240
13,3,146,0,37,60,240
13,4,147,0,36,59,240
13,5,151,0,35,59,240
13,6,157,0,34,65,240
14,1,158,0,33,65,240
14,2,160,0,32,66,240
14,3,161,0,31,66,240
14,4,167,0,30,68,240
14,5,171,0,29,71,240
14,6,171,0,28,71,240
15,1,172,0,27,71,240
15,2,173,0,26,66,240
15,3,179,0,25,72,240
15,4,180,0,24,72,240
15,5,182,0,23,73,240
15,6,183,0,22,73,240
16,1,184,0,21,73,240
16,2,185,0,20,68,240
16,3,191,0,19,70,240
16,4,191,0,18,69,240
16,5,197,0,17,74,240
16,6,197,0,16,70,240
17,1,198,0,15,65,240
17,2,199,0,14,64,240
17,3,200,0,13,64,240
17,4,201,0,12,64,240
17,5,205,0,11,68,240
17,6,206,0,10,65,240
17,7,212,0,9,70,240
17,8,212,0,8,66,240
18,1,216,0,7,70,240
18,2,217,0,6,70,240
18,3,218,0,5,67,240
18,4,222,0,4,65,240
18,5,224,0,3,66,240
18,6,225,0,2,65,240
19,1,226,0,1,65,240
19,2,230,0,0,63,240
19,3,234,0,-1,63,240
19,4,234,0,-2,63,240
19,5,238,0,-3,66,240
19,6,240,0,-4,67,240
0,1,0,0,119,0,197
0,2,4,0,118,4,197
0,3,4,0,117,4,197
0,4,5,0,116,5,197
0,5,6,0,115,6,197
0,6,7,0,114,7,197
0,7,11,0,113,11,197
1,1,11,0,112,11,197
1,2,11,0,111,11,197
1,3,11,0,110,11,197
1,4,12,0,109,12,197
1,5,13,0,108,13,197
1,6,14,0,107,14,197
2,1,18,0,106,18,197
2,2,19,0,105,19,197
2,3,25,0,104,25,197
2,4,25,0,103,25,197
2,5,29,0,102,29,197
2,6,33,0,101,33,197
2,7,37,0,100,37,197
3,1,38,0,99,38,197
3,2,44,0,98,44,197
3,3,44,0,97,44,197
3,4,45,0,96,45,197
3,5,46,0,95,46,197
3,6,47,0,94,47,197
3,7,48,0,93,48,197
3,8,49,0,92,49,197
3,9,49,0,91,49,197
4,1,49,0,90,49,197
4,2,51,0,89,51,197
4,3,52,0,88,48,197
4,4,53,0,87,49,197
4,5,57,0,86,52,197
4,6,61,0,85,55,197
4,7,67,0,84,60,197
5,1,67,0,83,56,197
5,2,68,0,82,57,197
5,3,74,0,81,63,197
5,4,74,0,80,63,197
5,5,74,0,79,62,197
5,6,78,0,78,65,197
6,1,79,0,77,65,197
6,2,79,0,76,61,197
6,3,79,0,75,60,197
6,4,80,0,74,55,197
6,5,80,0,73,55,197
6,6,81,0,72,52,197
7,1,81,0,71,48,197
7,2,85,0,70,48,197
7,3,86,0,69,48,197
7,4,87,0,68,43,197
7,5,87,0,67,43,197
7,6,87,0,66,42,197
8,1,88,0,65,42,197
8,2,89,0,64,42,197
8,3,90,0,63,42,197
8,4,90,0,62,41,197
8,5,92,0,61,43,197
8,6,96,0,60,47,197
9,1,97,0,59,46,197
9,2,98,0,58,46,197
9,3,99,0,57,46,197
9,4,99,0,56,42,197
9,5,99,0,55,38,197
9,6,105,0,54,38,197
9,7,105,0,53,38,197
10,1,106,0,52,38,197
10,2,107,0,51,33,197
10,3,109,0,50,35,197
10,4,113,0,49,39,197
10,5,119,0,48,41,197
10,6,119,0,47,40,197
10,7,120,0,46,41,197
11,1,121,0,45,42,197
11,2,125,0,44,45,197
11,3,126,0,43,46,197
11,4,127,0,42,46,197
11,5,127,0,41,46,197
11,6,127,0,40,42,197
11,7,128,0,39,42,197
12,1,129,0,38,42,197
12,2,135,0,37,48,197
12,3,136,0,36,49,197
12,4,137,0,35,49,197
12,5,141,0,34,52,197
12,6,142,0,33,52,197
12,7,148,0,32,58,197
13,1,149,0,31,57,197
13,2,150,0,30,54,197
13,3,151,0,29,54,197
13,4,152,0,28,54,197
13,5,153,0,27,54,197
13,6,153,0,26,54,197
14,1,157,0,25,58,197
14,2,158,0,24,53,197
14,3,158,0,23,53,197
14,4,159,0,22,53,197
14,5,165,0,21,58,197
14,6,165,0,20,56,197
15,1,165,0,19,52,197
15,2,165,0,18,46,197
15,3,166,0,17,47,197
15,4,167,0,16,47,197
15,5,168,0,15,47,197
15,6,169,0,14,44,197
15,7,170,0,13,44,197
15,8,170,0,12,43,197
16,1,170,0,11,43,197
16,2,170,0,10,43,197
16,3,171,0,9,43,197
16,4,175,0,8,46,197
16,5,179,0,7,44,197
16,6,180,0,6,44,197
17,1,180,0,5,43,197
17,2,181,0,4,40,197
17,3,182,0,3,40,197
17,4,183,0,2,35,197
17,5,184,0,1,35,197
17,6,185,0,0,35,197
18,1,185,0,-1,34,197
18,2,185,0,-2,33,197
18,3,186,0,-3,33,197
18,4,186,0,-4,33,197
18,5,186,0,-5,29,197
18,6,190,0,-6,32,197
19,1,192,0,-7,34,197
19,2,193,0,-8,34,197
19,3,194,0,-9,29,197
19,4,195,0,-10,30,197
19,5,196,0,-11,31,197
19,6,197,0,-12,32,197
0,1,0,0,119,0,270
0,2,0,0,118,0,270
0,3,0,0,117,0,270
0,4,4,0,116,4,270
0,5,4,0,115,4,270
0,6,4,0,114,4,270
1,1,10,0,113,10,270
1,2,11,0,112,11,270
1,3,11,0,111,11,270
1,4,17,0,110,17,270
1,5,17,0,109,17,270
1,6,17,0,108,17,270
2,1,18,0,107,18,270
2,2,22,0,106,22,270
2,3,28,0,105,28,270
2,4,32,0,104,32,270
2,5,33,0,103,33,270
2,6,37,0,102,37,270
2,7,37,0,101,37,270
3,1,37,0,100,37,270
3,2,43,0,99,43,270
3,3,47,0,98,47,270
3,4,48,0,97,48,270
3,5,50,0,96,50,270
3,6,52,0,95,52,270
4,1,58,0,94,58,270
4,2,58,0,93,58,270
4,3,64,0,92,64,270
4,4,64,0,91,64,270
4,5,64,0,90,64,270
4,6,68,0,89,68,270
5,1,68,0,88,68,270
5,2,69,0,87,69,270
5,3,73,0,86,69,270
5,4,79,0,85,75,270
5,5,79,0,84,75,270
5,6,83,0,83,73,270
6,1,84,0,82,73,270
6,2,84,0,81,73,270
6,3,84,0,80,67,270
6,4,88,0,79,71,270
6,5,88,0,78,71,270
6,6,89,0,77,71,270
7,1,93,0,76,71,270
7,2,95,0,75,67,270
7,3,95,0,74,63,270
7,4,96,0,73,63,270
7,5,100,0,72,63,270
7,6,100,0,71,63,270
8,1,101,0,70,64,270
8,2,102,0,69,59,270
8,3,108,0,68,61,270
8,4,114,0,67,66,270
8,5,120,0,66,70,270
8,6,121,0,65,69,270
8,7,125,0,64,67,270
9,1,129,0,63,71,270
9,2,129,0,62,65,270
9,3,130,0,61,66,270
9,4,130,0,60,66,270
9,5,131,0,59,63,270
9,6,135,0,58,67,270
9,7,135,0,57,66,270
10,1,137,0,56,64,270
10,2,143,0,55,64,270
10,3,144,0,54,65,270
10,4,145,0,53,62,270
10,5,145,0,52,61,270
10,6,145,0,51,61,270
11,1,145,0,50,61,270
11,2,147,0,49,59,270
11,3,148,0,48,60,270
11,4,149,0,47,60,270
11,5,151,0,46,58,270
11,6,153,0,45,58,270
12,1,154,0,44,59,270
12,2,158,0,43,62,270
12,3,159,0,42,59,270
12,4,160,0,41,60,270
12,5,161,0,40,60,270
12,6,167,0,39,65,270
12,7,173,0,38,65,270
13,1,175,0,37,61,270
13,2,181,0,36,61,270
13,3,183,0,35,62,270
13,4,184,0,34,59,270
13,5,190,0,33,61,270
13,6,190,0,32,61,270
14,1,192,0,31,62,270
14,2,193,0,30,63,270
14,3,195,0,29,64,270
14,4,199,0,28,64,270
14,5,200,0,27,65,270
14,6,201,0,26,64,270
15,1,202,0,25,59,270
15,2,203,0,24,59,270
15,3,204,0,23,59,270
15,4,208,0,22,63,270
15,5,214,0,21,69,270
15,6,218,0,20,73,270
16,1,220,0,19,73,270
16,2,221,0,18,73,270
16,3,221,0,17,72,270
16,4,223,0,16,72,270
16,5,229,0,15,76,270
16,6,230,0,14,76,270
16,7,230,0,13,72,270
17,1,231,0,12,72,270
17,2,237,0,11,77,270
17,3,243,0,10,82,270
17,4,244,0,9,77,270
17,5,248,0,8,75,270
17,6,249,0,7,74,270
18,1,250,0,6,69,270
18,2,254,0,5,71,270
18,3,256,0,4,72,270
18,4,256,0,3,66,270
18,5,256,0,2,66,270
18,6,257,0,1,65,270
19,1,258,0,0,65,270
19,2,260,0,-1,65,270
19,3,260,0,-2,61,270
19,4,266,0,-3,66,270
19,5,266,0,-4,65,270
19,6,270,0,-5,68,270
0,1,4,0,119,4,118
0,2,4,0,118,4,118
0,3,4,0,117,4,118
0,4,4,0,116,4,118
0,5,4,0,115,4,118
0,6,4,0,114,4,118
1,1,4,0,113,4,118
1,2,4,0,112,4,118
1,3,8,0,111,8,118
1,4,8,0,110,8,118
1,5,9,0,109,9,118
1,6,13,0,108,13,118
2,1,13,0,107,13,118
2,2,13,0,106,13,118
2,3,13,0,105,13,118
2,4,13,0,104,13,118
2,5,13,0,103,13,118
2,6,13,0,102,13,118
3,1,13,0,101,13,118
3,2,13,0,100,13,118
3,3,14,0,99,14,118
3,4,14,0,98,14,118
3,5,15,0,97,15,118
3,6,19,0,96,19,118
4,1,19,0,95,19,118
4,2,23,0,94,23,118
4,3,27,0,93,27,118
4,4,27,0,92,27,118
4,5,27,0,91,27,118
4,6,27,0,90,27,118
5,1,33,0,89,29,118
5,2,33,0,88,29,118
5,3,33,0,87,29,118
5,4,37,0,86,33,118
5,5,38,0,85,34,118
5,6,38,0,84,34,118
5,7,38,0,83,34,118
6,1,38,0,82,34,118
6,2,38,0,81,30,118
6,3,38,0,80,30,118
6,4,38,0,79,29,118
6,5,39,0,78,26,118
6,6,40,0,77,27,118
6,7,41,0,76,28,118
7,1,42,0,75,29,118
7,2,43,0,74,30,118
7,3,43,0,73,30,118
7,4,44,0,72,31,118
7,5,44,0,71,31,118
7,6,45,0,70,32,118
8,1,45,0,69,31,118
8,2,45,0,68,31,118
8,3,45,0,67,30,118
8,4,45,0,66,26,118
8,5,45,0,65,26,118
8,6,49,0,64,26,118
9,1,49,0,63,22,118
9,2,49,0,62,22,118
9,3,50,0,61,23,118
9,4,50,0,60,23,118
9,5,52,0,59,19,118
9,6,52,0,58,19,118
10,1,52,0,57,19,118
10,2,53,0,56,16,118
10,3,53,0,55,15,118
10,4,54,0,54,16,118
10,5,55,0,53,17,118
10,6,55,0,52,17,118
10,7,61,0,51,23,118
11,1,65,0,50,27,118
11,2,66,0,49,28,118
11,3,72,0,48,33,118
11,4,72,0,47,32,118
11,5,72,0,46,31,118
11,6,73,0,45,31,118
12,1,73,0,44,30,118
12,2,77,0,43,34,118
12,3,77,0,42,33,118
12,4,81,0,41,37,118
12,5,81,0,40,36,118
12,6,81,0,39,36,118
13,1,81,0,38,36,118
13,2,81,0,37,36,118
13,3,82,0,36,37,118
13,4,86,0,35,41,118
13,5,87,0,34,38,118
13,6,87,0,33,38,118
14,1,87,0,32,38,118
14,2,91,0,31,41,118
14,3,91,0,30,41,118
14,4,91,0,29,39,118
14,5,92,0,28,40,118
14,6,92,0,27,40,118
15,1,92,0,26,39,118
15,2,92,0,25,39,118
15,3,93,0,24,39,118
15,4,93,0,23,38,118
15,5,93,0,22,38,118
15,6,97,0,21,36,118
16,1,98,0,20,33,118
16,2,98,0,19,32,118
16,3,98,0,18,26,118
16,4,103,0,17,31,118
16,5,104,0,16,32,118
16,6,105,0,15,32,118
16,7,109,0,14,36,118
16,8,109,0,13,32,118
17,1,113,0,12,36,118
17,2,113,0,11,32,118
17,3,113,0,10,32,118
17,4,113,0,9,32,118
17,5,113,0,8,32,118
17,6,114,0,7,33,118
18,1,115,0,6,33,118
18,2,115,0,5,29,118
18,3,115,0,4,28,118
18,4,116,0,3,29,118
18,5,117,0,2,30,118
18,6,118,0,1,27,118
19,1,118,0,0,27,118
19,2,118,0,-1,27,118
19,3,118,0,-2,26,118
19,4,118,0,-3,26,118
0,1,4,0,119,4,204
0,2,5,0,118,5,204
0,3,6,0,117,6,204
0,4,6,0,116,6,204
0,5,7,0,115,7,204
0,6,11,0,114,11,204
1,1,11,0,113,11,204
1,2,11,0,112,11,204
1,3,12,0,111,12,204
1,4,12,0,110,12,204
1,5,13,0,109,13,204
1,6,13,0,108,13,204
2,1,13,0,107,13,204
2,2,13,0,106,13,204
2,3,13,0,105,13,204
2,4,14,0,104,14,204
2,5,18,0,103,18,204
2,6,22,0,102,22,204
3,1,23,0,101,23,204
3,2,24,0,100,24,204
3,3,25,0,99,25,204
3,4,25,0,98,25,204
3,5,26,0,97,26,204
3,6,26,0,96,26,204
3,7,26,0,95,26,204
4,1,30,0,94,30,204
4,2,30,0,93,30,204
4,3,31,0,92,31,204
4,4,35,0,91,35,204
4,5,35,0,90,35,204
4,6,36,0,89,32,204
5,1,36,0,88,31,204
5,2,37,0,87,31,204
5,3,37,0,86,31,204
5,4,37,0,85,30,204
5,5,41,0,84,30,204
5,6,41,0,83,30,204
6,1,41,0,82,30,204
6,2,45,0,81,33,204
6,3,46,0,80,34,204
6,4,47,0,79,34,204
6,5,47,0,78,34,204
6,6,48,0,77,35,204
7,1,48,0,76,35,204
7,2,50,0,75,37,204
7,3,51,0,74,37,204
7,4,51,0,73,33,204
7,5,51,0,72,29,204
7,6,55,0,71,32,204
8,1,56,0,70,32,204
8,2,60,0,69,35,204
8,3,61,0,68,36,204
8,4,65,0,67,39,204
8,5,66,0,66,40,204
8,6,70,0,65,44,204
9,1,71,0,64,41,204
9,2,72,0,63,42,204
9,3,73,0,62,42,204
9,4,74,0,61,39,204
9,5,80,0,60,45,204
9,6,84,0,59,48,204
10,1,84,0,58,48,204
10,2,85,0,57,48,204
10,3,86,0,56,49,204
10,4,88,0,55,51,204
10,5,89,0,54,48,204
10,6,89,0,53,48,204
11,1,93,0,52,52,204
11,2,93,0,51,48,204
11,3,94,0,50,48,204
11,4,95,0,49,48,204
11,5,95,0,48,48,204
11,6,99,0,47,51,204
12,1,100,0,46,52,204
12,2,101,0,45,51,204
12,3,107,0,44,56,204
12,4,111,0,43,60,204
12,5,111,0,42,60,204
12,6,117,0,41,62,204
13,1,121,0,40,65,204
13,2,122,0,39,62,204
13,3,123,0,38,62,204
13,4,123,0,37,58,204
13,5,124,0,36,58,204
13,6,124,0,35,54,204
13,7,128,0,34,57,204
14,1,134,0,33,62,204
14,2,135,0,32,62,204
14,3,139,0,31,65,204
14,4,140,0,30,60,204
14,5,141,0,29,57,204
14,6,145,0,28,61,204
15,1,145,0,27,60,204
15,2,145,0,26,59,204
15,3,147,0,25,59,204
15,4,147,0,24,58,204
15,5,148,0,23,59,204
15,6,149,0,22,56,204
16,1,150,0,21,57,204
16,2,154,0,20,60,204
16,3,154,0,19,59,204
16,4,155,0,18,60,204
16,5,156,0,17,57,204
16,6,157,0,16,57,204
17,1,161,0,15,60,204
17,2,161,0,14,54,204
17,3,162,0,13,51,204
17,4,168,0,12,57,204
17,5,169,0,11,52,204
17,6,169,0,10,48,204
18,1,170,0,9,48,204
18,2,171,0,8,48,204
18,3,175,0,7,52,204
18,4,181,0,6,57,204
18,5,181,0,5,57,204
18,6,183,0,4,55,204
19,1,189,0,3,55,204
19,2,190,0,2,55,204
19,3,191,0,1,52,204
19,4,192,0,0,52,204
19,5,198,0,-1,57,204
19,6,202,0,-2,57,204
19,7,204,0,-3,59,204
0,1,0,0,119,0,155
0,2,1,0,118,1,155
0,3,1,0,117,1,155
0,4,1,0,116,1,155
0,5,1,0,115,1,155
0,6,1,0,114,1,155
1,1,1,0,113,1,155
1,2,2,0,112,2,155
1,3,3,0,111,3,155
1,4,7,0,110,7,155
1,5,7,0,109,7,155
1,6,11,0,108,11,155
2,1,15,0,107,15,155
2,2,15,0,106,15,155
2,3,15,0,105,15,155
2,4,15,0,104,15,155
2,5,15,0,103,15,155
2,6,15,0,102,15,155
3,1,15,0,101,15,155
3,2,16,0,100,16,155
3,3,16,0,99,16,155
3,4,18,0,98,18,155
3,5,19,0,97,19,155
3,6,20,0,96,20,155
4,1,21,0,95,21,155
4,2,21,0,94,21,155
4,3,21,0,93,21,155
4,4,22,0,92,22,155
4,5,22,0,91,22,155
4,6,22,0,90,22,155
4,7,24,0,89,24,155
4,8,24,0,88,23,155
5,1,24,0,87,23,155
5,2,24,0,86,23,155
5,3,25,0,85,24,155
5,4,26,0,84,25,155
5,5,27,0,83,26,155
5,6,27,0,82,25,155
6,1,27,0,81,24,155
6,2,28,0,80,21,155
6,3,29,0,79,22,155
6,4,30,0,78,19,155
6,5,30,0,77,15,155
6,6,30,0,76,15,155
6,7,31,0,75,16,155
6,8,31,0,74,16,155
7,1,31,0,73,16,155
7,2,31,0,72,16,155
7,3,31,0,71,16,155
7,4,32,0,70,16,155
7,5,33,0,69,17,155
7,6,33,0,68,15,155
8,1,33,0,67,14,155
8,2,37,0,66,17,155
8,3,37,0,65,16,155
8,4,37,0,64,16,155
8,5,38,0,63,17,155
8,6,39,0,62,17,155
9,1,39,0,61,17,155
9,2,40,0,60,18,155
9,3,40,0,59,16,155
9,4,41,0,58,17,155
9,5,41,0,57,17,155
9,6,42,0,56,18,155
10,1,46,0,55,21,155
10,2,47,0,54,21,155
10,3,47,0,53,20,155
10,4,51,0,52,24,155
10,5,52,0,51,25,155
10,6,58,0,50,30,155
11,1,59,0,49,30,155
11,2,60,0,48,30,155
11,3,60,0,47,30,155
11,4,60,0,46,30,155
11,5,61,0,45,30,155
11,6,61,0,44,30,155
11,7,63,0,43,32,155
12,1,63,0,42,32,155
12,2,67,0,41,36,155
12,3,69,0,40,37,155
12,4,69,0,39,36,155
12,5,69,0,38,36,155
12,6,69,0,37,36,155
13,1,69,0,36,32,155
13,2,73,0,35,36,155
13,3,74,0,34,37,155
13,4,78,0,33,40,155
13,5,84,0,32,45,155
13,6,85,0,31,46,155
14,1,86,0,30,46,155
14,2,87,0,29,47,155
14,3,91,0,28,50,155
14,4,97,0,27,56,155
14,5,101,0,26,59,155
14,6,107,0,25,61,155
15,1,108,0,24,61,155
15,2,108,0,23,61,155
15,3,112,0,22,61,155
15,4,113,0,21,61,155
15,5,113,0,20,55,155
15,6,114,0,19,55,155
16,1,118,0,18,58,155
16,2,124,0,17,64,155
16,3,125,0,16,65,155
16,4,127,0,15,66,155
16,5,127,0,14,66,155
16,6,127,0,13,64,155
16,7,127,0,12,64,155
16,8,127,0,11,60,155
17,1,128,0,10,59,155
17,2,129,0,9,60,155
17,3,133,0,8,64,155
17,4,136,0,7,67,155
17,5,137,0,6,68,155
17,6,138,0,5,65,155
18,1,139,0,4,65,155
18,2,140,0,3,62,155
18,3,141,0,2,57,155
18,4,142,0,1,57,155
18,5,144,0,0,58,155
18,6,145,0,-1,58,155
18,7,145,0,-2,54,155
19,1,149,0,-3,52,155
19,2,149,0,-4,48,155
19,3,153,0,-5,46,155
19,4,155,0,-6,47,155
19,5,155,0,-7,47,155
19,6,155,0,-8,43,155
0,1,1,0,119,1,125
0,2,2,0,118,2,125
0,3,6,0,117,6,125
0,4,7,0,116,7,125
0,5,9,0,115,9,125
0,6,10,0,114,10,125
0,7,10,0,113,10,125
0,8,11,0,112,11,125
1,1,11,0,111,11,125
1,2,11,0,110,11,125
1,3,11,0,109,11,125
1,4,11,0,108,11,125
1,5,11,0,107,11,125
1,6,11,0,106,11,125
2,1,13,0,105,13,125
2,2,14,0,104,14,125
2,3,15,0,103,15,125
2,4,15,0,102,15,125
2,5,15,0,101,15,125
2,6,19,0,100,19,125
2,7,20,0,99,20,125
2,8,20,0,98,20,125
3,1,20,0,97,20,125
3,2,20,0,96,20,125
3,3,20,0,95,20,125
3,4,20,0,94,20,125
3,5,20,0,93,20,125
3,6,20,0,92,20,125
4,1,20,0,91,20,125
4,2,21,0,90,21,125
4,3,21,0,89,20,125
4,4,21,0,88,19,125
4,5,22,0,87,16,125
4,6,22,0,86,15,125
5,1,22,0,85,13,125
5,2,23,0,84,13,125
5,3,23,0,83,13,125
5,4,27,0,82,16,125
5,5,27,0,81,16,125
5,6,27,0,80,16,125
6,1,28,0,79,17,125
6,2,28,0,78,17,125
6,3,32,0,77,21,125
6,4,36,0,76,25,125
6,5,36,0,75,23,125
6,6,37,0,74,23,125
7,1,37,0,73,22,125
7,2,37,0,72,22,125
7,3,37,0,71,22,125
7,4,37,0,70,18,125
7,5,38,0,69,18,125
7,6,38,0,68,18,125
8,1,39,0,67,19,125
8,2,39,0,66,19,125
8,3,40,0,65,20,125
8,4,40,0,64,20,125
8,5,41,0,63,21,125
8,6,41,0,62,21,125
9,1,42,0,61,22,125
9,2,42,0,60,21,125
9,3,48,0,59,27,125
9,4,48,0,58,27,125
9,5,48,0,57,26,125
9,6,48,0,56,26,125
10,1,48,0,55,26,125
10,2,48,0,54,25,125
10,3,49,0,53,26,125
10,4,49,0,52,22,125
10,5,49,0,51,22,125
10,6,49,0,50,22,125
11,1,50,0,49,22,125
11,2,54,0,48,26,125
11,3,54,0,47,22,125
11,4,55,0,46,19,125
11,5,56,0,45,20,125
11,6,57,0,44,20,125
11,7,57,0,43,20,125
11,8,57,0,42,20,125
11,9,61,0,41,24,125
12,1,65,0,40,28,125
12,2,65,0,39,27,125
12,3,66,0,38,28,125
12,4,66,0,37,27,125
12,5,66,0,36,27,125
12,6,72,0,35,32,125
13,1,73,0,34,33,125
13,2,73,0,33,32,125
13,3,75,0,32,34,125
13,4,75,0,31,33,125
13,5,75,0,30,33,125
13,6,76,0,29,28,125
14,1,77,0,28,29,125
14,2,77,0,27,29,125
14,3,83,0,26,35,125
14,4,85,0,25,37,125
14,5,85,0,24,37,125
14,6,86,0,23,37,125
15,1,90,0,22,41,125
15,2,96,0,21,47,125
15,3,97,0,20,48,125
15,4,98,0,19,48,125
15,5,99,0,18,45,125
15,6,99,0,17,45,125
15,7,103,0,16,48,125
16,1,103,0,15,47,125
16,2,109,0,14,52,125
16,3,109,0,13,52,125
16,4,109,0,12,52,125
16,5,109,0,11,48,125
16,6,110,0,10,45,125
17,1,110,0,9,45,125
17,2,110,0,8,44,125
17,3,111,0,7,45,125
17,4,112,0,6,46,125
17,5,114,0,5,42,125
17,6,115,0,4,42,125
18,1,116,0,3,43,125
18,2,116,0,2,41,125
18,3,117,0,1,42,125
18,4,119,0,0,44,125
18,5,120,0,-1,44,125
18,6,120,0,-2,43,125
18,7,122,0,-3,45,125
18,8,123,0,-4,40,125
19,1,125,0,-5,40,125
19,2,125,0,-6,40,125
19,3,125,0,-7,39,125
0,1,1,0,119,1,214
0,2,2,0,118,2,214
0,3,3,0,117,3,214
0,4,3,0,116,3,214
0,5,4,0,115,4,214
0,6,6,0,114,6,214
0,7,7,0,113,7,214
0,8,7,0,112,7,214
0,9,7,0,111,7,214
0,1,7,0,110,7,214
1,1,7,0,109,7,214
1,2,8,0,108,8,214
1,3,8,0,107,8,214
1,4,8,0,106,8,214
1,5,12,0,105,12,214
1,6,12,0,104,12,214
2,1,12,0,103,12,214
2,2,12,0,102,12,214
2,3,12,0,101,12,214
2,4,13,0,100,13,214
2,5,19,0,99,19,214
2,6,23,0,98,23,214
3,1,23,0,97,23,214
3,2,24,0,96,24,214
3,3,24,0,95,24,214
3,4,25,0,94,25,214
3,5,25,0,93,25,214
3,6,29,0,92,29,214
4,1,29,0,91,29,214
4,2,30,0,90,30,214
4,3,34,0,89,33,214
4,4,35,0,88,33,214
4,5,35,0,87,32,214
4,6,36,0,86,33,214
5,1,37,0,85,33,214
5,2,41,0,84,35,214
5,3,47,0,83,40,214
5,4,47,0,82,40,214
5,5,47,0,81,40,214
5,6,48,0,80,41,214
6,1,49,0,79,42,214
6,2,49,0,78,41,214
6,3,50,0,77,42,214
6,4,50,0,76,42,214
6,5,51,0,75,39,214
6,6,55,0,74,43,214
6,7,61,0,73,49,214
7,1,65,0,72,53,214
7,2,66,0,71,54,214
7,3,67,0,70,54,214
7,4,71,0,69,52,214
7,5,72,0,68,49,214
7,6,76,0,67,53,214
8,1,80,0,66,56,214
8,2,80,0,65,56,214
8,3,80,0,64,55,214
8,4,82,0,63,57,214
8,5,84,0,62,55,214
8,6,85,0,61,56,214
9,1,86,0,60,56,214
9,2,86,0,59,52,214
9,3,88,0,58,53,214
9,4,89,0,57,54,214
9,5,90,0,56,54,214
9,6,91,0,55,54,214
10,1,92,0,54,51,214
10,2,92,0,53,45,214
10,3,92,0,52,45,214
10,4,93,0,51,46,214
10,5,97,0,50,49,214
10,6,98,0,49,49,214
11,1,99,0,48,50,214
11,2,99,0,47,49,214
11,3,103,0,46,53,214
11,4,105,0,45,54,214
11,5,105,0,44,50,214
11,6,105,0,43,44,214
12,1,105,0,42,40,214
12,2,109,0,41,43,214
12,3,110,0,40,43,214
12,4,111,0,39,40,214
12,5,113,0,38,41,214
12,6,113,0,37,37,214
13,1,114,0,36,34,214
13,2,115,0,35,35,214
13,3,119,0,34,39,214
13,4,120,0,33,38,214
13,5,124,0,32,40,214
13,6,128,0,31,43,214
14,1,134,0,30,48,214
14,2,140,0,29,54,214
14,3,140,0,28,52,214
14,4,146,0,27,57,214
14,5,152,0,26,62,214
14,6,153,0,25,62,214
15,1,153,0,24,61,214
15,2,159,0,23,67,214
15,3,161,0,22,69,214
15,4,165,0,21,72,214
15,5,166,0,20,69,214
15,6,167,0,19,69,214
15,7,171,0,18,72,214
16,1,172,0,17,73,214
16,2,173,0,16,70,214
16,3,175,0,15,70,214
16,4,179,0,14,74,214
16,5,185,0,13,80,214
16,6,186,0,12,81,214
17,1,192,0,11,83,214
17,2,192,0,10,82,214
17,3,192,0,9,81,214
17,4,192,0,8,79,214
17,5,193,0,7,80,214
17,6,194,0,6,80,214
17,7,195,0,5,80,214
18,1,197,0,4,78,214
18,2,197,0,3,77,214
18,3,201,0,2,77,214
18,4,201,0,1,73,214
18,5,202,0,0,68,214
18,6,203,0,-1,63,214
19,1,203,0,-2,63,214
19,2,205,0,-3,59,214
19,3,207,0,-4,55,214
19,4,207,0,-5,54,214
19,5,208,0,-6,55,214
19,6,214,0,-7,55,214
0,1,0,0,119,0,201
0,2,0,0,118,0,201
0,3,1,0,117,1,201
0,4,2,0,116,2,201
0,5,2,0,115,2,201
0,6,6,0,114,6,201
0,7,6,0,113,6,201
1,1,6,0,112,6,201
1,2,6,0,111,6,201
1,3,6,0,110,6,201
1,4,7,0,109,7,201
1,5,7,0,108,7,201
1,6,7,0,107,7,201
2,1,8,0,106,8,201
2,2,9,0,105,9,201
2,3,9,0,104,9,201
2,4,10,0,103,10,201
2,5,14,0,102,14,201
2,6,15,0,101,15,201
2,7,15,0,100,15,201
3,1,16,0,99,16,201
3,2,17,0,98,17,201
3,3,17,0,97,17,201
3,4,21,0,96,21,201
3,5,21,0,95,21,201
3,6,22,0,94,22,201
3,7,23,0,93,23,201
3,8,25,0,92,25,201
3,9,26,0,91,26,201
4,1,27,0,90,27,201
4,2,27,0,89,27,201
4,3,27,0,88,27,201
4,4,27,0,87,26,201
4,5,31,0,86,29,201
4,6,37,0,85,35,201
5,1,37,0,84,31,201
5,2,37,0,83,31,201
5,3,37,0,82,31,201
5,4,37,0,81,31,201
5,5,38,0,80,32,201
5,6,40,0,79,33,201
5,7,40,0,78,33,201
6,1,41,0,77,34,201
6,2,41,0,76,33,201
6,3,47,0,75,38,201
6,4,47,0,74,38,201
6,5,48,0,73,38,201
6,6,49,0,72,35,201
7,1,50,0,71,35,201
7,2,51,0,70,36,201
7,3,51,0,69,35,201
7,4,55,0,68,38,201
7,5,59,0,67,42,201
7,6,60,0,66,39,201
8,1,60,0,65,39,201
8,2,62,0,64,40,201
8,3,62,0,63,39,201
8,4,64,0,62,39,201
8,5,65,0,61,39,201
8,6,67,0,60,40,201
9,1,68,0,59,41,201
9,2,70,0,58,43,201
9,3,71,0,57,44,201
9,4,77,0,56,46,201
9,5,78,0,55,41,201
9,6,78,0,54,41,201
10,1,79,0,53,42,201
10,2,80,0,52,43,201
10,3,81,0,51,44,201
10,4,82,0,50,44,201
10,5,86,0,49,46,201
10,6,88,0,48,48,201
11,1,89,0,47,48,201
11,2,93,0,46,52,201
11,3,94,0,45,47,201
11,4,95,0,44,48,201
11,5,95,0,43,47,201
11,6,95,0,42,46,201
12,1,97,0,41,47,201
12,2,98,0,40,47,201
12,3,98,0,39,47,201
12,4,99,0,38,44,201
12,5,99,0,37,40,201
12,6,100,0,36,40,201
12,7,104,0,35,44,201
13,1,105,0,34,43,201
13,2,106,0,33,44,201
13,3,108,0,32,44,201
13,4,110,0,31,45,201
13,5,111,0,30,44,201
13,6,111,0,29,43,201
14,1,112,0,28,42,201
14,2,116,0,27,45,201
14,3,117,0,26,40,201
14,4,117,0,25,39,201
14,5,119,0,24,41,201
14,6,125,0,23,46,201
15,1,127,0,22,47,201
15,2,133,0,21,52,201
15,3,135,0,20,53,201
15,4,139,0,19,53,201
15,5,140,0,18,52,201
15,6,140,0,17,51,201
15,7,144,0,16,51,201
16,1,148,0,15,54,201
16,2,150,0,14,55,201
16,3,151,0,13,56,201
16,4,153,0,12,58,201
16,5,153,0,11,56,201
16,6,153,0,10,55,201
17,1,159,0,9,61,201
17,2,160,0,8,61,201
17,3,160,0,7,61,201
17,4,161,0,6,61,201
17,5,167,0,5,63,201
17,6,168,0,4,63,201
18,1,174,0,3,68,201
18,2,175,0,2,67,201
18,3,181,0,1,71,201
18,4,182,0,0,71,201
18,5,183,0,-1,72,201
18,6,184,0,-2,72,201
19,1,188,0,-3,72,201
19,2,188,0,-4,71,201
19,3,188,0,-5,71,201
19,4,189,0,-6,70,201
19,5,195,0,-7,70,201
19,6,199,0,-8,72,201
19,7,201,0,-9,68,201
0,1,1,0,119,1,196
0,2,1,0,118,1,196
0,3,1,0,117,1,196
0,4,1,0,116,1,196
0,5,5,0,115,5,196
0,6,6,0,114,6,196
0,7,6,0,113,6,196
1,1,7,0,112,7,196
1,2,8,0,111,8,196
1,3,8,0,110,8,196
1,4,8,0,109,8,196
1,5,8,0,108,8,196
1,6,8,0,107,8,196
2,1,12,0,106,12,196
2,2,13,0,105,13,196
2,3,18,0,104,18,196
2,4,19,0,103,19,196
2,5,19,0,102,19,196
2,6,19,0,101,19,196
2,7,19,0,100,19,196
3,1,19,0,99,19,196
3,2,19,0,98,19,196
3,3,19,0,97,19,196
3,4,23,0,96,23,196
3,5,24,0,95,24,196
3,6,25,0,94,25,196
4,1,26,0,93,26,196
4,2,27,0,92,27,196
4,3,27,0,91,27,196
4,4,27,0,90,27,196
4,5,28,0,89,27,196
4,6,32,0,88,31,196
5,1,36,0,87,35,196
5,2,36,0,86,35,196
5,3,37,0,85,32,196
5,4,38,0,84,32,196
5,5,42,0,83,36,196
5,6,46,0,82,39,196
6,1,47,0,81,39,196
6,2,48,0,80,40,196
6,3,48,0,79,40,196
6,4,49,0,78,41,196
6,5,50,0,77,42,196
6,6,54,0,76,42,196
7,1,55,0,75,42,196
7,2,55,0,74,37,196
7,3,56,0,73,37,196
7,4,56,0,72,37,196
7,5,60,0,71,41,196
7,6,64,0,70,45,196
7,7,64,0,69,45,196
8,1,66,0,68,47,196
8,2,66,0,67,47,196
8,3,67,0,66,44,196
8,4,68,0,65,44,196
8,5,69,0,64,44,196
8,6,69,0,63,43,196
9,1,69,0,62,42,196
9,2,75,0,61,48,196
9,3,76,0,60,49,196
9,4,80,0,59,52,196
9,5,84,0,58,52,196
9,6,85,0,57,49,196
10,1,86,0,56,50,196
10,2,86,0,55,49,196
10,3,90,0,54,52,196
10,4,91,0,53,49,196
10,5,92,0,52,46,196
10,6,94,0,51,47,196
10,7,95,0,50,47,196
11,1,96,0,49,48,196
11,2,97,0,48,48,196
11,3,101,0,47,51,196
11,4,105,0,46,51,196
11,5,109,0,45,54,196
11,6,110,0,44,55,196
12,1,110,0,43,54,196
12,2,111,0,42,55,196
12,3,112,0,41,52,196
12,4,113,0,40,49,196
12,5,114,0,39,50,196
12,6,116,0,38,50,196
13,1,116,0,37,50,196
13,2,120,0,36,53,196
13,3,121,0,35,53,196
13,4,122,0,34,53,196
13,5,122,0,33,53,196
13,6,123,0,32,54,196
14,1,127,0,31,52,196
14,2,127,0,30,51,196
14,3,129,0,29,49,196
14,4,130,0,28,46,196
14,5,131,0,27,46,196
14,6,132,0,26,46,196
15,1,132,0,25,46,196
15,2,133,0,24,43,196
15,3,133,0,23,42,196
15,4,139,0,22,47,196
15,5,139,0,21,45,196
15,6,139,0,20,44,196
16,1,140,0,19,44,196
16,2,141,0,18,44,196
16,3,141,0,17,40,196
16,4,145,0,16,40,196
16,5,146,0,15,37,196
16,6,150,0,14,40,196
16,7,151,0,13,41,196
17,1,151,0,12,40,196
17,2,151,0,11,39,196
17,3,157,0,10,44,196
17,4,162,0,9,48,196
17,5,166,0,8,50,196
17,6,172,0,7,56,196
17,7,172,0,6,52,196
18,1,178,0,5,57,196
18,2,184,0,4,62,196
18,3,185,0,3,63,196
18,4,185,0,2,62,196
18,5,186,0,1,59,196
18,6,187,0,0,60,196
18,7,187,0,-1,58,196
18,8,188,0,-2,58,196
18,9,189,0,-3,58,196
19,1,190,0,-4,58,196
19,2,191,0,-5,59,196
19,3,191,0,-6,58,196
19,4,192,0,-7,59,196
19,5,194,0,-8,55,196
19,6,196,0,-9,57,196
0,1,1,0,119,1,188
0,2,1,0,118,1,188
0,3,1,0,117,1,188
0,4,5,0,116,5,188
0,5,5,0,115,5,188
0,6,9,0,114,9,188
0,7,13,0,113,13,188
1,1,14,0,112,14,188
1,2,16,0,111,16,188
1,3,18,0,110,18,188
1,4,18,0,109,18,188
1,5,22,0,108,22,188
1,6,22,0,107,22,188
2,1,26,0,106,26,188
2,2,30,0,105,30,188
2,3,30,0,104,30,188
2,4,30,0,103,30,188
2,5,31,0,102,31,188
2,6,33,0,101,33,188
2,7,33,0,100,33,188
3,1,33,0,99,33,188
3,2,33,0,98,33,188
3,3,37,0,97,37,188
3,4,43,0,96,43,188
3,5,43,0,95,43,188
3,6,43,0,94,43,188
4,1,43,0,93,43,188
4,2,44,0,92,44,188
4,3,50,0,91,50,188
4,4,51,0,90,51,188
4,5,51,0,89,50,188
4,6,52,0,88,51,188
5,1,53,0,87,52,188
5,2,53,0,86,48,188
5,3,54,0,85,49,188
5,4,58,0,84,49,188
5,5,58,0,83,45,188
5,6,62,0,82,48,188
6,1,62,0,81,46,188
6,2,63,0,80,45,188
6,3,64,0,79,46,188
6,4,64,0,78,42,188
6,5,64,0,77,42,188
6,6,64,0,76,38,188
7,1,64,0,75,34,188
7,2,64,0,74,34,188
7,3,64,0,73,34,188
7,4,68,0,72,37,188
7,5,68,0,71,35,188
7,6,69,0,70,36,188
8,1,69,0,69,36,188
8,2,70,0,68,37,188
8,3,71,0,67,34,188
8,4,72,0,66,29,188
8,5,73,0,65,30,188
8,6,74,0,64,31,188
8,7,75,0,63,32,188
9,1,75,0,62,31,188
9,2,76,0,61,26,188
9,3,76,0,60,25,188
9,4,76,0,59,25,188
9,5,76,0,58,24,188
9,6,76,0,57,23,188
10,1,76,0,56,23,188
10,2,78,0,55,24,188
10,3,79,0,54,21,188
10,4,79,0,53,21,188
10,5,80,0,52,18,188
10,6,84,0,51,22,188
11,1,85,0,50,22,188
11,2,85,0,49,21,188
11,3,91,0,48,27,188
11,4,91,0,47,27,188
11,5,92,0,46,28,188
11,6,93,0,45,29,188
12,1,99,0,44,35,188
12,2,99,0,43,35,188
12,3,100,0,42,32,188
12,4,106,0,41,38,188
12,5,107,0,40,38,188
12,6,108,0,39,39,188
13,1,109,0,38,39,188
13,2,110,0,37,39,188
13,3,111,0,36,39,188
13,4,115,0,35,42,188
13,5,115,0,34,41,188
13,6,116,0,33,41,188
14,1,117,0,32,42,188
14,2,118,0,31,42,188
14,3,124,0,30,48,188
14,4,124,0,29,48,188
14,5,125,0,28,49,188
14,6,129,0,27,53,188
15,1,130,0,26,54,188
15,2,131,0,25,53,188
15,3,131,0,24,52,188
15,4,132,0,23,53,188
15,5,132,0,22,52,188
15,6,133,0,21,49,188
16,1,133,0,20,48,188
16,2,134,0,19,49,188
16,3,136,0,18,45,188
16,4,137,0,17,46,188
16,5,138,0,16,46,188
16,6,142,0,15,49,188
17,1,148,0,14,49,188
17,2,148,0,13,49,188
17,3,149,0,12,49,188
17,4,149,0,11,43,188
17,5,150,0,10,43,188
17,6,154,0,9,46,188
17,7,155,0,8,46,188
17,8,161,0,7,51,188
18,1,167,0,6,56,188
18,2,168,0,5,53,188
18,3,170,0,4,55,188
18,4,170,0,3,54,188
18,5,171,0,2,54,188
18,6,171,0,1,53,188
19,1,172,0,0,48,188
19,2,174,0,-1,50,188
19,3,175,0,-2,50,188
19,4,176,0,-3,47,188
19,5,182,0,-4,52,188
19,6,188,0,-5,57,188
0,1,0,0,119,0,143
0,2,0,0,118,0,143
0,3,0,0,117,0,143
0,4,4,0,116,4,143
0,5,4,0,115,4,143
0,6,8,0,114,8,143
1,1,9,0,113,9,143
1,2,10,0,112,10,143
1,3,10,0,111,10,143
1,4,10,0,110,10,143
1,5,11,0,109,11,143
1,6,11,0,108,11,143
1,7,11,0,107,11,143
2,1,11,0,106,11,143
2,2,11,0,105,11,143
2,3,15,0,104,15,143
2,4,15,0,103,15,143
2,5,19,0,102,19,143
2,6,19,0,101,19,143
3,1,19,0,100,19,143
3,2,22,0,99,22,143
3,3,26,0,98,26,143
3,4,30,0,97,30,143
3,5,30,0,96,30,143
3,6,30,0,95,30,143
4,1,34,0,94,34,143
4,2,34,0,93,34,143
4,3,38,0,92,38,143
4,4,38,0,91,38,143
4,5,38,0,90,38,143
4,6,38,0,89,38,143
5,1,38,0,88,38,143
5,2,38,0,87,38,143
5,3,38,0,86,34,143
5,4,38,0,85,34,143
5,5,38,0,84,30,143
5,6,38,0,83,29,143
6,1,38,0,82,28,143
6,2,38,0,81,28,143
6,3,38,0,80,28,143
6,4,38,0,79,27,143
6,5,38,0,78,27,143
6,6,38,0,77,27,143
7,1,40,0,76,29,143
7,2,40,0,75,29,143
7,3,41,0,74,26,143
7,4,43,0,73,28,143
7,5,43,0,72,24,143
7,6,47,0,71,28,143
7,7,48,0,70,29,143
8,1,49,0,69,27,143
8,2,50,0,68,24,143
8,3,51,0,67,21,143
8,4,52,0,66,22,143
8,5,52,0,65,22,143
8,6,53,0,64,19,143
9,1,54,0,63,20,143
9,2,55,0,62,17,143
9,3,56,0,61,18,143
9,4,60,0,60,22,143
9,5,60,0,59,22,143
9,6,66,0,58,28,143
10,1,66,0,57,28,143
10,2,67,0,56,29,143
10,3,67,0,55,29,143
10,4,67,0,54,29,143
10,5,67,0,53,29,143
10,6,68,0,52,30,143
11,1,69,0,51,31,143
11,2,70,0,50,32,143
11,3,76,0,49,38,143
11,4,76,0,48,38,143
11,5,80,0,47,42,143
11,6,81,0,46,41,143
12,1,81,0,45,41,143
12,2,81,0,44,40,143
12,3,81,0,43,38,143
12,4,81,0,42,38,143
12,5,83,0,41,36,143
12,6,84,0,40,36,143
13,1,85,0,39,36,143
13,2,85,0,38,35,143
13,3,86,0,37,35,143
13,4,92,0,36,40,143
13,5,93,0,35,41,143
13,6,93,0,34,40,143
14,1,94,0,33,40,143
14,2,94,0,32,39,143
14,3,98,0,31,42,143
14,4,99,0,30,39,143
14,5,99,0,29,39,143
14,6,100,0,28,34,143
14,7,102,0,27,36,143
14,8,103,0,26,36,143
15,1,104,0,25,37,143
15,2,105,0,24,38,143
15,3,106,0,23,39,143
15,4,107,0,22,39,143
15,5,108,0,21,39,143
15,6,109,0,20,39,143
16,1,110,0,19,34,143
16,2,111,0,18,35,143
16,3,112,0,17,32,143
16,4,113,0,16,32,143
16,5,113,0,15,32,143
16,6,113,0,14,32,143
17,1,114,0,13,33,143
17,2,115,0,12,34,143
17,3,116,0,11,33,143
17,4,117,0,10,33,143
17,5,117,0,9,32,143
17,6,117,0,8,32,143
18,1,118,0,7,32,143
18,2,119,0,6,27,143
18,3,119,0,5,26,143
18,4,123,0,4,30,143
18,5,124,0,3,30,143
18,6,128,0,2,34,143
19,1,130,0,1,32,143
19,2,132,0,0,33,143
19,3,132,0,-1,33,143
19,4,133,0,-2,33,143
19,5,137,0,-3,35,143
19,6,143,0,-4,40,143
0,1,0,0,119,0,209
0,2,0,0,118,0,209
0,3,0,0,117,0,209
0,4,0,0,116,0,209
0,5,1,0,115,1,209
0,6,1,0,114,1,209
1,1,5,0,113,5,209
1,2,9,0,112,9,209
1,3,10,0,111,10,209
1,4,10,0,110,10,209
1,5,14,0,109,14,209
1,6,15,0,108,15,209
1,7,16,0,107,16,209
2,1,16,0,106,16,209
2,2,16,0,105,16,209
2,3,16,0,104,16,209
2,4,18,0,103,18,209
2,5,20,0,102,20,209
2,6,20,0,101,20,209
3,1,22,0,100,22,209
3,2,22,0,99,22,209
3,3,26,0,98,26,209
3,4,32,0,97,32,209
3,5,38,0,96,38,209
3,6,39,0,95,39,209
4,1,39,0,94,39,209
4,2,41,0,93,41,209
4,3,41,0,92,41,209
4,4,45,0,91,45,209
4,5,46,0,90,46,209
4,6,50,0,89,50,209
5,1,54,0,88,54,209
5,2,55,0,87,55,209
5,3,55,0,86,55,209
5,4,59,0,85,58,209
5,5,59,0,84,58,209
5,6,63,0,83,58,209
6,1,67,0,82,58,209
6,2,70,0,81,60,209
6,3,71,0,80,61,209
6,4,75,0,79,61,209
6,5,75,0,78,60,209
6,6,79,0,77,63,209
7,1,83,0,76,67,209
7,2,86,0,75,70,209
7,3,90,0,74,74,209
7,4,91,0,73,73,209
7,5,91,0,72,71,209
7,6,91,0,71,71,209
8,1,92,0,70,70,209
8,2,95,0,69,73,209
8,3,95,0,68,69,209
8,4,97,0,67,65,209
8,5,98,0,66,60,209
8,6,102,0,65,63,209
8,7,103,0,64,64,209
9,1,103,0,63,62,209
9,2,104,0,62,63,209
9,3,104,0,61,59,209
9,4,105,0,60,59,209
9,5,111,0,59,61,209
9,6,112,0,58,58,209
10,1,113,0,57,58,209
10,2,113,0,56,58,209
10,3,114,0,55,55,209
10,4,114,0,54,55,209
10,5,114,0,53,51,209
10,6,114,0,52,47,209
10,7,115,0,51,45,209
11,1,116,0,50,45,209
11,2,120,0,49,45,209
11,3,121,0,48,46,209
11,4,121,0,47,42,209
11,5,122,0,46,39,209
11,6,124,0,45,38,209
12,1,125,0,44,35,209
12,2,126,0,43,35,209
12,3,132,0,42,41,209
12,4,134,0,41,43,209
12,5,134,0,40,42,209
12,6,136,0,39,41,209
12,7,137,0,38,42,209
13,1,141,0,37,44,209
13,2,141,0,36,43,209
13,3,141,0,35,39,209
13,4,142,0,34,39,209
13,5,143,0,33,40,209
13,6,147,0,32,43,209
14,1,149,0,31,45,209
14,2,150,0,30,45,209
14,3,156,0,29,45,209
14,4,158,0,28,46,209
14,5,159,0,27,46,209
14,6,160,0,26,47,209
15,1,162,0,25,48,209
15,2,162,0,24,48,209
15,3,163,0,23,49,209
15,4,169,0,22,55,209
15,5,170,0,21,55,209
15,6,172,0,20,56,209
16,1,174,0,19,54,209
16,2,175,0,18,54,209
16,3,177,0,17,56,209
16,4,177,0,16,55,209
16,5,179,0,15,55,209
16,6,183,0,14,58,209
17,1,184,0,13,58,209
17,2,184,0,12,52,209
17,3,185,0,11,51,209
17,4,185,0,10,51,209
17,5,191,0,9,55,209
17,6,193,0,8,56,209
18,1,193,0,7,52,209
18,2,199,0,6,58,209
18,3,199,0,5,58,209
18,4,200,0,4,58,209
18,5,200,0,3,57,209
18,6,201,0,2,54,209
19,1,205,0,1,56,209
19,2,205,0,0,55,209
19,3,205,0,-1,49,209
19,4,209,0,-2,51,209
19,5,209,0,-3,50,209
19,6,209,0,-4,49,209
0,1,1,0,119,1,188
0,2,2,0,118,2,188
0,3,6,0,117,6,188
0,4,8,0,116,8,188
0,5,8,0,115,8,188
0,6,12,0,114,12,188
1,1,13,0,113,13,188
1,2,13,0,112,13,188
1,3,15,0,111,15,188
1,4,15,0,110,15,188
1,5,15,0,109,15,188
1,6,15,0,108,15,188
2,1,16,0,107,16,188
2,2,18,0,106,18,188
2,3,19,0,105,19,188
2,4,20,0,104,20,188
2,5,24,0,103,24,188
2,6,24,0,102,24,188
3,1,24,0,101,24,188
3,2,28,0,100,28,188
3,3,32,0,99,32,188
3,4,33,0,98,33,188
3,5,33,0,97,33,188
3,6,35,0,96,35,188
4,1,35,0,95,35,188
4,2,36,0,94,36,188
4,3,37,0,93,37,188
4,4,37,0,92,37,188
4,5,37,0,91,37,188
4,6,37,0,90,37,188
5,1,37,0,89,36,188
5,2,38,0,88,36,188
5,3,39,0,87,33,188
5,4,40,0,86,32,188
5,5,41,0,85,33,188
5,6,42,0,84,30,188
6,1,43,0,83,30,188
6,2,43,0,82,30,188
6,3,44,0,81,29,188
6,4,48,0,80,33,188
6,5,49,0,79,34,188
6,6,49,0,78,34,188
7,1,53,0,77,37,188
7,2,53,0,76,35,188
7,3,53,0,75,34,188
7,4,55,0,74,35,188
7,5,56,0,73,32,188
7,6,57,0,72,33,188
8,1,58,0,71,34,188
8,2,60,0,70,32,188
8,3,60,0,69,28,188
8,4,66,0,68,33,188
8,5,67,0,67,34,188
8,6,73,0,66,38,188
8,7,73,0,65,38,188
9,1,74,0,64,38,188
9,2,74,0,63,37,188
9,3,76,0,62,39,188
9,4,77,0,61,40,188
9,5,78,0,60,41,188
9,6,82,0,59,45,188
10,1,86,0,58,48,188
10,2,86,0,57,47,188
10,3,86,0,56,46,188
10,4,92,0,55,51,188
10,5,93,0,54,51,188
10,6,93,0,53,50,188
11,1,99,0,52,56,188
11,2,103,0,51,59,188
11,3,105,0,50,57,188
11,4,105,0,49,56,188
11,5,106,0,48,57,188
11,6,107,0,47,54,188
12,1,111,0,46,58,188
12,2,112,0,45,59,188
12,3,112,0,44,57,188
12,4,112,0,43,56,188
12,5,112,0,42,55,188
12,6,112,0,41,54,188
13,1,112,0,40,52,188
13,2,113,0,39,53,188
13,3,114,0,38,48,188
13,4,115,0,37,48,188
13,5,116,0,36,43,188
13,6,117,0,35,44,188
14,1,123,0,34,49,188
14,2,124,0,33,50,188
14,3,124,0,32,48,188
14,4,128,0,31,51,188
14,5,128,0,30,50,188
14,6,128,0,29,46,188
15,1,132,0,28,46,188
15,2,138,0,27,52,188
15,3,138,0,26,52,188
15,4,139,0,25,47,188
15,5,140,0,24,47,188
15,6,140,0,23,47,188
16,1,146,0,22,47,188
16,2,146,0,21,43,188
16,3,147,0,20,42,188
16,4,148,0,19,43,188
16,5,149,0,18,43,188
16,6,153,0,17,46,188
17,1,154,0,16,43,188
17,2,160,0,15,48,188
17,3,162,0,14,50,188
17,4,168,0,13,56,188
17,5,168,0,12,56,188
17,6,172,0,11,60,188
18,1,173,0,10,61,188
18,2,173,0,9,60,188
18,3,174,0,8,60,188
18,4,175,0,7,60,188
18,5,181,0,6,65,188
18,6,181,0,5,64,188
19,1,181,0,4,58,188
19,2,182,0,3,58,188
19,3,183,0,2,59,188
19,4,187,0,1,59,188
19,5,187,0,0,59,188
19,6,188,0,-1,60,188
0,1,2,0,119,2,144
0,2,2,0,118,2,144
0,3,6,0,117,6,144
0,4,6,0,116,6,144
0,5,12,0,115,12,144
0,6,13,0,114,13,144
1,1,14,0,113,14,144
1,2,15,0,112,15,144
1,3,16,0,111,16,144
1,4,16,0,110,16,144
1,5,16,0,109,16,144
1,6,16,0,108,16,144
2,1,20,0,107,20,144
2,2,20,0,106,20,144
2,3,20,0,105,20,144
2,4,21,0,104,21,144
2,5,22,0,103,22,144
2,6,22,0,102,22,144
3,1,23,0,101,23,144
3,2,23,0,100,23,144
3,3,29,0,99,29,144
3,4,30,0,98,30,144
3,5,30,0,97,30,144
3,6,30,0,96,30,144
3,7,30,0,95,30,144
4,1,30,0,94,30,144
4,2,34,0,93,34,144
4,3,35,0,92,35,144
4,4,35,0,91,35,144
4,5,35,0,90,35,144
4,6,39,0,89,37,144
5,1,39,0,88,37,144
5,2,40,0,87,34,144
5,3,41,0,86,35,144
5,4,42,0,85,30,144
5,5,43,0,84,30,144
5,6,43,0,83,29,144
6,1,45,0,82,30,144
6,2,45,0,81,29,144
6,3,46,0,80,30,144
6,4,47,0,79,31,144
6,5,48,0,78,32,144
6,6,48,0,77,28,144
7,1,49,0,76,29,144
7,2,50,0,75,30,144
7,3,51,0,74,30,144
7,4,52,0,73,30,144
7,5,56,0,72,34,144
7,6,56,0,71,33,144
8,1,56,0,70,33,144
8,2,57,0,69,28,144
8,3,58,0,68,28,144
8,4,58,0,67,28,144
8,5,59,0,66,29,144
8,6,60,0,65,30,144
9,1,61,0,64,31,144
9,2,62,0,63,28,144
9,3,66,0,62,31,144
9,4,70,0,61,35,144
9,5,70,0,60,35,144
9,6,70,0,59,31,144
10,1,71,0,58,32,144
10,2,71,0,57,31,144
10,3,71,0,56,30,144
10,4,71,0,55,29,144
10,5,71,0,54,28,144
10,6,72,0,53,29,144
11,1,73,0,52,28,144
11,2,73,0,51,28,144
11,3,74,0,50,28,144
11,4,78,0,49,31,144
11,5,78,0,48,30,144
11,6,79,0,47,31,144
12,1,79,0,46,30,144
12,2,80,0,45,30,144
12,3,81,0,44,30,144
12,4,87,0,43,35,144
12,5,87,0,42,31,144
12,6,93,0,41,37,144
13,1,94,0,40,38,144
13,2,98,0,39,41,144
13,3,99,0,38,41,144
13,4,99,0,37,41,144
13,5,99,0,36,40,144
13,6,99,0,35,39,144
14,1,100,0,34,39,144
14,2,100,0,33,38,144
14,3,101,0,32,35,144
14,4,105,0,31,35,144
14,5,105,0,30,35,144
14,6,106,0,29,36,144
15,1,107,0,28,36,144
15,2,108,0,27,37,144
15,3,110,0,26,39,144
15,4,110,0,25,39,144
15,5,111,0,24,40,144
15,6,112,0,23,40,144
15,7,112,0,22,39,144
16,1,113,0,21,40,144
16,2,114,0,20,40,144
16,3,120,0,19,42,144
16,4,121,0,18,43,144
16,5,121,0,17,42,144
16,6,122,0,16,43,144
17,1,122,0,15,42,144
17,2,123,0,14,42,144
17,3,123,0,13,36,144
17,4,124,0,12,37,144
17,5,125,0,11,32,144
17,6,125,0,10,31,144
18,1,129,0,9,31,144
18,2,133,0,8,34,144
18,3,133,0,7,34,144
18,4,134,0,6,35,144
18,5,135,0,5,36,144
18,6,136,0,4,36,144
18,7,136,0,3,36,144
18,8,137,0,2,36,144
19,1,137,0,1,32,144
19,2,141,0,0,36,144
19,3,143,0,-1,37,144
19,4,143,0,-2,36,144
19,5,144,0,-3,36,144
19,6,144,0,-4,34,144
0,1,0,0,119,0,139
0,2,0,0,118,0,139
0,3,0,0,117,0,139
0,4,0,0,116,0,139
0,5,0,0,115,0,139
0,6,0,0,114,0,139
1,1,0,0,113,0,139
1,2,1,0,112,1,139
1,3,2,0,111,2,139
1,4,2,0,110,2,139
1,5,2,0,109,2,139
1,6,3,0,108,3,139
1,7,3,0,107,3,139
1,8,3,0,106,3,139
2,1,3,0,105,3,139
2,2,3,0,104,3,139
2,3,3,0,103,3,139
2,4,3,0,102,3,139
2,5,4,0,101,4,139
2,6,4,0,100,4,139
3,1,4,0,99,4,139
3,2,4,0,98,4,139
3,3,4,0,97,4,139
3,4,4,0,96,4,139
3,5,4,0,95,4,139
3,6,6,0,94,6,139
4,1,10,0,93,10,139
4,2,14,0,92,14,139
4,3,14,0,91,14,139
4,4,15,0,90,15,139
4,5,15,0,89,15,139
4,6,16,0,88,16,139
5,1,16,0,87,16,139
5,2,20,0,86,20,139
5,3,26,0,85,26,139
5,4,27,0,84,27,139
5,5,27,0,83,27,139
5,6,28,0,82,27,139
5,7,28,0,81,26,139
6,1,28,0,80,26,139
6,2,28,0,79,26,139
6,3,29,0,78,26,139
6,4,30,0,77,27,139
6,5,30,0,76,27,139
6,6,30,0,75,27,139
6,7,36,0,74,33,139
7,1,37,0,73,34,139
7,2,37,0,72,34,139
7,3,37,0,71,33,139
7,4,38,0,70,34,139
7,5,39,0,69,35,139
7,6,40,0,68,36,139
7,7,44,0,67,40,139
8,1,44,0,66,40,139
8,2,45,0,65,41,139
8,3,45,0,64,39,139
8,4,45,0,63,35,139
8,5,46,0,62,32,139
8,6,46,0,61,32,139
8,7,46,0,60,31,139
9,1,46,0,59,31,139
9,2,46,0,58,30,139
9,3,47,0,57,31,139
9,4,48,0,56,28,139
9,5,48,0,55,22,139
9,6,49,0,54,22,139
9,7,51,0,53,24,139
9,8,51,0,52,23,139
10,1,52,0,51,24,139
10,2,52,0,50,24,139
10,3,52,0,49,24,139
10,4,53,0,48,24,139
10,5,54,0,47,24,139
10,6,54,0,46,24,139
11,1,58,0,45,28,139
11,2,59,0,44,23,139
11,3,60,0,43,23,139
11,4,64,0,42,27,139
11,5,68,0,41,31,139
11,6,68,0,40,30,139
12,1,69,0,39,30,139
12,2,71,0,38,31,139
12,3,71,0,37,27,139
12,4,73,0,36,29,139
12,5,75,0,35,30,139
12,6,75,0,34,30,139
13,1,76,0,33,31,139
13,2,78,0,32,32,139
13,3,79,0,31,33,139
13,4,80,0,30,34,139
13,5,84,0,29,38,139
13,6,85,0,28,39,139
14,1,85,0,27,38,139
14,2,86,0,26,38,139
14,3,86,0,25,38,139
14,4,87,0,24,38,139
14,5,88,0,23,37,139
14,6,88,0,22,37,139
14,7,90,0,21,38,139
15,1,92,0,20,40,139
15,2,94,0,19,42,139
15,3,95,0,18,42,139
15,4,96,0,17,42,139
15,5,97,0,16,43,139
15,6,98,0,15,40,139
15,7,102,0,14,43,139
16,1,103,0,13,43,139
16,2,104,0,12,40,139
16,3,104,0,11,36,139
16,4,105,0,10,37,139
16,5,106,0,9,37,139
16,6,107,0,8,36,139
17,1,109,0,7,38,139
17,2,110,0,6,37,139
17,3,110,0,5,35,139
17,4,115,0,4,40,139
17,5,116,0,3,40,139
17,6,118,0,2,40,139
17,7,120,0,1,41,139
18,1,124,0,0,44,139
18,2,128,0,-1,44,139
18,3,128,0,-2,43,139
18,4,129,0,-3,44,139
18,5,130,0,-4,44,139
18,6,132,0,-5,46,139
19,1,133,0,-6,46,139
19,2,133,0,-7,45,139
19,3,134,0,-8,46,139
19,4,135,0,-9,45,139
19,5,136,0,-10,44,139
19,6,138,0,-11,44,139
19,7,139,0,-12,44,139
0,1,0,0,119,0,239
0,2,4,0,118,4,239
0,3,4,0,117,4,239
0,4,5,0,116,5,239
0,5,6,0,115,6,239
0,6,6,0,114,6,239
1,1,9,0,113,9,239
1,2,11,0,112,11,239
1,3,15,0,111,15,239
1,4,15,0,110,15,239
1,5,15,0,109,15,239
1,6,15,0,108,15,239
2,1,16,0,107,16,239
2,2,16,0,106,16,239
2,3,22,0,105,22,239
2,4,26,0,104,26,239
2,5,30,0,103,30,239
2,6,31,0,102,31,239
3,1,31,0,101,31,239
3,2,31,0,100,31,239
3,3,31,0,99,31,239
3,4,33,0,98,33,239
3,5,34,0,97,34,239
3,6,40,0,96,40,239
4,1,44,0,95,44,239
4,2,44,0,94,44,239
4,3,45,0,93,45,239
4,4,51,0,92,51,239
4,5,51,0,91,51,239
4,6,55,0,90,55,239
5,1,57,0,89,57,239
5,2,58,0,88,54,239
5,3,59,0,87,55,239
5,4,59,0,86,54,239
5,5,65,0,85,59,239
5,6,69,0,84,63,239
6,1,70,0,83,61,239
6,2,71,0,82,60,239
6,3,72,0,81,57,239
6,4,72,0,80,57,239
6,5,73,0,79,58,239
6,6,79,0,78,64,239
7,1,81,0,77,65,239
7,2,81,0,76,65,239
7,3,82,0,75,60,239
7,4,82,0,74,56,239
7,5,83,0,73,53,239
7,6,84,0,72,53,239
7,7,84,0,71,53,239
8,1,88,0,70,57,239
8,2,88,0,69,57,239
8,3,89,0,68,56,239
8,4,89,0,67,55,239
8,5,89,0,66,49,239
8,6,90,0,65,46,239
9,1,91,0,64,47,239
9,2,92,0,63,47,239
9,3,93,0,62,42,239
9,4,94,0,61,43,239
9,5,95,0,60,40,239
9,6,95,0,59,38,239
10,1,96,0,58,38,239
10,2,100,0,57,41,239
10,3,100,0,56,41,239
10,4,101,0,55,36,239
10,5,105,0,54,36,239
10,6,107,0,53,37,239
11,1,108,0,52,37,239
11,2,109,0,51,37,239
11,3,110,0,50,38,239
11,4,111,0,49,38,239
11,5,112,0,48,33,239
11,6,113,0,47,32,239
12,1,113,0,46,32,239
12,2,117,0,45,35,239
12,3,118,0,44,36,239
12,4,119,0,43,36,239
12,5,125,0,42,41,239
12,6,126,0,41,42,239
13,1,132,0,40,44,239
13,2,138,0,39,50,239
13,3,142,0,38,53,239
13,4,143,0,37,54,239
13,5,144,0,36,55,239
13,6,145,0,35,55,239
14,1,151,0,34,60,239
14,2,156,0,33,64,239
14,3,158,0,32,65,239
14,4,159,0,31,65,239
14,5,160,0,30,65,239
14,6,162,0,29,67,239
14,7,163,0,28,67,239
15,1,164,0,27,64,239
15,2,165,0,26,65,239
15,3,169,0,25,68,239
15,4,169,0,24,64,239
15,5,175,0,23,68,239
15,6,179,0,22,71,239
16,1,182,0,21,73,239
16,2,183,0,20,73,239
16,3,184,0,19,73,239
16,4,185,0,18,73,239
16,5,191,0,17,78,239
16,6,191,0,16,78,239
17,1,197,0,15,80,239
17,2,198,0,14,80,239
17,3,202,0,13,83,239
17,4,206,0,12,81,239
17,5,212,0,11,86,239
17,6,218,0,10,86,239
18,1,218,0,9,80,239
18,2,219,0,8,77,239
18,3,223,0,7,80,239
18,4,225,0,6,81,239
18,5,226,0,5,81,239
18,6,226,0,4,75,239
19,1,227,0,3,71,239
19,2,228,0,2,70,239
19,3,234,0,1,75,239
19,4,235,0,0,75,239
19,5,236,0,-1,74,239
19,6,237,0,-2,74,239
19,7,239,0,-3,75,239
0,1,0,0,119,0,158
0,2,0,0,118,0,158
0,3,0,0,117,0,158
0,4,4,0,116,4,158
0,5,5,0,115,5,158
0,6,9,0,114,9,158
1,1,9,0,113,9,158
1,2,9,0,112,9,158
1,3,13,0,111,13,158
1,4,13,0,110,13,158
1,5,14,0,109,14,158
1,6,14,0,108,14,158
2,1,14,0,107,14,158
2,2,14,0,106,14,158
2,3,15,0,105,15,158
2,4,19,0,104,19,158
2,5,23,0,103,23,158
2,6,29,0,102,29,158
3,1,29,0,101,29,158
3,2,30,0,100,30,158
3,3,30,0,99,30,158
3,4,36,0,98,36,158
3,5,40,0,97,40,158
3,6,40,0,96,40,158
4,1,44,0,95,44,158
4,2,45,0,94,45,158
4,3,45,0,93,45,158
4,4,45,0,92,45,158
4,5,49,0,91,49,158
4,6,49,0,90,49,158
5,1,55,0,89,55,158
5,2,55,0,88,55,158
5,3,59,0,87,59,158
5,4,60,0,86,56,158
5,5,64,0,85,59,158
5,6,68,0,84,59,158
6,1,69,0,83,60,158
6,2,69,0,82,60,158
6,3,71,0,81,58,158
6,4,75,0,80,62,158
6,5,77,0,79,63,158
6,6,78,0,78,64,158
7,1,79,0,77,65,158
7,2,80,0,76,66,158
7,3,80,0,75,65,158
7,4,80,0,74,61,158
7,5,82,0,73,59,158
7,6,86,0,72,57,158
8,1,87,0,71,58,158
8,2,87,0,70,57,158
8,3,91,0,69,61,158
8,4,91,0,68,55,158
8,5,91,0,67,51,158
8,6,92,0,66,52,158
9,1,92,0,65,48,158
9,2,93,0,64,48,158
9,3,94,0,63,49,158
9,4,96,0,62,51,158
9,5,96,0,61,47,158
9,6,97,0,60,48,158
10,1,97,0,59,42,158
10,2,98,0,58,43,158
10,3,99,0,57,40,158
10,4,100,0,56,40,158
10,5,100,0,55,36,158
10,6,101,0,54,33,158
11,1,101,0,53,32,158
11,2,101,0,52,32,158
11,3,101,0,51,30,158
11,4,101,0,50,26,158
11,5,101,0,49,24,158
11,6,102,0,48,24,158
12,1,103,0,47,24,158
12,2,104,0,46,24,158
12,3,105,0,45,25,158
12,4,105,0,44,25,158
12,5,105,0,43,23,158
12,6,105,0,42,19,158
12,7,107,0,41,20,158
13,1,107,0,40,20,158
13,2,107,0,39,16,158
13,3,107,0,38,16,158
13,4,108,0,37,17,158
13,5,111,0,36,19,158
13,6,111,0,35,19,158
14,1,112,0,34,19,158
14,2,112,0,33,18,158
14,3,113,0,32,17,158
14,4,114,0,31,18,158
14,5,118,0,30,21,158
14,6,118,0,29,21,158
15,1,118,0,28,20,158
15,2,122,0,27,23,158
15,3,123,0,26,23,158
15,4,123,0,25,23,158
15,5,123,0,24,22,158
15,6,124,0,23,23,158
16,1,125,0,22,24,158
16,2,126,0,21,25,158
16,3,127,0,20,26,158
16,4,131,0,19,30,158
16,5,135,0,18,33,158
16,6,135,0,17,32,158
17,1,136,0,16,32,158
17,2,137,0,15,32,158
17,3,138,0,14,33,158
17,4,139,0,13,34,158
17,5,139,0,12,34,158
17,6,139,0,11,32,158
18,1,145,0,10,38,158
18,2,145,0,9,38,158
18,3,149,0,8,42,158
18,4,153,0,7,45,158
18,5,155,0,6,44,158
18,6,156,0,5,45,158
19,1,156,0,4,44,158
19,2,156,0,3,44,158
19,3,156,0,2,43,158
19,4,157,0,1,43,158
19,5,158,0,0,40,158
19,6,158,0,-1,40,158
0,1,1,0,119,1,68
0,2,2,0,118,2,68
0,3,2,0,117,2,68
0,4,8,0,116,8,68
0,5,8,0,115,8,68
0,6,8,0,114,8,68
1,1,8,0,113,8,68
1,2,10,0,112,10,68
1,3,10,0,111,10,68
1,4,10,0,110,10,68
1,5,10,0,109,10,68
1,6,10,0,108,10,68
2,1,14,0,107,14,68
2,2,14,0,106,14,68
2,3,14,0,105,14,68
2,4,14,0,104,14,68
2,5,14,0,103,14,68
2,6,14,0,102,14,68
3,1,14,0,101,14,68
3,2,14,0,100,14,68
3,3,15,0,99,15,68
3,4,16,0,98,16,68
3,5,17,0,97,17,68
3,6,17,0,96,17,68
4,1,18,0,95,18,68
4,2,18,0,94,18,68
4,3,19,0,93,19,68
4,4,19,0,92,19,68
4,5,23,0,91,23,68
4,6,23,0,90,23,68
5,1,23,0,89,22,68
5,2,23,0,88,21,68
5,3,23,0,87,21,68
5,4,23,0,86,15,68
5,5,23,0,85,15,68
5,6,23,0,84,15,68
6,1,24,0,83,16,68
6,2,24,0,82,14,68
6,3,25,0,81,15,68
6,4,29,0,80,19,68
6,5,29,0,79,19,68
6,6,29,0,78,19,68
7,1,29,0,77,15,68
7,2,30,0,76,16,68
7,3,30,0,75,16,68
7,4,30,0,74,16,68
7,5,34,0,73,20,68
7,6,34,0,72,20,68
8,1,35,0,71,21,68
8,2,35,0,70,21,68
8,3,36,0,69,21,68
8,4,38,0,68,22,68
8,5,39,0,67,22,68
8,6,43,0,66,26,68
9,1,44,0,65,26,68
9,2,44,0,64,26,68
9,3,45,0,63,26,68
9,4,45,0,62,26,68
9,5,46,0,61,23,68
9,6,47,0,60,24,68
10,1,47,0,59,24,68
10,2,47,0,58,24,68
10,3,47,0,57,24,68
10,4,47,0,56,24,68
10,5,47,0,55,24,68
10,6,48,0,54,25,68
11,1,48,0,53,24,68
11,2,49,0,52,25,68
11,3,49,0,51,24,68
11,4,49,0,50,20,68
11,5,50,0,49,21,68
11,6,54,0,48,25,68
12,1,56,0,47,27,68
12,2,57,0,46,27,68
12,3,57,0,45,27,68
12,4,58,0,44,28,68
12,5,58,0,43,24,68
12,6,59,0,42,25,68
13,1,59,0,41,24,68
13,2,59,0,40,24,68
13,3,60,0,39,24,68
13,4,60,0,38,22,68
13,5,60,0,37,21,68
13,6,61,0,36,18,68
14,1,61,0,35,17,68
14,2,65,0,34,21,68
14,3,65,0,33,20,68
14,4,65,0,32,20,68
14,5,66,0,31,20,68
14,6,66,0,30,19,68
15,1,66,0,29,19,68
15,2,66,0,28,19,68
15,3,66,0,27,19,68
15,4,66,0,26,19,68
15,5,66,0,25,19,68
15,6,67,0,24,19,68
16,1,68,0,23,20,68
16,2,68,0,22,19,68
16,3,68,0,21,19,68
0,1,0,0,119,0,31
0,2,0,0,118,0,31
0,3,4,0,117,4,31
0,4,4,0,116,4,31
0,5,4,0,115,4,31
0,6,4,0,114,4,31
1,1,4,0,113,4,31
1,2,4,0,112,4,31
1,3,4,0,111,4,31
1,4,4,0,110,4,31
1,5,6,0,109,6,31
1,6,6,0,108,6,31
2,1,6,0,107,6,31
2,2,6,0,106,6,31
2,3,6,0,105,6,31
2,4,6,0,104,6,31
2,5,6,0,103,6,31
2,6,10,0,102,10,31
3,1,10,0,101,10,31
3,2,10,0,100,10,31
3,3,11,0,99,11,31
3,4,11,0,98,11,31
3,5,11,0,97,11,31
3,6,11,0,96,11,31
4,1,11,0,95,11,31
4,2,15,0,94,15,31
4,3,15,0,93,15,31
4,4,15,0,92,15,31
4,5,16,0,91,16,31
4,6,16,0,90,16,31
5,1,20,0,89,20,31
5,2,20,0,88,20,31
5,3,20,0,87,16,31
5,4,20,0,86,16,31
5,5,21,0,85,17,31
5,6,21,0,84,17,31
6,1,22,0,83,18,31
6,2,22,0,82,18,31
6,3,22,0,81,18,31
6,4,23,0,80,19,31
6,5,23,0,79,17,31
6,6,24,0,78,18,31
7,1,24,0,77,18,31
7,2,24,0,76,18,31
7,3,24,0,75,18,31
7,4,25,0,74,19,31
7,5,25,0,73,19,31
7,6,25,0,72,15,31
8,1,25,0,71,15,31
8,2,26,0,70,16,31
8,3,26,0,69,15,31
8,4,26,0,68,15,31
8,5,26,0,67,15,31
8,6,26,0,66,15,31
9,1,26,0,65,15,31
9,2,26,0,64,11,31
9,3,26,0,63,11,31
9,4,26,0,62,11,31
9,5,26,0,61,10,31
9,6,26,0,60,10,31
10,1,27,0,59,7,31
10,2,29,0,58,9,31
10,3,30,0,57,10,31
10,4,30,0,56,10,31
10,5,30,0,55,9,31
10,6,30,0,54,9,31
10,7,30,0,53,8,31
11,1,30,0,52,8,31
11,2,30,0,51,8,31
11,3,30,0,50,7,31
11,4,30,0,49,7,31
11,5,30,0,48,6,31
11,6,30,0,47,6,31
12,1,30,0,46,6,31
12,2,30,0,45,6,31
12,3,31,0,44,6,31
12,4,31,0,43,6,31
12,5,31,0,42,6,31
0,1,0,0,119,0,145
0,2,1,0,118,1,145
0,3,5,0,117,5,145
0,4,5,0,116,5,145
0,5,5,0,115,5,145
0,6,6,0,114,6,145
0,7,7,0,113,7,145
1,1,11,0,112,11,145
1,2,12,0,111,12,145
1,3,12,0,110,12,145
1,4,12,0,109,12,145
1,5,12,0,108,12,145
1,6,13,0,107,13,145
2,1,13,0,106,13,145
2,2,13,0,105,13,145
2,3,13,0,104,13,145
2,4,14,0,103,14,145
2,5,18,0,102,18,145
2,6,18,0,101,18,145
3,1,18,0,100,18,145
3,2,19,0,99,19,145
3,3,19,0,98,19,145
3,4,23,0,97,23,145
3,5,23,0,96,23,145
3,6,27,0,95,27,145
4,1,27,0,94,27,145
4,2,28,0,93,28,145
4,3,32,0,92,32,145
4,4,36,0,91,36,145
4,5,37,0,90,37,145
4,6,38,0,89,38,145
4,7,39,0,88,38,145
5,1,43,0,87,38,145
5,2,43,0,86,38,145
5,3,43,0,85,38,145
5,4,49,0,84,43,145
5,5,49,0,83,42,145
5,6,50,0,82,39,145
6,1,51,0,81,39,145
6,2,51,0,80,39,145
6,3,51,0,79,39,145
6,4,52,0,78,40,145
6,5,52,0,77,39,145
6,6,53,0,76,40,145
7,1,53,0,75,40,145
7,2,53,0,74,40,145
7,3,53,0,73,39,145
7,4,54,0,72,36,145
7,5,55,0,71,37,145
7,6,56,0,70,38,145
8,1,56,0,69,37,145
8,2,56,0,68,37,145
8,3,56,0,67,33,145
8,4,57,0,66,34,145
8,5,58,0,65,31,145
8,6,58,0,64,31,145
9,1,59,0,63,31,145
9,2,60,0,62,28,145
9,3,60,0,61,24,145
9,4,60,0,60,23,145
9,5,60,0,59,22,145
9,6,61,0,58,22,145
10,1,65,0,57,22,145
10,2,65,0,56,22,145
10,3,67,0,55,24,145
10,4,68,0,54,19,145
10,5,69,0,53,20,145
10,6,70,0,52,20,145
11,1,70,0,51,19,145
11,2,70,0,50,19,145
11,3,74,0,49,23,145
11,4,74,0,48,22,145
11,5,75,0,47,23,145
11,6,75,0,46,22,145
12,1,81,0,45,28,145
12,2,81,0,44,28,145
12,3,82,0,43,29,145
12,4,84,0,42,30,145
12,5,84,0,41,29,145
12,6,84,0,40,28,145
13,1,84,0,39,28,145
13,2,85,0,38,29,145
13,3,85,0,37,29,145
13,4,85,0,36,28,145
13,5,86,0,35,28,145
13,6,90,0,34,32,145
14,1,90,0,33,31,145
14,2,90,0,32,30,145
14,3,91,0,31,31,145
14,4,91,0,30,31,145
14,5,93,0,29,33,145
14,6,94,0,28,33,145
15,1,94,0,27,29,145
15,2,95,0,26,30,145
15,3,96,0,25,29,145
15,4,96,0,24,28,145
15,5,97,0,23,28,145
15,6,98,0,22,28,145
16,1,104,0,21,34,145
16,2,105,0,20,35,145
16,3,105,0,19,31,145
16,4,105,0,18,31,145
16,5,105,0,17,30,145
16,6,106,0,16,31,145
17,1,106,0,15,25,145
17,2,107,0,14,26,145
17,3,108,0,13,26,145
17,4,112,0,12,28,145
17,5,113,0,11,29,145
17,6,113,0,10,29,145
18,1,117,0,9,33,145
18,2,118,0,8,33,145
18,3,122,0,7,37,145
18,4,122,0,6,37,145
18,5,123,0,5,37,145
18,6,127,0,4,37,145
18,7,128,0,3,38,145
19,1,129,0,2,39,145
19,2,131,0,1,40,145
19,3,132,0,0,41,145
19,4,138,0,-1,45,145
19,5,142,0,-2,48,145
19,6,144,0,-3,50,145
19,7,145,0,-4,50,145
0,1,0,0,119,0,163
0,2,0,0,118,0,163
0,3,0,0,117,0,163
0,4,0,0,116,0,163
0,5,4,0,115,4,163
0,6,4,0,114,4,163
1,1,5,0,113,5,163
1,2,5,0,112,5,163
1,3,5,0,111,5,163
1,4,6,0,110,6,163
1,5,7,0,109,7,163
1,6,8,0,108,8,163
1,7,12,0,107,12,163
2,1,13,0,106,13,163
2,2,13,0,105,13,163
2,3,17,0,104,17,163
2,4,23,0,103,23,163
2,5,27,0,102,27,163
2,6,27,0,101,27,163
3,1,27,0,100,27,163
3,2,33,0,99,33,163
3,3,34,0,98,34,163
3,4,36,0,97,36,163
3,5,36,0,96,36,163
3,6,36,0,95,36,163
3,7,40,0,94,40,163
4,1,44,0,93,44,163
4,2,44,0,92,44,163
4,3,44,0,91,44,163
4,4,48,0,90,48,163
4,5,49,0,89,49,163
4,6,49,0,88,49,163
5,1,49,0,87,49,163
5,2,49,0,86,49,163
5,3,49,0,85,45,163
5,4,49,0,84,45,163
5,5,49,0,83,44,163
5,6,49,0,82,44,163
6,1,50,0,81,45,163
6,2,51,0,80,45,163
6,3,52,0,79,45,163
6,4,53,0,78,45,163
6,5,53,0,77,41,163
6,6,53,0,76,40,163
7,1,53,0,75,40,163
7,2,53,0,74,36,163
7,3,53,0,73,30,163
7,4,54,0,72,27,163
7,5,54,0,71,27,163
7,6,54,0,70,27,163
8,1,56,0,69,23,163
8,2,56,0,68,22,163
8,3,62,0,67,26,163
8,4,66,0,66,30,163
8,5,66,0,65,30,163
8,6,66,0,64,26,163
9,1,66,0,63,22,163
9,2,70,0,62,26,163
9,3,70,0,61,26,163
9,4,70,0,60,22,163
9,5,70,0,59,21,163
9,6,70,0,58,21,163
10,1,71,0,57,22,163
10,2,72,0,56,23,163
10,3,72,0,55,23,163
10,4,72,0,54,23,163
10,5,72,0,53,23,163
10,6,78,0,52,29,163
11,1,82,0,51,32,163
11,2,82,0,50,31,163
11,3,82,0,49,30,163
11,4,82,0,48,29,163
11,5,86,0,47,33,163
11,6,87,0,46,34,163
12,1,87,0,45,34,163
12,2,91,0,44,38,163
12,3,93,0,43,40,163
12,4,95,0,42,41,163
12,5,99,0,41,45,163
12,6,100,0,40,46,163
13,1,101,0,39,45,163
13,2,102,0,38,46,163
13,3,103,0,37,41,163
13,4,104,0,36,38,163
13,5,106,0,35,40,163
13,6,106,0,34,40,163
14,1,106,0,33,40,163
14,2,108,0,32,38,163
14,3,108,0,31,38,163
14,4,109,0,30,39,163
14,5,110,0,29,40,163
14,6,112,0,28,42,163
14,7,112,0,27,41,163
15,1,113,0,26,41,163
15,2,113,0,25,41,163
15,3,114,0,24,42,163
15,4,114,0,23,42,163
15,5,114,0,22,36,163
15,6,115,0,21,33,163
16,1,116,0,20,34,163
16,2,117,0,19,35,163
16,3,118,0,18,36,163
16,4,124,0,17,38,163
16,5,128,0,16,41,163
16,6,129,0,15,42,163
17,1,129,0,14,38,163
17,2,129,0,13,36,163
17,3,130,0,12,35,163
17,4,136,0,11,37,163
17,5,140,0,10,40,163
17,6,140,0,9,39,163
18,1,140,0,8,38,163
18,2,142,0,7,39,163
18,3,142,0,6,38,163
18,4,142,0,5,36,163
18,5,142,0,4,36,163
18,6,146,0,3,40,163
19,1,147,0,2,39,163
19,2,148,0,1,40,163
19,3,149,0,0,40,163
19,4,153,0,-1,43,163
19,5,157,0,-2,45,163
19,6,163,0,-3,51,163
0,1,0,0,119,0,179
0,2,1,0,118,1,179
0,3,1,0,117,1,179
0,4,3,0,116,3,179
0,5,5,0,115,5,179
0,6,5,0,114,5,179
1,1,5,0,113,5,179
1,2,6,0,112,6,179
1,3,6,0,111,6,179
1,4,6,0,110,6,179
1,5,6,0,109,6,179
1,6,9,0,108,9,179
1,7,11,0,107,11,179
2,1,15,0,106,15,179
2,2,15,0,105,15,179
2,3,16,0,104,16,179
2,4,16,0,103,16,179
2,5,17,0,102,17,179
2,6,19,0,101,19,179
2,7,21,0,100,21,179
3,1,22,0,99,22,179
3,2,23,0,98,23,179
3,3,27,0,97,27,179
3,4,30,0,96,30,179
3,5,30,0,95,30,179
3,6,30,0,94,30,179
3,7,31,0,93,31,179
3,8,32,0,92,32,179
3,9,32,0,91,32,179
4,1,36,0,90,36,179
4,2,40,0,89,40,179
4,3,42,0,88,41,179
4,4,43,0,87,42,179
4,5,43,0,86,40,179
4,6,47,0,85,42,179
5,1,49,0,84,44,179
5,2,50,0,83,45,179
5,3,51,0,82,45,179
5,4,51,0,81,45,179
5,5,55,0,80,49,179
5,6,58,0,79,52,179
6,1,60,0,78,51,179
6,2,61,0,77,50,179
6,3,62,0,76,47,179
6,4,64,0,75,49,179
6,5,68,0,74,52,179
6,6,69,0,73,53,179
7,1,71,0,72,54,179
7,2,73,0,71,54,179
7,3,74,0,70,53,179
7,4,75,0,69,53,179
7,5,75,0,68,52,179
7,6,75,0,67,48,179
7,7,76,0,66,46,179
8,1,78,0,65,48,179
8,2,78,0,64,48,179
8,3,79,0,63,48,179
8,4,83,0,62,51,179
8,5,83,0,61,51,179
8,6,84,0,60,48,179
9,1,86,0,59,46,179
9,2,87,0,58,45,179
9,3,88,0,57,45,179
9,4,88,0,56,45,179
9,5,89,0,55,42,179
9,6,91,0,54,42,179
9,7,91,0,53,41,179
10,1,93,0,52,42,179
10,2,94,0,51,43,179
10,3,96,0,50,41,179
10,4,96,0,49,38,179
10,5,96,0,48,36,179
10,6,96,0,47,35,179
11,1,96,0,46,34,179
11,2,98,0,45,34,179
11,3,102,0,44,34,179
11,4,105,0,43,36,179
11,5,105,0,42,34,179
11,6,107,0,41,34,179
11,7,108,0,40,34,179
11,8,109,0,39,34,179
12,1,111,0,38,36,179
12,2,112,0,37,37,179
12,3,113,0,36,37,179
12,4,114,0,35,36,179
12,5,115,0,34,37,179
12,6,115,0,33,36,179
13,1,118,0,32,35,179
13,2,119,0,31,36,179
13,3,119,0,30,35,179
13,4,120,0,29,34,179
13,5,124,0,28,37,179
13,6,124,0,27,36,179
14,1,125,0,26,37,179
14,2,126,0,25,37,179
14,3,127,0,24,36,179
14,4,129,0,23,38,179
14,5,130,0,22,37,179
14,6,131,0,21,37,179
14,7,132,0,20,36,179
14,8,133,0,19,37,179
15,1,133,0,18,37,179
15,2,133,0,17,37,179
15,3,135,0,16,39,179
15,4,136,0,15,38,179
15,5,138,0,14,36,179
15,6,139,0,13,34,179
16,1,141,0,12,36,179
16,2,143,0,11,36,179
16,3,145,0,10,37,179
16,4,146,0,9,37,179
16,5,146,0,8,35,179
16,6,147,0,7,35,179
17,1,148,0,6,35,179
17,2,149,0,5,35,179
17,3,153,0,4,38,179
17,4,154,0,3,39,179
17,5,156,0,2,38,179
17,6,160,0,1,41,179
17,7,161,0,0,42,179
17,8,162,0,-1,42,179
18,1,163,0,-2,39,179
18,2,164,0,-3,40,179
18,3,164,0,-4,39,179
18,4,164,0,-5,38,179
18,5,165,0,-6,38,179
18,6,165,0,-7,36,179
18,7,167,0,-8,37,179
19,1,169,0,-9,38,179
19,2,170,0,-10,38,179
19,3,171,0,-11,38,179
19,4,175,0,-12,42,179
19,5,179,0,-13,46,179
19,6,179,0,-14,44,179
0,1,0,0,119,0,86
0,2,0,0,118,0,86
0,3,0,0,117,0,86
0,4,0,0,116,0,86
0,5,1,0,115,1,86
0,6,1,0,114,1,86
1,1,2,0,113,2,86
1,2,3,0,112,3,86
1,3,3,0,111,3,86
1,4,4,0,110,4,86
1,5,5,0,109,5,86
1,6,5,0,108,5,86
1,7,5,0,107,5,86
1,8,5,0,106,5,86
1,9,6,0,105,6,86
2,1,6,0,104,6,86
2,2,7,0,103,7,86
2,3,7,0,102,7,86
2,4,7,0,101,7,86
2,5,9,0,100,9,86
2,6,13,0,99,13,86
3,1,14,0,98,14,86
3,2,18,0,97,18,86
3,3,19,0,96,19,86
3,4,20,0,95,20,86
3,5,21,0,94,21,86
3,6,22,0,93,22,86
4,1,22,0,92,22,86
4,2,22,0,91,22,86
4,3,22,0,90,22,86
4,4,24,0,89,24,86
4,5,25,0,88,25,86
4,6,25,0,87,25,86
5,1,25,0,86,25,86
5,2,25,0,85,24,86
5,3,25,0,84,24,86
5,4,26,0,83,24,86
5,5,27,0,82,24,86
5,6,27,0,81,24,86
6,1,27,0,80,23,86
6,2,29,0,79,24,86
6,3,30,0,78,25,86
6,4,31,0,77,26,86
6,5,31,0,76,26,86
6,6,31,0,75,25,86
7,1,31,0,74,25,86
7,2,33,0,73,26,86
7,3,33,0,72,26,86
7,4,34,0,71,27,86
7,5,36,0,70,27,86
7,6,36,0,69,23,86
8,1,37,0,68,23,86
8,2,38,0,67,20,86
8,3,38,0,66,19,86
8,4,39,0,65,19,86
8,5,40,0,64,19,86
8,6,42,0,63,20,86
9,1,42,0,62,20,86
9,2,42,0,61,20,86
9,3,42,0,60,20,86
9,4,43,0,59,19,86
9,5,43,0,58,18,86
9,6,45,0,57,20,86
10,1,45,0,56,20,86
10,2,45,0,55,20,86
10,3,45,0,54,20,86
10,4,45,0,53,19,86
10,5,47,0,52,20,86
10,6,48,0,51,21,86
11,1,50,0,50,23,86
11,2,50,0,49,21,86
11,3,52,0,48,22,86
11,4,52,0,47,21,86
11,5,53,0,46,22,86
11,6,53,0,45,22,86
12,1,54,0,44,23,86
12,2,54,0,43,21,86
12,3,55,0,42,22,86
12,4,57,0,41,23,86
12,5,58,0,40,22,86
12,6,58,0,39,22,86
13,1,59,0,38,22,86
13,2,59,0,37,21,86
13,3,60,0,36,22,86
13,4,60,0,35,21,86
13,5,61,0,34,21,86
13,6,61,0,33,19,86
14,1,61,0,32,19,86
14,2,62,0,31,20,86
14,3,62,0,30,20,86
14,4,62,0,29,19,86
14,5,64,0,28,21,86
14,6,64,0,27,19,86
15,1,65,0,26,20,86
15,2,66,0,25,21,86
15,3,67,0,24,22,86
15,4,67,0,23,22,86
15,5,67,0,22,20,86
15,6,68,0,21,20,86
15,7,68,0,20,18,86
16,1,68,0,19,18,86
16,2,68,0,18,16,86
16,3,69,0,17,17,86
16,4,69,0,16,16,86
16,5,69,0,15,16,86
16,6,70,0,14,16,86
16,7,72,0,13,18,86
17,1,73,0,12,18,86
17,2,73,0,11,16,86
17,3,74,0,10,16,86
17,4,74,0,9,16,86
17,5,75,0,8,16,86
17,6,76,0,7,17,86
17,7,76,0,6,16,86
17,8,76,0,5,16,86
18,1,76,0,4,15,86
18,2,77,0,3,16,86
18,3,77,0,2,16,86
18,4,78,0,1,16,86
18,5,79,0,0,17,86
18,6,79,0,-1,17,86
19,1,79,0,-2,15,86
19,2,80,0,-3,16,86
19,3,80,0,-4,15,86
19,4,80,0,-5,14,86
19,5,82,0,-6,15,86
19,6,86,0,-7,19,86
0,1,1,0,119,1,114
0,2,1,0,118,1,114
0,3,1,0,117,1,114
0,4,1,0,116,1,114
0,5,1,0,115,1,114
0,6,1,0,114,1,114
1,1,1,0,113,1,114
1,2,2,0,112,2,114
1,3,2,0,111,2,114
1,4,2,0,110,2,114
1,5,2,0,109,2,114
1,6,3,0,108,3,114
2,1,4,0,107,4,114
2,2,5,0,106,5,114
2,3,5,0,105,5,114
2,4,6,0,104,6,114
2,5,9,0,103,9,114
2,6,11,0,102,11,114
2,7,12,0,101,12,114
2,8,16,0,100,16,114
3,1,16,0,99,16,114
3,2,17,0,98,17,114
3,3,17,0,97,17,114
3,4,17,0,96,17,114
3,5,17,0,95,17,114
3,6,18,0,94,18,114
4,1,18,0,93,18,114
4,2,18,0,92,18,114
4,3,22,0,91,22,114
4,4,22,0,90,22,114
4,5,22,0,89,21,114
4,6,24,0,88,23,114
5,1,25,0,87,24,114
5,2,26,0,86,25,114
5,3,26,0,85,25,114
5,4,26,0,84,25,114
5,5,30,0,83,29,114
5,6,34,0,82,32,114
6,1,35,0,81,33,114
6,2,36,0,80,34,114
6,3,36,0,79,34,114
6,4,36,0,78,33,114
6,5,36,0,77,32,114
6,6,40,0,76,35,114
7,1,41,0,75,36,114
7,2,41,0,74,35,114
7,3,41,0,73,32,114
7,4,42,0,72,31,114
7,5,44,0,71,32,114
7,6,45,0,70,29,114
8,1,46,0,69,30,114
8,2,47,0,68,30,114
8,3,48,0,67,31,114
8,4,49,0,66,32,114
8,5,50,0,65,33,114
8,6,50,0,64,32,114
9,1,51,0,63,33,114
9,2,52,0,62,34,114
9,3,52,0,61,30,114
9,4,54,0,60,32,114
9,5,56,0,59,34,114
9,6,57,0,58,33,114
10,1,57,0,57,32,114
10,2,59,0,56,33,114
10,3,59,0,55,33,114
10,4,59,0,54,33,114
10,5,59,0,53,29,114
10,6,60,0,52,26,114
11,1,61,0,51,26,114
11,2,65,0,50,29,114
11,3,66,0,49,30,114
11,4,68,0,48,32,114
11,5,68,0,47,32,114
11,6,69,0,46,29,114
11,7,69,0,45,28,114
12,1,71,0,44,30,114
12,2,73,0,43,32,114
12,3,74,0,42,32,114
12,4,74,0,41,30,114
12,5,75,0,40,30,114
12,6,75,0,39,29,114
13,1,76,0,38,29,114
13,2,76,0,37,28,114
13,3,77,0,36,28,114
13,4,78,0,35,28,114
13,5,78,0,34,28,114
13,6,79,0,33,28,114
14,1,79,0,32,27,114
14,2,79,0,31,27,114
14,3,79,0,30,25,114
14,4,79,0,29,23,114
14,5,79,0,28,22,114
14,6,80,0,27,23,114
15,1,82,0,26,23,114
15,2,83,0,25,24,114
15,3,85,0,24,26,114
15,4,87,0,23,28,114
15,5,87,0,22,27,114
15,6,89,0,21,28,114
16,1,90,0,20,25,114
16,2,90,0,19,24,114
16,3,90,0,18,22,114
16,4,92,0,17,24,114
16,5,93,0,16,24,114
16,6,94,0,15,25,114
17,1,95,0,14,24,114
17,2,96,0,13,23,114
17,3,97,0,12,23,114
17,4,97,0,11,23,114
17,5,97,0,10,22,114
17,6,99,0,9,24,114
18,1,100,0,8,24,114
18,2,101,0,7,25,114
18,3,105,0,6,28,114
18,4,106,0,5,28,114
18,5,107,0,4,29,114
18,6,109,0,3,30,114
19,1,109,0,2,30,114
19,2,109,0,1,30,114
19,3,110,0,0,31,114
19,4,112,0,-1,33,114
19,5,112,0,-2,33,114
19,6,114,0,-3,34,114
0,1,1,0,119,1,207
0,2,5,0,118,5,207
0,3,7,0,117,7,207
0,4,11,0,116,11,207
0,5,12,0,115,12,207
0,6,13,0,114,13,207
0,7,13,0,113,13,207
1,1,15,0,112,15,207
1,2,15,0,111,15,207
1,3,17,0,110,17,207
1,4,17,0,109,17,207
1,5,18,0,108,18,207
1,6,20,0,107,20,207
2,1,21,0,106,21,207
2,2,25,0,105,25,207
2,3,25,0,104,25,207
2,4,25,0,103,25,207
2,5,26,0,102,26,207
2,6,27,0,101,27,207
2,7,28,0,100,28,207
3,1,30,0,99,30,207
3,2,30,0,98,30,207
3,3,32,0,97,32,207
3,4,34,0,96,34,207
3,5,38,0,95,38,207
3,6,40,0,94,40,207
3,7,41,0,93,41,207
4,1,42,0,92,42,207
4,2,42,0,91,42,207
4,3,46,0,90,46,207
4,4,46,0,89,45,207
4,5,50,0,88,45,207
4,6,50,0,87,43,207
5,1,53,0,86,42,207
5,2,54,0,85,42,207
5,3,55,0,84,42,207
5,4,59,0,83,46,207
5,5,59,0,82,44,207
5,6,63,0,81,48,207
5,7,63,0,80,46,207
6,1,63,0,79,46,207
6,2,64,0,78,46,207
6,3,64,0,77,44,207
6,4,64,0,76,43,207
6,5,66,0,75,41,207
6,6,66,0,74,41,207
7,1,66,0,73,41,207
7,2,67,0,72,41,207
7,3,69,0,71,42,207
7,4,71,0,70,43,207
7,5,71,0,69,41,207
7,6,72,0,68,42,207
8,1,73,0,67,41,207
8,2,74,0,66,40,207
8,3,75,0,65,37,207
8,4,77,0,64,37,207
8,5,78,0,63,37,207
8,6,81,0,62,39,207
9,1,83,0,61,41,207
9,2,84,0,60,38,207
9,3,88,0,59,42,207
9,4,89,0,58,39,207
9,5,91,0,57,41,207
9,6,92,0,56,39,207
9,7,93,0,55,39,207
10,1,93,0,54,38,207
10,2,95,0,53,36,207
10,3,96,0,52,37,207
10,4,97,0,51,34,207
10,5,98,0,50,35,207
10,6,105,0,49,42,207
10,7,109,0,48,45,207
11,1,110,0,47,46,207
11,2,114,0,46,50,207
11,3,116,0,45,50,207
11,4,117,0,44,51,207
11,5,118,0,43,52,207
11,6,120,0,42,53,207
11,7,124,0,41,55,207
12,1,125,0,40,54,207
12,2,125,0,39,54,207
12,3,125,0,38,53,207
12,4,127,0,37,54,207
12,5,128,0,36,54,207
12,6,129,0,35,54,207
12,7,130,0,34,53,207
13,1,131,0,33,53,207
13,2,133,0,32,52,207
13,3,135,0,31,52,207
13,4,136,0,30,52,207
13,5,137,0,29,49,207
13,6,138,0,28,49,207
14,1,139,0,27,48,207
14,2,140,0,26,48,207
14,3,140,0,25,47,207
14,4,144,0,24,51,207
14,5,146,0,23,51,207
14,6,147,0,22,51,207
14,7,148,0,21,51,207
15,1,150,0,20,52,207
15,2,151,0,19,46,207
15,3,153,0,18,44,207
15,4,157,0,17,47,207
15,5,157,0,16,43,207
15,6,157,0,15,41,207
16,1,158,0,14,41,207
16,2,159,0,13,41,207
16,3,159,0,12,39,207
16,4,162,0,11,38,207
16,5,163,0,10,38,207
16,6,164,0,9,39,207
16,7,165,0,8,40,207
16,8,165,0,7,38,207
16,9,165,0,6,37,207
17,1,171,0,5,42,207
17,2,171,0,4,41,207
17,3,173,0,3,42,207
17,4,179,0,2,46,207
17,5,179,0,1,44,207
17,6,181,0,0,45,207
18,1,182,0,-1,45,207
18,2,184,0,-2,46,207
18,3,186,0,-3,47,207
18,4,188,0,-4,48,207
18,5,189,0,-5,49,207
18,6,191,0,-6,47,207
19,1,192,0,-7,46,207
19,2,194,0,-8,47,207
19,3,196,0,-9,48,207
19,4,197,0,-10,47,207
19,5,197,0,-11,46,207
19,6,199,0,-12,46,207
19,7,201,0,-13,44,207
19,8,207,0,-14,50,207
0,1,0,0,119,0,81
0,2,1,0,118,1,81
0,3,1,0,117,1,81
0,4,1,0,116,1,81
0,5,1,0,115,1,81
0,6,3,0,114,3,81
1,1,3,0,113,3,81
1,2,3,0,112,3,81
1,3,3,0,111,3,81
1,4,3,0,110,3,81
1,5,7,0,109,7,81
1,6,7,0,108,7,81
2,1,11,0,107,11,81
2,2,11,0,106,11,81
2,3,15,0,105,15,81
2,4,15,0,104,15,81
2,5,15,0,103,15,81
2,6,15,0,102,15,81
3,1,19,0,101,19,81
3,2,19,0,100,19,81
3,3,19,0,99,19,81
3,4,19,0,98,19,81
3,5,23,0,97,23,81
3,6,23,0,96,23,81
4,1,23,0,95,23,81
4,2,23,0,94,23,81
4,3,23,0,93,23,81
4,4,23,0,92,23,81
4,5,23,0,91,23,81
4,6,24,0,90,24,81
5,1,24,0,89,24,81
5,2,24,0,88,23,81
5,3,27,0,87,26,81
5,4,29,0,86,28,81
5,5,29,0,85,28,81
5,6,33,0,84,30,81
6,1,34,0,83,31,81
6,2,34,0,82,31,81
6,3,34,0,81,31,81
6,4,34,0,80,31,81
6,5,34,0,79,27,81
6,6,35,0,78,28,81
7,1,35,0,77,24,81
7,2,35,0,76,24,81
7,3,36,0,75,21,81
7,4,37,0,74,22,81
7,5,38,0,73,23,81
7,6,38,0,72,23,81
8,1,38,0,71,19,81
8,2,39,0,70,20,81
8,3,40,0,69,21,81
8,4,40,0,68,21,81
8,5,41,0,67,18,81
8,6,42,0,66,19,81
9,1,42,0,65,19,81
9,2,42,0,64,19,81
9,3,42,0,63,19,81
9,4,43,0,62,20,81
9,5,44,0,61,21,81
9,6,45,0,60,21,81
10,1,46,0,59,22,81
10,2,47,0,58,23,81
10,3,49,0,57,22,81
10,4,49,0,56,20,81
10,5,49,0,55,20,81
10,6,50,0,54,17,81
11,1,51,0,53,17,81
11,2,51,0,52,17,81
11,3,52,0,51,18,81
11,4,52,0,50,18,81
11,5,52,0,49,18,81
11,6,52,0,48,17,81
12,1,52,0,47,17,81
12,2,52,0,46,17,81
12,3,52,0,45,16,81
12,4,53,0,44,16,81
12,5,54,0,43,16,81
12,6,55,0,42,17,81
13,1,56,0,41,18,81
13,2,57,0,40,18,81
13,3,58,0,39,18,81
13,4,58,0,38,18,81
13,5,59,0,37,18,81
13,6,61,0,36,19,81
14,1,61,0,35,19,81
14,2,62,0,34,20,81
14,3,63,0,33,21,81
14,4,64,0,32,21,81
14,5,64,0,31,20,81
14,6,64,0,30,19,81
15,1,64,0,29,18,81
15,2,70,0,28,23,81
15,3,72,0,27,23,81
15,4,72,0,26,23,81
15,5,72,0,25,23,81
15,6,72,0,24,22,81
16,1,74,0,23,23,81
16,2,75,0,22,24,81
16,3,75,0,21,23,81
16,4,77,0,20,25,81
16,5,77,0,19,25,81
16,6,78,0,18,26,81
16,7,79,0,17,27,81
17,1,79,0,16,27,81
17,2,79,0,15,27,81
17,3,79,0,14,26,81
17,4,79,0,13,25,81
17,5,79,0,12,24,81
17,6,79,0,11,23,81
18,1,79,0,10,22,81
18,2,80,0,9,22,81
18,3,81,0,8,23,81
18,4,81,0,7,22,81
0,1,0,0,119,0,142
0,2,0,0,118,0,142
0,3,0,0,117,0,142
0,4,2,0,116,2,142
0,5,3,0,115,3,142
0,6,3,0,114,3,142
1,1,4,0,113,4,142
1,2,8,0,112,8,142
1,3,8,0,111,8,142
1,4,8,0,110,8,142
1,5,8,0,109,8,142
1,6,8,0,108,8,142
2,1,8,0,107,8,142
2,2,9,0,106,9,142
2,3,10,0,105,10,142
2,4,10,0,104,10,142
2,5,10,0,103,10,142
2,6,11,0,102,11,142
3,1,12,0,101,12,142
3,2,12,0,100,12,142
3,3,12,0,99,12,142
3,4,13,0,98,13,142
3,5,13,0,97,13,142
3,6,13,0,96,13,142
4,1,15,0,95,15,142
4,2,19,0,94,19,142
4,3,19,0,93,19,142
4,4,19,0,92,19,142
4,5,20,0,91,20,142
4,6,20,0,90,20,142
5,1,22,0,89,22,142
5,2,23,0,88,23,142
5,3,24,0,87,24,142
5,4,25,0,86,23,142
5,5,25,0,85,22,142
5,6,29,0,84,26,142
6,1,29,0,83,25,142
6,2,30,0,82,22,142
6,3,31,0,81,23,142
6,4,32,0,80,24,142
6,5,32,0,79,24,142
6,6,34,0,78,26,142
6,7,35,0,77,27,142
6,8,36,0,76,27,142
7,1,40,0,75,30,142
7,2,41,0,74,31,142
7,3,42,0,73,32,142
7,4,42,0,72,31,142
7,5,46,0,71,34,142
7,6,47,0,70,35,142
8,1,53,0,69,41,142
8,2,57,0,68,44,142
8,3,57,0,67,44,142
8,4,58,0,66,45,142
8,5,59,0,65,44,142
8,6,60,0,64,41,142
9,1,61,0,63,42,142
9,2,62,0,62,43,142
9,3,63,0,61,43,142
9,4,65,0,60,45,142
9,5,65,0,59,43,142
9,6,65,0,58,42,142
10,1,71,0,57,47,142
10,2,72,0,56,47,142
10,3,72,0,55,47,142
10,4,72,0,54,43,142
10,5,72,0,53,43,142
10,6,72,0,52,42,142
11,1,74,0,51,43,142
11,2,75,0,50,43,142
11,3,76,0,49,44,142
11,4,76,0,48,42,142
11,5,77,0,47,42,142
11,6,77,0,46,41,142
12,1,77,0,45,37,142
12,2,81,0,44,40,142
12,3,82,0,43,40,142
12,4,83,0,42,41,142
12,5,83,0,41,37,142
12,6,83,0,40,36,142
13,1,83,0,39,30,142
13,2,84,0,38,27,142
13,3,85,0,37,28,142
13,4,87,0,36,29,142
13,5,87,0,35,28,142
13,6,88,0,34,28,142
14,1,88,0,33,27,142
14,2,90,0,32,28,142
14,3,90,0,31,27,142
14,4,91,0,30,26,142
14,5,92,0,29,27,142
14,6,94,0,28,29,142
15,1,96,0,27,25,142
15,2,97,0,26,25,142
15,3,97,0,25,25,142
15,4,98,0,24,26,142
15,5,99,0,23,27,142
15,6,100,0,22,28,142
15,7,104,0,21,30,142
16,1,104,0,20,29,142
16,2,108,0,19,32,142
16,3,110,0,18,34,142
16,4,111,0,17,34,142
16,5,111,0,16,34,142
16,6,111,0,15,34,142
17,1,112,0,14,31,142
17,2,113,0,13,31,142
17,3,117,0,12,34,142
17,4,117,0,11,34,142
17,5,118,0,10,35,142
17,6,120,0,9,37,142
18,1,121,0,8,37,142
18,2,122,0,7,37,142
18,3,123,0,6,36,142
18,4,123,0,5,36,142
18,5,124,0,4,36,142
18,6,126,0,3,38,142
19,1,130,0,2,40,142
19,2,130,0,1,40,142
19,3,131,0,0,40,142
19,4,132,0,-1,40,142
19,5,137,0,-2,43,142
19,6,138,0,-3,42,142
19,7,142,0,-4,45,142
0,1,0,0,119,0,176
0,2,2,0,118,2,176
0,3,2,0,117,2,176
0,4,2,0,116,2,176
0,5,4,0,115,4,176
0,6,4,0,114,4,176
1,1,4,0,113,4,176
1,2,4,0,112,4,176
1,3,4,0,111,4,176
1,4,4,0,110,4,176
1,5,4,0,109,4,176
1,6,8,0,108,8,176
2,1,9,0,107,9,176
2,2,11,0,106,11,176
2,3,11,0,105,11,176
2,4,15,0,104,15,176
2,5,15,0,103,15,176
2,6,19,0,102,19,176
3,1,20,0,101,20,176
3,2,20,0,100,20,176
3,3,21,0,99,21,176
3,4,21,0,98,21,176
3,5,22,0,97,22,176
3,6,23,0,96,23,176
4,1,26,0,95,26,176
4,2,27,0,94,27,176
4,3,27,0,93,27,176
4,4,28,0,92,28,176
4,5,29,0,91,29,176
4,6,33,0,90,33,176
4,7,33,0,89,33,176
5,1,34,0,88,32,176
5,2,35,0,87,33,176
5,3,37,0,86,35,176
5,4,38,0,85,34,176
5,5,38,0,84,34,176
5,6,38,0,83,34,176
6,1,39,0,82,35,176
6,2,45,0,81,41,176
6,3,47,0,80,43,176
6,4,51,0,79,47,176
6,5,51,0,78,43,176
6,6,51,0,77,42,176
7,1,51,0,76,40,176
7,2,52,0,75,41,176
7,3,53,0,74,38,176
7,4,53,0,73,38,176
7,5,53,0,72,34,176
7,6,54,0,71,34,176
8,1,55,0,70,35,176
8,2,57,0,69,36,176
8,3,57,0,68,36,176
8,4,57,0,67,35,176
8,5,61,0,66,38,176
8,6,65,0,65,39,176
9,1,65,0,64,38,176
9,2,66,0,63,39,176
9,3,67,0,62,39,176
9,4,69,0,61,40,176
9,5,70,0,60,37,176
9,6,72,0,59,39,176
10,1,73,0,58,39,176
10,2,73,0,57,38,176
10,3,74,0,56,37,176
10,4,74,0,55,36,176
10,5,80,0,54,42,176
10,6,80,0,53,42,176
10,7,81,0,52,42,176
11,1,82,0,51,37,176
11,2,82,0,50,35,176
11,3,83,0,49,32,176
11,4,83,0,48,32,176
11,5,83,0,47,32,176
11,6,83,0,46,32,176
12,1,83,0,45,31,176
12,2,83,0,44,30,176
12,3,84,0,43,31,176
12,4,86,0,42,33,176
12,5,87,0,41,33,176
12,6,91,0,40,36,176
13,1,91,0,39,34,176
13,2,92,0,38,35,176
13,3,94,0,37,37,176
13,4,94,0,36,33,176
13,5,95,0,35,30,176
13,6,95,0,34,30,176
14,1,97,0,33,31,176
14,2,98,0,32,31,176
14,3,99,0,31,30,176
14,4,99,0,30,29,176
14,5,105,0,29,33,176
14,6,106,0,28,33,176
15,1,106,0,27,33,176
15,2,108,0,26,34,176
15,3,108,0,25,34,176
15,4,110,0,24,30,176
15,5,112,0,23,32,176
15,6,118,0,22,37,176
16,1,120,0,21,38,176
16,2,124,0,20,42,176
16,3,128,0,19,45,176
16,4,132,0,18,49,176
16,5,134,0,17,51,176
16,6,138,0,16,55,176
17,1,139,0,15,56,176
17,2,141,0,14,58,176
17,3,141,0,13,57,176
17,4,141,0,12,55,176
17,5,142,0,11,55,176
17,6,148,0,10,57,176
18,1,150,0,9,59,176
18,2,154,0,8,62,176
18,3,156,0,7,62,176
18,4,157,0,6,63,176
18,5,159,0,5,64,176
18,6,159,0,4,64,176
19,1,161,0,3,64,176
19,2,163,0,2,65,176
19,3,169,0,1,70,176
19,4,171,0,0,72,176
19,5,175,0,-1,70,176
19,6,176,0,-2,70,176
0,1,0,0,119,0,114
0,2,1,0,118,1,114
0,3,1,0,117,1,114
0,4,1,0,116,1,114
0,5,1,0,115,1,114
0,6,2,0,114,2,114
1,1,6,0,113,6,114
1,2,6,0,112,6,114
1,3,6,0,111,6,114
1,4,6,0,110,6,114
1,5,6,0,109,6,114
1,6,6,0,108,6,114
2,1,6,0,107,6,114
2,2,6,0,106,6,114
2,3,7,0,105,7,114
2,4,7,0,104,7,114
2,5,8,0,103,8,114
2,6,9,0,102,9,114
2,7,9,0,101,9,114
3,1,9,0,100,9,114
3,2,10,0,99,10,114
3,3,11,0,98,11,114
3,4,11,0,97,11,114
3,5,12,0,96,12,114
3,6,12,0,95,12,114
3,7,12,0,94,12,114
4,1,12,0,93,12,114
4,2,14,0,92,14,114
4,3,14,0,91,14,114
4,4,14,0,90,14,114
4,5,14,0,89,14,114
4,6,14,0,88,13,114
5,1,14,0,87,13,114
5,2,15,0,86,14,114
5,3,16,0,85,15,114
5,4,17,0,84,15,114
5,5,17,0,83,11,114
5,6,18,0,82,12,114
5,7,18,0,81,12,114
6,1,18,0,80,12,114
6,2,19,0,79,13,114
6,3,23,0,78,17,114
6,4,24,0,77,18,114
6,5,25,0,76,19,114
6,6,25,0,75,18,114
7,1,25,0,74,18,114
7,2,26,0,73,18,114
7,3,32,0,72,23,114
7,4,32,0,71,23,114
7,5,32,0,70,23,114
7,6,33,0,69,23,114
8,1,34,0,68,23,114
8,2,34,0,67,23,114
8,3,38,0,66,26,114
8,4,38,0,65,26,114
8,5,40,0,64,28,114
8,6,40,0,63,28,114
9,1,41,0,62,27,114
9,2,41,0,61,27,114
9,3,42,0,60,28,114
9,4,43,0,59,29,114
9,5,44,0,58,30,114
9,6,45,0,57,31,114
10,1,45,0,56,30,114
10,2,46,0,55,30,114
10,3,46,0,54,29,114
10,4,46,0,53,29,114
10,5,46,0,52,28,114
10,6,46,0,51,28,114
11,1,46,0,50,28,114
11,2,46,0,49,27,114
11,3,48,0,48,25,114
11,4,48,0,47,24,114
11,5,48,0,46,23,114
11,6,48,0,45,23,114
12,1,49,0,44,24,114
12,2,49,0,43,23,114
12,3,50,0,42,18,114
12,4,52,0,41,20,114
12,5,53,0,40,21,114
12,6,53,0,39,20,114
13,1,53,0,38,19,114
13,2,53,0,37,19,114
13,3,54,0,36,16,114
13,4,54,0,35,16,114
13,5,54,0,34,14,114
13,6,56,0,33,16,114
13,7,57,0,32,16,114
14,1,58,0,31,17,114
14,2,58,0,30,16,114
14,3,58,0,29,15,114
14,4,58,0,28,14,114
14,5,60,0,27,15,114
14,6,60,0,26,15,114
15,1,61,0,25,15,114
15,2,61,0,24,15,114
15,3,62,0,23,16,114
15,4,68,0,22,22,114
15,5,68,0,21,22,114
15,6,69,0,20,23,114
16,1,69,0,19,23,114
16,2,69,0,18,21,114
16,3,75,0,17,27,114
16,4,76,0,16,28,114
16,5,77,0,15,29,114
16,6,78,0,14,29,114
17,1,81,0,13,32,114
17,2,82,0,12,32,114
17,3,86,0,11,34,114
17,4,86,0,10,33,114
17,5,90,0,9,37,114
17,6,91,0,8,38,114
17,7,93,0,7,40,114
18,1,95,0,6,41,114
18,2,97,0,5,43,114
18,3,97,0,4,43,114
18,4,101,0,3,45,114
18,5,101,0,2,44,114
18,6,103,0,1,45,114
19,1,104,0,0,46,114
19,2,106,0,-1,48,114
19,3,108,0,-2,50,114
19,4,109,0,-3,49,114
19,5,113,0,-4,53,114
19,6,114,0,-5,53,114
0,1,4,0,119,4,147
0,2,5,0,118,5,147
0,3,5,0,117,5,147
0,4,6,0,116,6,147
0,5,7,0,115,7,147
0,6,9,0,114,9,147
0,7,9,0,113,9,147
1,1,9,0,112,9,147
1,2,9,0,111,9,147
1,3,10,0,110,10,147
1,4,10,0,109,10,147
1,5,10,0,108,10,147
1,6,10,0,107,10,147
2,1,11,0,106,11,147
2,2,11,0,105,11,147
2,3,13,0,104,13,147
2,4,13,0,103,13,147
2,5,14,0,102,14,147
2,6,14,0,101,14,147
2,7,15,0,100,15,147
3,1,15,0,99,15,147
3,2,16,0,98,16,147
3,3,16,0,97,16,147
3,4,20,0,96,20,147
3,5,20,0,95,20,147
3,6,24,0,94,24,147
4,1,24,0,93,24,147
4,2,25,0,92,25,147
4,3,26,0,91,26,147
4,4,27,0,90,27,147
4,5,27,0,89,23,147
4,6,28,0,88,23,147
4,7,28,0,87,23,147
4,8,29,0,86,23,147
4,9,29,0,85,22,147
5,1,30,0,84,21,147
5,2,30,0,83,21,147
5,3,30,0,82,21,147
5,4,30,0,81,21,147
5,5,31,0,80,21,147
5,6,32,0,79,22,147
5,7,32,0,78,22,147
6,1,33,0,77,23,147
6,2,34,0,76,23,147
6,3,34,0,75,23,147
6,4,38,0,74,25,147
6,5,38,0,73,25,147
6,6,39,0,72,25,147
7,1,39,0,71,25,147
7,2,42,0,70,27,147
7,3,42,0,69,27,147
7,4,43,0,68,27,147
7,5,44,0,67,28,147
7,6,48,0,66,28,147
8,1,49,0,65,29,147
8,2,49,0,64,25,147
8,3,50,0,63,26,147
8,4,54,0,62,29,147
8,5,56,0,61,30,147
8,6,56,0,60,29,147
9,1,58,0,59,31,147
9,2,62,0,58,34,147
9,3,66,0,57,38,147
9,4,67,0,56,38,147
9,5,67,0,55,38,147
9,6,68,0,54,38,147
10,1,68,0,53,38,147
10,2,69,0,52,39,147
10,3,69,0,51,39,147
10,4,69,0,50,38,147
10,5,70,0,49,38,147
10,6,70,0,48,38,147
11,1,71,0,47,38,147
11,2,72,0,46,38,147
11,3,73,0,45,39,147
11,4,75,0,44,37,147
11,5,79,0,43,41,147
11,6,82,0,42,43,147
12,1,82,0,41,43,147
12,2,82,0,40,40,147
12,3,83,0,39,41,147
12,4,83,0,38,40,147
12,5,83,0,37,39,147
12,6,85,0,36,37,147
13,1,85,0,35,36,147
13,2,86,0,34,37,147
13,3,87,0,33,37,147
13,4,88,0,32,34,147
13,5,89,0,31,33,147
13,6,89,0,30,33,147
14,1,89,0,29,31,147
14,2,93,0,28,31,147
14,3,93,0,27,27,147
14,4,94,0,26,27,147
14,5,96,0,25,29,147
14,6,100,0,24,32,147
14,7,104,0,23,36,147
15,1,105,0,22,36,147
15,2,105,0,21,36,147
15,3,105,0,20,36,147
15,4,107,0,19,37,147
15,5,108,0,18,38,147
15,6,109,0,17,38,147
16,1,113,0,16,41,147
16,2,114,0,15,41,147
16,3,115,0,14,40,147
16,4,115,0,13,36,147
16,5,115,0,12,33,147
16,6,122,0,11,40,147
16,7,128,0,10,46,147
16,8,129,0,9,46,147
17,1,129,0,8,46,147
17,2,129,0,7,46,147
17,3,130,0,6,45,147
17,4,130,0,5,45,147
17,5,131,0,4,45,147
17,6,131,0,3,44,147
18,1,132,0,2,44,147
18,2,133,0,1,44,147
18,3,134,0,0,45,147
18,4,135,0,-1,46,147
18,5,139,0,-2,46,147
18,6,141,0,-3,48,147
18,7,142,0,-4,48,147
19,1,146,0,-5,50,147
19,2,146,0,-6,46,147
19,3,146,0,-7,42,147
19,4,146,0,-8,41,147
19,5,147,0,-9,42,147
19,6,147,0,-10,42,147
0,1,4,0,119,4,121
0,2,5,0,118,5,121
0,3,5,0,117,5,121
0,4,6,0,116,6,121
0,5,6,0,115,6,121
0,6,6,0,114,6,121
1,1,6,0,113,6,121
1,2,6,0,112,6,121
1,3,8,0,111,8,121
1,4,8,0,110,8,121
1,5,8,0,109,8,121
1,6,8,0,108,8,121
1,7,8,0,107,8,121
2,1,10,0,106,10,121
2,2,10,0,105,10,121
2,3,10,0,104,10,121
2,4,10,0,103,10,121
2,5,11,0,102,11,121
2,6,11,0,101,11,121
2,7,12,0,100,12,121
3,1,13,0,99,13,121
3,2,13,0,98,13,121
3,3,13,0,97,13,121
3,4,17,0,96,17,121
3,5,17,0,95,17,121
3,6,18,0,94,18,121
3,7,18,0,93,18,121
4,1,18,0,92,18,121
4,2,20,0,91,20,121
4,3,21,0,90,21,121
4,4,23,0,89,19,121
4,5,24,0,88,19,121
4,6,25,0,87,20,121
4,7,26,0,86,20,121
4,8,27,0,85,21,121
4,9,27,0,84,21,121
5,1,27,0,83,21,121
5,2,27,0,82,21,121
5,3,29,0,81,21,121
5,4,29,0,80,21,121
5,5,29,0,79,21,121
5,6,30,0,78,22,121
5,7,30,0,77,22,121
6,1,30,0,76,20,121
6,2,31,0,75,21,121
6,3,32,0,74,22,121
6,4,33,0,73,23,121
6,5,33,0,72,22,121
6,6,35,0,71,24,121
7,1,38,0,70,26,121
7,2,40,0,69,27,121
7,3,41,0,68,28,121
7,4,42,0,67,29,121
7,5,43,0,66,26,121
7,6,44,0,65,27,121
8,1,45,0,64,27,121
8,2,46,0,63,28,121
8,3,47,0,62,29,121
8,4,47,0,61,27,121
8,5,48,0,60,27,121
8,6,49,0,59,26,121
8,7,51,0,58,27,121
9,1,51,0,57,26,121
9,2,53,0,56,27,121
9,3,53,0,55,26,121
9,4,54,0,54,27,121
9,5,55,0,53,28,121
9,6,55,0,52,28,121
10,1,55,0,51,26,121
10,2,55,0,50,26,121
10,3,56,0,49,27,121
10,4,56,0,48,26,121
10,5,56,0,47,26,121
10,6,56,0,46,26,121
11,1,57,0,45,26,121
11,2,57,0,44,25,121
11,3,57,0,43,24,121
11,4,57,0,42,24,121
11,5,58,0,41,23,121
11,6,58,0,40,20,121
12,1,58,0,39,18,121
12,2,59,0,38,18,121
12,3,60,0,37,18,121
12,4,61,0,36,18,121
12,5,62,0,35,18,121
12,6,63,0,34,18,121
13,1,64,0,33,18,121
13,2,66,0,32,19,121
13,3,67,0,31,20,121
13,4,69,0,30,21,121
13,5,69,0,29,20,121
13,6,75,0,28,24,121
14,1,76,0,27,25,121
14,2,79,0,26,26,121
14,3,79,0,25,26,121
14,4,81,0,24,27,121
14,5,82,0,23,27,121
14,6,83,0,22,28,121
15,1,84,0,21,29,121
15,2,88,0,20,33,121
15,3,90,0,19,34,121
15,4,91,0,18,35,121
15,5,91,0,17,35,121
15,6,93,0,16,37,121
15,7,94,0,15,37,121
16,1,95,0,14,38,121
16,2,96,0,13,39,121
16,3,97,0,12,40,121
16,4,99,0,11,41,121
16,5,99,0,10,41,121
16,6,100,0,9,42,121
17,1,104,0,8,45,121
17,2,105,0,7,45,121
17,3,107,0,6,46,121
17,4,108,0,5,46,121
17,5,110,0,4,47,121
17,6,111,0,3,47,121
18,1,113,0,2,47,121
18,2,115,0,1,48,121
18,3,116,0,0,47,121
18,4,117,0,-1,48,121
18,5,117,0,-2,42,121
18,6,117,0,-3,41,121
19,1,117,0,-4,38,121
19,2,117,0,-5,38,121
19,3,119,0,-6,38,121
19,4,120,0,-7,38,121
19,5,120,0,-8,37,121
19,6,121,0,-9,37,121
0,1,4,0,119,4,136
0,2,4,0,118,4,136
0,3,6,0,117,6,136
0,4,6,0,116,6,136
0,5,6,0,115,6,136
0,6,10,0,114,10,136
1,1,10,0,113,10,136
1,2,10,0,112,10,136
1,3,12,0,111,12,136
1,4,13,0,110,13,136
1,5,17,0,109,17,136
1,6,17,0,108,17,136
2,1,17,0,107,17,136
2,2,19,0,106,19,136
2,3,22,0,105,22,136
2,4,23,0,104,23,136
2,5,23,0,103,23,136
2,6,23,0,102,23,136
3,1,23,0,101,23,136
3,2,23,0,100,23,136
3,3,23,0,99,23,136
3,4,23,0,98,23,136
3,5,24,0,97,24,136
3,6,24,0,96,24,136
4,1,28,0,95,28,136
4,2,29,0,94,29,136
4,3,29,0,93,29,136
4,4,33,0,92,33,136
4,5,33,0,91,33,136
4,6,34,0,90,34,136
5,1,34,0,89,30,136
5,2,36,0,88,32,136
5,3,36,0,87,30,136
5,4,36,0,86,30,136
5,5,36,0,85,30,136
5,6,40,0,84,30,136
6,1,41,0,83,31,136
6,2,41,0,82,31,136
6,3,42,0,81,30,136
6,4,42,0,80,29,136
6,5,42,0,79,25,136
6,6,42,0,78,25,136
7,1,43,0,77,26,136
7,2,44,0,76,25,136
7,3,45,0,75,23,136
7,4,46,0,74,23,136
7,5,48,0,73,25,136
7,6,52,0,72,29,136
8,1,53,0,71,30,136
8,2,55,0,70,32,136
8,3,55,0,69,32,136
8,4,56,0,68,33,136
8,5,60,0,67,36,136
8,6,60,0,66,36,136
9,1,61,0,65,33,136
9,2,61,0,64,32,136
9,3,62,0,63,33,136
9,4,64,0,62,31,136
9,5,65,0,61,32,136
9,6,66,0,60,32,136
10,1,66,0,59,32,136
10,2,66,0,58,30,136
10,3,66,0,57,30,136
10,4,67,0,56,31,136
10,5,68,0,55,32,136
10,6,69,0,54,29,136
11,1,69,0,53,28,136
11,2,70,0,52,29,136
11,3,71,0,51,29,136
11,4,72,0,50,30,136
11,5,73,0,49,31,136
11,6,74,0,48,32,136
12,1,76,0,47,33,136
12,2,76,0,46,32,136
12,3,77,0,45,32,136
12,4,78,0,44,32,136
12,5,78,0,43,30,136
12,6,79,0,42,27,136
12,7,81,0,41,28,136
13,1,82,0,40,27,136
13,2,83,0,39,28,136
13,3,85,0,38,29,136
13,4,86,0,37,26,136
13,5,87,0,36,27,136
13,6,89,0,35,28,136
13,7,91,0,34,30,136
14,1,93,0,33,31,136
14,2,93,0,32,29,136
14,3,94,0,31,29,136
14,4,95,0,30,29,136
14,5,96,0,29,30,136
14,6,97,0,28,31,136
15,1,98,0,27,32,136
15,2,99,0,26,32,136
15,3,100,0,25,32,136
15,4,101,0,24,32,136
15,5,103,0,23,34,136
15,6,105,0,22,35,136
16,1,105,0,21,34,136
16,2,106,0,20,34,136
16,3,107,0,19,34,136
16,4,107,0,18,33,136
16,5,107,0,17,31,136
16,6,109,0,16,33,136
17,1,112,0,15,35,136
17,2,114,0,14,36,136
17,3,115,0,13,37,136
17,4,116,0,12,37,136
17,5,116,0,11,35,136
17,6,119,0,10,37,136
17,7,119,0,9,36,136
17,8,120,0,8,35,136
18,1,120,0,7,34,136
18,2,124,0,6,37,136
18,3,126,0,5,37,136
18,4,126,0,4,35,136
18,5,130,0,3,37,136
18,6,130,0,2,37,136
19,1,131,0,1,37,136
19,2,131,0,0,36,136
19,3,132,0,-1,36,136
19,4,134,0,-2,37,136
19,5,136,0,-3,38,136
19,6,136,0,-4,37,136
0,1,1,0,119,1,122
0,2,1,0,118,1,122
0,3,1,0,117,1,122
0,4,2,0,116,2,122
0,5,3,0,115,3,122
0,6,3,0,114,3,122
1,1,3,0,113,3,122
1,2,3,0,112,3,122
1,3,3,0,111,3,122
1,4,3,0,110,3,122
1,5,3,0,109,3,122
1,6,4,0,108,4,122
2,1,4,0,107,4,122
2,2,4,0,106,4,122
2,3,4,0,105,4,122
2,4,5,0,104,5,122
2,5,5,0,103,5,122
2,6,8,0,102,8,122
3,1,9,0,101,9,122
3,2,9,0,100,9,122
3,3,11,0,99,11,122
3,4,15,0,98,15,122
3,5,15,0,97,15,122
3,6,16,0,96,16,122
3,7,20,0,95,20,122
3,8,21,0,94,21,122
3,9,21,0,93,21,122
4,1,21,0,92,21,122
4,2,21,0,91,21,122
4,3,21,0,90,21,122
4,4,21,0,89,20,122
4,5,21,0,88,20,122
4,6,21,0,87,20,122
5,1,21,0,86,19,122
5,2,21,0,85,18,122
5,3,21,0,84,18,122
5,4,25,0,83,22,122
5,5,26,0,82,23,122
5,6,26,0,81,23,122
6,1,27,0,80,24,122
6,2,29,0,79,26,122
6,3,33,0,78,29,122
6,4,34,0,77,30,122
6,5,34,0,76,30,122
6,6,35,0,75,31,122
6,7,35,0,74,30,122
7,1,36,0,73,31,122
7,2,37,0,72,29,122
7,3,37,0,71,28,122
7,4,37,0,70,28,122
7,5,38,0,69,27,122
7,6,38,0,68,23,122
7,7,38,0,67,23,122
8,1,41,0,66,25,122
8,2,42,0,65,22,122
8,3,43,0,64,22,122
8,4,44,0,63,23,122
8,5,44,0,62,23,122
8,6,44,0,61,23,122
8,7,48,0,60,27,122
9,1,49,0,59,28,122
9,2,49,0,58,28,122
9,3,49,0,57,28,122
9,4,51,0,56,30,122
9,5,51,0,55,30,122
9,6,51,0,54,30,122
10,1,51,0,53,26,122
10,2,53,0,52,27,122
10,3,54,0,51,28,122
10,4,56,0,50,29,122
10,5,57,0,49,28,122
10,6,57,0,48,24,122
10,7,59,0,47,25,122
10,8,60,0,46,26,122
11,1,60,0,45,25,122
11,2,62,0,44,27,122
11,3,63,0,43,27,122
11,4,63,0,42,26,122
11,5,65,0,41,28,122
11,6,66,0,40,29,122
12,1,67,0,39,29,122
12,2,67,0,38,29,122
12,3,71,0,37,33,122
12,4,72,0,36,31,122
12,5,73,0,35,31,122
12,6,74,0,34,31,122
13,1,76,0,33,32,122
13,2,77,0,32,33,122
13,3,77,0,31,33,122
13,4,77,0,30,29,122
13,5,78,0,29,29,122
13,6,80,0,28,31,122
14,1,82,0,27,33,122
14,2,83,0,26,32,122
14,3,85,0,25,34,122
14,4,86,0,24,35,122
14,5,87,0,23,36,122
14,6,88,0,22,35,122
15,1,90,0,21,36,122
15,2,94,0,20,38,122
15,3,94,0,19,37,122
15,4,97,0,18,40,122
15,5,98,0,17,39,122
15,6,100,0,16,40,122
16,1,102,0,15,42,122
16,2,103,0,14,41,122
16,3,105,0,13,42,122
16,4,107,0,12,44,122
16,5,109,0,11,44,122
16,6,110,0,10,44,122
16,7,111,0,9,44,122
17,1,111,0,8,44,122
17,2,111,0,7,40,122
17,3,111,0,6,39,122
17,4,112,0,5,39,122
17,5,114,0,4,40,122
17,6,118,0,3,42,122
17,7,118,0,2,41,122
18,1,118,0,1,41,122
18,2,118,0,0,41,122
18,3,118,0,-1,40,122
18,4,118,0,-2,38,122
18,5,120,0,-3,38,122
18,6,120,0,-4,37,122
19,1,121,0,-5,36,122
19,2,121,0,-6,35,122
19,3,122,0,-7,35,122
19,4,122,0,-8,34,122
0,1,0,0,119,0,92
0,2,2,0,118,2,92
0,3,2,0,117,2,92
0,4,2,0,116,2,92
0,5,4,0,115,4,92
0,6,4,0,114,4,92
1,1,5,0,113,5,92
1,2,6,0,112,6,92
1,3,6,0,111,6,92
1,4,7,0,110,7,92
1,5,8,0,109,8,92
1,6,9,0,108,9,92
1,7,10,0,107,10,92
2,1,10,0,106,10,92
2,2,10,0,105,10,92
2,3,10,0,104,10,92
2,4,10,0,103,10,92
2,5,11,0,102,11,92
2,6,11,0,101,11,92
3,1,11,0,100,11,92
3,2,11,0,99,11,92
3,3,11,0,98,11,92
3,4,11,0,97,11,92
3,5,11,0,96,11,92
3,6,12,0,95,12,92
4,1,12,0,94,12,92
4,2,14,0,93,14,92
4,3,18,0,92,18,92
4,4,18,0,91,18,92
4,5,18,0,90,18,92
4,6,18,0,89,18,92
5,1,18,0,88,16,92
5,2,19,0,87,17,92
5,3,20,0,86,18,92
5,4,20,0,85,16,92
5,5,24,0,84,20,92
5,6,28,0,83,23,92
6,1,28,0,82,22,92
6,2,28,0,81,22,92
6,3,29,0,80,22,92
6,4,29,0,79,21,92
6,5,30,0,78,21,92
6,6,31,0,77,21,92
7,1,31,0,76,21,92
7,2,32,0,75,22,92
7,3,33,0,74,23,92
7,4,33,0,73,23,92
7,5,34,0,72,23,92
7,6,34,0,71,23,92
8,1,35,0,70,24,92
8,2,35,0,69,24,92
8,3,39,0,68,28,92
8,4,39,0,67,28,92
8,5,40,0,66,29,92
8,6,41,0,65,29,92
9,1,42,0,64,30,92
9,2,42,0,63,28,92
9,3,43,0,62,25,92
9,4,43,0,61,25,92
9,5,43,0,60,25,92
9,6,43,0,59,25,92
10,1,44,0,58,26,92
10,2,45,0,57,26,92
10,3,45,0,56,25,92
10,4,45,0,55,25,92
10,5,46,0,54,22,92
10,6,47,0,53,19,92
10,7,47,0,52,19,92
11,1,49,0,51,21,92
11,2,50,0,50,21,92
11,3,50,0,49,21,92
11,4,50,0,48,20,92
11,5,50,0,47,19,92
11,6,50,0,46,19,92
12,1,51,0,45,19,92
12,2,51,0,44,18,92
12,3,51,0,43,18,92
12,4,51,0,42,17,92
12,5,51,0,41,17,92
12,6,51,0,40,16,92
13,1,51,0,39,16,92
13,2,51,0,38,12,92
13,3,57,0,37,18,92
13,4,58,0,36,18,92
13,5,59,0,35,18,92
13,6,59,0,34,17,92
14,1,59,0,33,17,92
14,2,60,0,32,17,92
14,3,60,0,31,17,92
14,4,61,0,30,18,92
14,5,62,0,29,19,92
14,6,63,0,28,19,92
15,1,63,0,27,18,92
15,2,64,0,26,19,92
15,3,65,0,25,20,92
15,4,66,0,24,20,92
15,5,66,0,23,19,92
15,6,67,0,22,20,92
15,7,68,0,21,19,92
15,8,70,0,20,20,92
16,1,70,0,19,20,92
16,2,70,0,18,20,92
16,3,76,0,17,26,92
16,4,76,0,16,26,92
16,5,77,0,15,26,92
16,6,77,0,14,26,92
17,1,78,0,13,27,92
17,2,79,0,12,28,92
17,3,79,0,11,28,92
17,4,80,0,10,29,92
17,5,80,0,9,29,92
17,6,81,0,8,30,92
18,1,81,0,7,24,92
18,2,82,0,6,24,92
18,3,83,0,5,24,92
18,4,84,0,4,25,92
18,5,85,0,3,26,92
18,6,86,0,2,26,92
19,1,87,0,1,27,92
19,2,89,0,0,28,92
19,3,90,0,-1,28,92
19,4,90,0,-2,27,92
19,5,92,0,-3,29,92
19,6,92,0,-4,28,92
0,1,1,0,119,1,147
0,2,1,0,118,1,147
0,3,2,0,117,2,147
0,4,2,0,116,2,147
0,5,3,0,115,3,147
0,6,4,0,114,4,147
1,1,6,0,113,6,147
1,2,6,0,112,6,147
1,3,6,0,111,6,147
1,4,7,0,110,7,147
1,5,7,0,109,7,147
1,6,7,0,108,7,147
2,1,8,0,107,8,147
2,2,9,0,106,9,147
2,3,9,0,105,9,147
2,4,9,0,104,9,147
2,5,9,0,103,9,147
2,6,10,0,102,10,147
3,1,14,0,101,14,147
3,2,14,0,100,14,147
3,3,18,0,99,18,147
3,4,18,0,98,18,147
3,5,18,0,97,18,147
3,6,22,0,96,22,147
4,1,23,0,95,23,147
4,2,24,0,94,24,147
4,3,25,0,93,25,147
4,4,27,0,92,27,147
4,5,27,0,91,27,147
4,6,28,0,90,28,147
5,1,29,0,89,28,147
5,2,29,0,88,28,147
5,3,30,0,87,28,147
5,4,30,0,86,28,147
5,5,31,0,85,28,147
5,6,33,0,84,29,147
6,1,33,0,83,27,147
6,2,34,0,82,28,147
6,3,34,0,81,28,147
6,4,36,0,80,29,147
6,5,36,0,79,29,147
6,6,37,0,78,30,147
7,1,37,0,77,29,147
7,2,38,0,76,29,147
7,3,39,0,75,30,147
7,4,40,0,74,31,147
7,5,40,0,73,31,147
7,6,40,0,72,30,147
8,1,42,0,71,28,147
8,2,43,0,70,29,147
8,3,44,0,69,26,147
8,4,45,0,68,27,147
8,5,47,0,67,29,147
8,6,48,0,66,26,147
9,1,49,0,65,26,147
9,2,51,0,64,27,147
9,3,52,0,63,27,147
9,4,53,0,62,26,147
9,5,54,0,61,27,147
9,6,55,0,60,27,147
9,7,56,0,59,27,147
10,1,57,0,58,28,147
10,2,58,0,57,28,147
10,3,58,0,56,28,147
10,4,58,0,55,27,147
10,5,59,0,54,26,147
10,6,62,0,53,29,147
11,1,63,0,52,29,147
11,2,64,0,51,30,147
11,3,64,0,50,28,147
11,4,66,0,49,30,147
11,5,66,0,48,29,147
11,6,66,0,47,29,147
12,1,67,0,46,29,147
12,2,68,0,45,29,147
12,3,68,0,44,28,147
12,4,69,0,43,29,147
12,5,70,0,42,30,147
12,6,70,0,41,28,147
12,7,71,0,40,28,147
12,8,72,0,39,28,147
13,1,73,0,38,28,147
13,2,75,0,37,28,147
13,3,76,0,36,28,147
13,4,77,0,35,28,147
13,5,79,0,34,28,147
13,6,80,0,33,28,147
14,1,84,0,32,31,147
14,2,85,0,31,31,147
14,3,86,0,30,31,147
14,4,87,0,29,31,147
14,5,88,0,28,31,147
14,6,89,0,27,31,147
15,1,90,0,26,32,147
15,2,91,0,25,33,147
15,3,97,0,24,38,147
15,4,97,0,23,35,147
15,5,99,0,22,36,147
15,6,101,0,21,37,147
16,1,103,0,20,39,147
16,2,105,0,19,39,147
16,3,107,0,18,41,147
16,4,110,0,17,44,147
16,5,111,0,16,44,147
16,6,113,0,15,45,147
17,1,119,0,14,51,147
17,2,121,0,13,52,147
17,3,122,0,12,52,147
17,4,124,0,11,54,147
17,5,125,0,10,54,147
17,6,125,0,9,53,147
18,1,129,0,8,56,147
18,2,130,0,7,55,147
18,3,131,0,6,55,147
18,4,133,0,5,56,147
18,5,133,0,4,54,147
18,6,135,0,3,55,147
19,1,136,0,2,52,147
19,2,136,0,1,51,147
19,3,142,0,0,56,147
19,4,143,0,-1,56,147
19,5,145,0,-2,57,147
19,6,147,0,-3,58,147
0,1,0,0,119,0,156
0,2,0,0,118,0,156
0,3,0,0,117,0,156
0,4,0,0,116,0,156
0,5,2,0,115,2,156
0,6,2,0,114,2,156
1,1,6,0,113,6,156
1,2,6,0,112,6,156
1,3,8,0,111,8,156
1,4,8,0,110,8,156
1,5,9,0,109,9,156
1,6,12,0,108,12,156
2,1,12,0,107,12,156
2,2,12,0,106,12,156
2,3,16,0,105,16,156
2,4,16,0,104,16,156
2,5,16,0,103,16,156
2,6,17,0,102,17,156
3,1,17,0,101,17,156
3,2,19,0,100,19,156
3,3,19,0,99,19,156
3,4,19,0,98,19,156
3,5,20,0,97,20,156
3,6,21,0,96,21,156
4,1,21,0,95,21,156
4,2,21,0,94,21,156
4,3,22,0,93,22,156
4,4,23,0,92,23,156
4,5,24,0,91,24,156
4,6,30,0,90,30,156
5,1,31,0,89,31,156
5,2,31,0,88,31,156
5,3,31,0,87,31,156
5,4,32,0,86,32,156
5,5,32,0,85,30,156
5,6,32,0,84,30,156
6,1,33,0,83,27,156
6,2,34,0,82,28,156
6,3,35,0,81,27,156
6,4,40,0,80,32,156
6,5,40,0,79,31,156
6,6,41,0,78,29,156
6,7,42,0,77,30,156
6,8,43,0,76,31,156
6,9,44,0,75,28,156
7,1,45,0,74,29,156
7,2,47,0,73,31,156
7,3,48,0,72,31,156
7,4,48,0,71,31,156
7,5,50,0,70,31,156
7,6,50,0,69,31,156
8,1,52,0,68,33,156
8,2,53,0,67,33,156
8,3,54,0,66,33,156
8,4,55,0,65,34,156
8,5,56,0,64,35,156
8,6,57,0,63,35,156
8,7,58,0,62,35,156
8,8,58,0,61,34,156
9,1,58,0,60,28,156
9,2,59,0,59,28,156
9,3,61,0,58,30,156
9,4,61,0,57,30,156
9,5,65,0,56,33,156
9,6,65,0,55,33,156
10,1,66,0,54,34,156
10,2,67,0,53,34,156
10,3,73,0,52,39,156
10,4,74,0,51,39,156
10,5,75,0,50,35,156
10,6,76,0,49,36,156
11,1,78,0,48,37,156
11,2,79,0,47,37,156
11,3,81,0,46,38,156
11,4,82,0,45,38,156
11,5,86,0,44,41,156
11,6,88,0,43,41,156
12,1,88,0,42,40,156
12,2,88,0,41,40,156
12,3,89,0,40,39,156
12,4,89,0,39,39,156
12,5,91,0,38,39,156
12,6,92,0,37,39,156
13,1,92,0,36,38,156
13,2,93,0,35,38,156
13,3,94,0,34,38,156
13,4,95,0,33,38,156
13,5,99,0,32,41,156
13,6,99,0,31,41,156
14,1,99,0,30,41,156
14,2,101,0,29,42,156
14,3,103,0,28,42,156
14,4,103,0,27,42,156
14,5,104,0,26,39,156
14,6,105,0,25,40,156
15,1,106,0,24,40,156
15,2,107,0,23,40,156
15,3,108,0,22,35,156
15,4,109,0,21,35,156
15,5,111,0,20,36,156
15,6,112,0,19,36,156
15,7,116,0,18,38,156
15,8,117,0,17,38,156
16,1,119,0,16,38,156
16,2,119,0,15,37,156
16,3,119,0,14,33,156
16,4,121,0,13,33,156
16,5,122,0,12,34,156
16,6,126,0,11,38,156
17,1,127,0,10,38,156
17,2,127,0,9,38,156
17,3,128,0,8,37,156
17,4,132,0,7,40,156
17,5,136,0,6,44,156
17,6,136,0,5,43,156
18,1,140,0,4,46,156
18,2,142,0,3,47,156
18,3,143,0,2,44,156
18,4,145,0,1,46,156
18,5,147,0,0,48,156
18,6,152,0,-1,51,156
18,7,153,0,-2,50,156
18,8,153,0,-3,50,156
19,1,155,0,-4,51,156
19,2,155,0,-5,50,156
19,3,155,0,-6,49,156
19,4,156,0,-7,49,156
19,5,156,0,-8,48,156
19,6,156,0,-9,47,156
0,1,0,0,119,0,141
0,2,0,0,118,0,141
0,3,2,0,117,2,141
0,4,2,0,116,2,141
0,5,2,0,115,2,141
0,6,2,0,114,2,141
1,1,2,0,113,2,141
1,2,3,0,112,3,141
1,3,4,0,111,4,141
1,4,4,0,110,4,141
1,5,4,0,109,4,141
1,6,5,0,108,5,141
1,7,5,0,107,5,141
2,1,9,0,106,9,141
2,2,9,0,105,9,141
2,3,9,0,104,9,141
2,4,9,0,103,9,141
2,5,9,0,102,9,141
2,6,10,0,101,10,141
3,1,10,0,100,10,141
3,2,12,0,99,12,141
3,3,18,0,98,18,141
3,4,18,0,97,18,141
3,5,20,0,96,20,141
3,6,21,0,95,21,141
3,7,22,0,94,22,141
3,8,22,0,93,22,141
4,1,23,0,92,23,141
4,2,23,0,91,23,141
4,3,23,0,90,23,141
4,4,23,0,89,23,141
4,5,23,0,88,23,141
4,6,27,0,87,25,141
5,1,27,0,86,25,141
5,2,29,0,85,27,141
5,3,33,0,84,31,141
5,4,34,0,83,32,141
5,5,38,0,82,35,141
5,6,38,0,81,34,141
5,7,44,0,80,40,141
6,1,45,0,79,41,141
6,2,45,0,78,40,141
6,3,45,0,77,40,141
6,4,45,0,76,36,141
6,5,45,0,75,36,141
6,6,46,0,74,37,141
7,1,46,0,73,37,141
7,2,48,0,72,39,141
7,3,52,0,71,42,141
7,4,52,0,70,42,141
7,5,53,0,69,41,141
7,6,54,0,68,36,141
8,1,54,0,67,36,141
8,2,55,0,66,35,141
8,3,55,0,65,34,141
8,4,56,0,64,34,141
8,5,57,0,63,35,141
8,6,57,0,62,34,141
9,1,58,0,61,35,141
9,2,58,0,60,35,141
9,3,58,0,59,35,141
9,4,59,0,58,36,141
9,5,60,0,57,33,141
9,6,61,0,56,34,141
10,1,62,0,55,33,141
10,2,63,0,54,30,141
10,3,64,0,53,30,141
10,4,65,0,52,27,141
10,5,66,0,51,28,141
10,6,68,0,50,24,141
11,1,69,0,49,24,141
11,2,69,0,48,24,141
11,3,69,0,47,24,141
11,4,73,0,46,28,141
11,5,74,0,45,29,141
11,6,74,0,44,28,141
12,1,76,0,43,30,141
12,2,76,0,42,28,141
12,3,77,0,41,25,141
12,4,78,0,40,26,141
12,5,78,0,39,25,141
12,6,78,0,38,24,141
13,1,78,0,37,24,141
13,2,79,0,36,24,141
13,3,80,0,35,25,141
13,4,82,0,34,26,141
13,5,83,0,33,26,141
13,6,84,0,32,27,141
14,1,88,0,31,30,141
14,2,89,0,30,31,141
14,3,90,0,29,32,141
14,4,90,0,28,31,141
14,5,92,0,27,32,141
14,6,96,0,26,35,141
15,1,100,0,25,38,141
15,2,101,0,24,38,141
15,3,102,0,23,38,141
15,4,106,0,22,41,141
15,5,107,0,21,41,141
15,6,108,0,20,40,141
16,1,109,0,19,40,141
16,2,109,0,18,40,141
16,3,110,0,17,41,141
16,4,110,0,16,37,141
16,5,110,0,15,36,141
16,6,111,0,14,37,141
17,1,111,0,13,35,141
17,2,112,0,12,36,141
17,3,112,0,11,35,141
17,4,112,0,10,34,141
17,5,112,0,9,34,141
17,6,118,0,8,40,141
18,1,119,0,7,41,141
18,2,120,0,6,41,141
18,3,120,0,5,40,141
18,4,120,0,4,38,141
18,5,121,0,3,38,141
18,6,127,0,2,43,141
19,1,133,0,1,45,141
19,2,134,0,0,45,141
19,3,136,0,-1,46,141
19,4,137,0,-2,47,141
19,5,139,0,-3,47,141
19,6,140,0,-4,44,141
19,7,141,0,-5,41,141
0,1,0,0,119,0,119
0,2,1,0,118,1,119
0,3,1,0,117,1,119
0,4,1,0,116,1,119
0,5,1,0,115,1,119
0,6,2,0,114,2,119
0,7,2,0,113,2,119
1,1,3,0,112,3,119
1,2,4,0,111,4,119
1,3,5,0,110,5,119
1,4,5,0,109,5,119
1,5,5,0,108,5,119
1,6,5,0,107,5,119
1,7,6,0,106,6,119
2,1,7,0,105,7,119
2,2,11,0,104,11,119
2,3,12,0,103,12,119
2,4,13,0,102,13,119
2,5,17,0,101,17,119
2,6,17,0,100,17,119
3,1,17,0,99,17,119
3,2,17,0,98,17,119
3,3,17,0,97,17,119
3,4,17,0,96,17,119
3,5,17,0,95,17,119
3,6,18,0,94,18,119
4,1,22,0,93,22,119
4,2,26,0,92,26,119
4,3,26,0,91,26,119
4,4,30,0,90,30,119
4,5,31,0,89,31,119
4,6,31,0,88,30,119
5,1,31,0,87,30,119
5,2,31,0,86,30,119
5,3,33,0,85,32,119
5,4,33,0,84,31,119
5,5,34,0,83,32,119
5,6,34,0,82,31,119
6,1,35,0,81,31,119
6,2,36,0,80,31,119
6,3,37,0,79,32,119
6,4,37,0,78,32,119
6,5,37,0,77,32,119
6,6,37,0,76,31,119
6,7,37,0,75,30,119
6,8,38,0,74,27,119
6,9,41,0,73,29,119
6,1,42,0,72,29,119
7,1,42,0,71,25,119
7,2,46,0,70,29,119
7,3,46,0,69,29,119
7,4,46,0,68,29,119
7,5,50,0,67,33,119
7,6,50,0,66,33,119
8,1,51,0,65,34,119
8,2,52,0,64,34,119
8,3,52,0,63,30,119
8,4,53,0,62,27,119
8,5,53,0,61,27,119
8,6,55,0,60,25,119
9,1,55,0,59,24,119
9,2,55,0,58,24,119
9,3,57,0,57,26,119
9,4,58,0,56,27,119
9,5,58,0,55,25,119
9,6,60,0,54,27,119
10,1,61,0,53,27,119
10,2,61,0,52,27,119
10,3,63,0,51,28,119
10,4,63,0,50,27,119
10,5,64,0,49,27,119
10,6,64,0,48,27,119
11,1,66,0,47,29,119
11,2,66,0,46,29,119
11,3,66,0,45,29,119
11,4,68,0,44,30,119
11,5,69,0,43,28,119
11,6,70,0,42,28,119
11,7,71,0,41,29,119
12,1,72,0,40,26,119
12,2,72,0,39,26,119
12,3,72,0,38,26,119
12,4,73,0,37,23,119
12,5,77,0,36,27,119
12,6,78,0,35,27,119
13,1,79,0,34,27,119
13,2,80,0,33,28,119
13,3,81,0,32,28,119
13,4,82,0,31,29,119
13,5,86,0,30,31,119
13,6,87,0,29,32,119
14,1,88,0,28,33,119
14,2,88,0,27,31,119
14,3,88,0,26,30,119
14,4,88,0,25,30,119
14,5,88,0,24,28,119
14,6,90,0,23,29,119
15,1,91,0,22,30,119
15,2,91,0,21,28,119
15,3,91,0,20,28,119
15,4,92,0,19,28,119
15,5,92,0,18,28,119
15,6,92,0,17,26,119
16,1,94,0,16,28,119
16,2,94,0,15,28,119
16,3,95,0,14,27,119
16,4,96,0,13,27,119
16,5,98,0,12,28,119
16,6,99,0,11,28,119
17,1,99,0,10,27,119
17,2,103,0,9,31,119
17,3,104,0,8,32,119
17,4,104,0,7,31,119
17,5,105,0,6,28,119
17,6,105,0,5,27,119
18,1,105,0,4,26,119
18,2,106,0,3,26,119
18,3,110,0,2,29,119
18,4,111,0,1,29,119
18,5,112,0,0,26,119
18,6,113,0,-1,26,119
19,1,115,0,-2,27,119
19,2,115,0,-3,27,119
19,3,116,0,-4,28,119
19,4,117,0,-5,29,119
19,5,117,0,-6,29,119
19,6,119,0,-7,29,119
0,1,1,0,119,1,89
0,2,1,0,118,1,89
0,3,1,0,117,1,89
0,4,1,0,116,1,89
0,5,1,0,115,1,89
0,6,1,0,114,1,89
1,1,2,0,113,2,89
1,2,2,0,112,2,89
1,3,2,0,111,2,89
1,4,3,0,110,3,89
1,5,4,0,109,4,89
1,6,4,0,108,4,89
1,7,5,0,107,5,89
2,1,5,0,106,5,89
2,2,5,0,105,5,89
2,3,5,0,104,5,89
2,4,7,0,103,7,89
2,5,7,0,102,7,89
2,6,9,0,101,9,89
3,1,11,0,100,11,89
3,2,12,0,99,12,89
3,3,12,0,98,12,89
3,4,12,0,97,12,89
3,5,14,0,96,14,89
3,6,18,0,95,18,89
4,1,19,0,94,19,89
4,2,20,0,93,20,89
4,3,20,0,92,20,89
4,4,20,0,91,20,89
4,5,20,0,90,20,89
4,6,20,0,89,19,89
5,1,21,0,88,20,89
5,2,21,0,87,20,89
5,3,22,0,86,21,89
5,4,22,0,85,21,89
5,5,22,0,84,21,89
5,6,22,0,83,20,89
6,1,22,0,82,20,89
6,2,22,0,81,20,89
6,3,22,0,80,19,89
6,4,23,0,79,19,89
6,5,23,0,78,19,89
6,6,23,0,77,18,89
7,1,23,0,76,18,89
7,2,29,0,75,24,89
7,3,30,0,74,25,89
7,4,31,0,73,24,89
7,5,31,0,72,24,89
7,6,32,0,71,23,89
8,1,32,0,70,21,89
8,2,32,0,69,20,89
8,3,33,0,68,21,89
8,4,33,0,67,21,89
8,5,34,0,66,20,89
8,6,35,0,65,17,89
9,1,36,0,64,17,89
9,2,36,0,63,16,89
9,3,36,0,62,16,89
9,4,37,0,61,17,89
9,5,37,0,60,17,89
9,6,38,0,59,18,89
9,7,38,0,58,17,89
10,1,38,0,57,17,89
10,2,39,0,56,17,89
10,3,39,0,55,17,89
10,4,39,0,54,17,89
10,5,39,0,53,17,89
10,6,40,0,52,18,89
11,1,40,0,51,18,89
11,2,41,0,50,19,89
11,3,41,0,49,18,89
11,4,41,0,48,18,89
11,5,41,0,47,18,89
11,6,42,0,46,19,89
12,1,42,0,45,13,89
12,2,42,0,44,12,89
12,3,42,0,43,11,89
12,4,42,0,42,11,89
12,5,43,0,41,11,89
12,6,43,0,40,11,89
13,1,43,0,39,11,89
13,2,44,0,38,11,89
13,3,45,0,37,12,89
13,4,46,0,36,12,89
13,5,46,0,35,11,89
13,6,46,0,34,10,89
14,1,47,0,33,11,89
14,2,48,0,32,12,89
14,3,54,0,31,17,89
14,4,54,0,30,17,89
14,5,56,0,29,18,89
14,6,57,0,28,19,89
14,7,57,0,27,19,89
15,1,59,0,26,20,89
15,2,60,0,25,21,89
15,3,60,0,24,21,89
15,4,60,0,23,21,89
15,5,61,0,22,21,89
15,6,61,0,21,21,89
15,7,61,0,20,20,89
16,1,62,0,19,21,89
16,2,62,0,18,21,89
16,3,63,0,17,22,89
16,4,69,0,16,27,89
16,5,70,0,15,28,89
16,6,72,0,14,30,89
17,1,73,0,13,31,89
17,2,74,0,12,32,89
17,3,74,0,11,31,89
17,4,74,0,10,31,89
17,5,74,0,9,31,89
17,6,74,0,8,30,89
18,1,74,0,7,29,89
18,2,74,0,6,28,89
18,3,74,0,5,28,89
18,4,80,0,4,34,89
18,5,86,0,3,39,89
18,6,86,0,2,38,89
19,1,87,0,1,33,89
19,2,89,0,0,35,89
19,3,89,0,-1,33,89
19,4,89,0,-2,32,89
19,5,89,0,-3,32,89
0,1,0,0,119,0,113
0,2,0,0,118,0,113
0,3,2,0,117,2,113
0,4,2,0,116,2,113
0,5,4,0,115,4,113
0,6,5,0,114,5,113
1,1,9,0,113,9,113
1,2,10,0,112,10,113
1,3,14,0,111,14,113
1,4,15,0,110,15,113
1,5,17,0,109,17,113
1,6,18,0,108,18,113
1,7,18,0,107,18,113
2,1,22,0,106,22,113
2,2,23,0,105,23,113
2,3,23,0,104,23,113
2,4,24,0,103,24,113
2,5,30,0,102,30,113
2,6,32,0,101,32,113
3,1,33,0,100,33,113
3,2,33,0,99,33,113
3,3,33,0,98,33,113
3,4,38,0,97,38,113
3,5,42,0,96,42,113
3,6,44,0,95,44,113
3,7,48,0,94,48,113
3,8,48,0,93,48,113
4,1,49,0,92,49,113
4,2,50,0,91,50,113
4,3,51,0,90,51,113
4,4,52,0,89,52,113
4,5,53,0,88,53,113
4,6,53,0,87,51,113
5,1,53,0,86,51,113
5,2,53,0,85,49,113
5,3,53,0,84,48,113
5,4,54,0,83,45,113
5,5,54,0,82,44,113
5,6,55,0,81,41,113
6,1,55,0,80,40,113
6,2,56,0,79,39,113
6,3,57,0,78,39,113
6,4,58,0,77,40,113
6,5,58,0,76,36,113
6,6,58,0,75,35,113
7,1,59,0,74,36,113
7,2,60,0,73,36,113
7,3,60,0,72,30,113
7,4,60,0,71,28,113
7,5,61,0,70,28,113
7,6,61,0,69,28,113
7,7,61,0,68,28,113
8,1,62,0,67,24,113
8,2,63,0,66,21,113
8,3,63,0,65,19,113
8,4,63,0,64,15,113
8,5,63,0,63,15,113
8,6,63,0,62,14,113
9,1,64,0,61,14,113
9,2,64,0,60,13,113
9,3,64,0,59,12,113
9,4,64,0,58,11,113
9,5,64,0,57,11,113
9,6,66,0,56,13,113
10,1,67,0,55,14,113
10,2,67,0,54,14,113
10,3,68,0,53,14,113
10,4,68,0,52,14,113
10,5,68,0,51,13,113
10,6,69,0,50,14,113
11,1,69,0,49,13,113
11,2,70,0,48,13,113
11,3,71,0,47,13,113
11,4,71,0,46,13,113
11,5,72,0,45,14,113
11,6,72,0,44,13,113
11,7,73,0,43,13,113
12,1,73,0,42,13,113
12,2,73,0,41,13,113
12,3,74,0,40,13,113
12,4,75,0,39,14,113
12,5,75,0,38,14,113
12,6,76,0,37,14,113
13,1,76,0,36,13,113
13,2,76,0,35,13,113
13,3,77,0,34,14,113
13,4,78,0,33,15,113
13,5,79,0,32,16,113
13,6,79,0,31,15,113
13,7,80,0,30,16,113
14,1,80,0,29,16,113
14,2,81,0,28,17,113
14,3,82,0,27,18,113
14,4,82,0,26,16,113
14,5,83,0,25,16,113
14,6,89,0,24,22,113
15,1,89,0,23,21,113
15,2,89,0,22,21,113
15,3,90,0,21,22,113
15,4,90,0,20,21,113
15,5,92,0,19,23,113
15,6,93,0,18,23,113
16,1,93,0,17,22,113
16,2,94,0,16,23,113
16,3,96,0,15,24,113
16,4,96,0,14,24,113
16,5,96,0,13,23,113
16,6,96,0,12,23,113
17,1,100,0,11,27,113
17,2,102,0,10,28,113
17,3,102,0,9,27,113
17,4,103,0,8,28,113
17,5,103,0,7,27,113
17,6,104,0,6,28,113
18,1,108,0,5,32,113
18,2,110,0,4,33,113
18,3,110,0,3,32,113
18,4,111,0,2,32,113
18,5,112,0,1,33,113
18,6,113,0,0,33,113
19,1,113,0,-1,33,113
19,2,113,0,-2,32,113
0,1,2,0,119,2,130
0,2,2,0,118,2,130
0,3,4,0,117,4,130
0,4,8,0,116,8,130
0,5,8,0,115,8,130
0,6,8,0,114,8,130
1,1,12,0,113,12,130
1,2,13,0,112,13,130
1,3,16,0,111,16,130
1,4,18,0,110,18,130
1,5,18,0,109,18,130
1,6,19,0,108,19,130
2,1,19,0,107,19,130
2,2,23,0,106,23,130
2,3,27,0,105,27,130
2,4,31,0,104,31,130
2,5,31,0,103,31,130
2,6,31,0,102,31,130
3,1,31,0,101,31,130
3,2,31,0,100,31,130
3,3,35,0,99,35,130
3,4,39,0,98,39,130
3,5,41,0,97,41,130
3,6,45,0,96,45,130
3,7,45,0,95,45,130
4,1,46,0,94,46,130
4,2,47,0,93,47,130
4,3,48,0,92,48,130
4,4,48,0,91,48,130
4,5,52,0,90,52,130
4,6,52,0,89,50,130
5,1,53,0,88,51,130
5,2,53,0,87,49,130
5,3,57,0,86,49,130
5,4,58,0,85,50,130
5,5,58,0,84,50,130
5,6,58,0,83,46,130
6,1,59,0,82,46,130
6,2,59,0,81,43,130
6,3,60,0,80,42,130
6,4,66,0,79,48,130
6,5,66,0,78,47,130
6,6,67,0,77,48,130
7,1,67,0,76,44,130
7,2,68,0,75,41,130
7,3,70,0,74,39,130
7,4,70,0,73,39,130
7,5,71,0,72,40,130
7,6,72,0,71,41,130
8,1,72,0,70,41,130
8,2,72,0,69,37,130
8,3,73,0,68,34,130
8,4,73,0,67,32,130
8,5,74,0,66,29,130
8,6,75,0,65,30,130
9,1,76,0,64,30,130
9,2,76,0,63,29,130
9,3,77,0,62,29,130
9,4,77,0,61,29,130
9,5,77,0,60,25,130
9,6,78,0,59,26,130
10,1,78,0,58,25,130
10,2,79,0,57,26,130
10,3,80,0,56,23,130
10,4,81,0,55,23,130
10,5,81,0,54,23,130
10,6,82,0,53,24,130
11,1,82,0,52,23,130
11,2,82,0,51,23,130
11,3,82,0,50,22,130
11,4,83,0,49,17,130
11,5,84,0,48,18,130
11,6,84,0,47,17,130
12,1,85,0,46,18,130
12,2,85,0,45,17,130
12,3,85,0,44,15,130
12,4,86,0,43,16,130
12,5,90,0,42,19,130
12,6,90,0,41,18,130
13,1,91,0,40,19,130
13,2,91,0,39,19,130
13,3,93,0,38,20,130
13,4,94,0,37,21,130
13,5,94,0,36,20,130
13,6,95,0,35,20,130
14,1,95,0,34,19,130
14,2,95,0,33,19,130
14,3,95,0,32,18,130
14,4,96,0,31,19,130
14,5,97,0,30,20,130
14,6,98,0,29,20,130
15,1,98,0,28,20,130
15,2,99,0,27,20,130
15,3,100,0,26,20,130
15,4,100,0,25,19,130
15,5,102,0,24,21,130
15,6,104,0,23,22,130
15,7,104,0,22,22,130
16,1,106,0,21,24,130
16,2,107,0,20,25,130
16,3,108,0,19,25,130
16,4,108,0,18,24,130
16,5,109,0,17,25,130
16,6,111,0,16,26,130
17,1,111,0,15,26,130
17,2,111,0,14,26,130
17,3,112,0,13,26,130
17,4,113,0,12,23,130
17,5,117,0,11,27,130
17,6,118,0,10,27,130
18,1,119,0,9,28,130
18,2,119,0,8,26,130
18,3,119,0,7,25,130
18,4,121,0,6,27,130
18,5,121,0,5,26,130
18,6,122,0,4,27,130
19,1,123,0,3,28,130
19,2,123,0,2,28,130
19,3,124,0,1,28,130
19,4,126,0,0,29,130
19,5,128,0,-1,30,130
19,6,130,0,-2,32,130
0,1,1,0,119,1,126
0,2,1,0,118,1,126
0,3,1,0,117,1,126
0,4,1,0,116,1,126
0,5,5,0,115,5,126
0,6,5,0,114,5,126
1,1,5,0,113,5,126
1,2,6,0,112,6,126
1,3,7,0,111,7,126
1,4,7,0,110,7,126
1,5,11,0,109,11,126
1,6,12,0,108,12,126
2,1,13,0,107,13,126
2,2,13,0,106,13,126
2,3,13,0,105,13,126
2,4,14,0,104,14,126
2,5,14,0,103,14,126
2,6,15,0,102,15,126
2,7,15,0,101,15,126
3,1,16,0,100,16,126
3,2,16,0,99,16,126
3,3,20,0,98,20,126
3,4,22,0,97,22,126
3,5,22,0,96,22,126
3,6,26,0,95,26,126
4,1,27,0,94,27,126
4,2,31,0,93,31,126
4,3,31,0,92,31,126
4,4,35,0,91,35,126
4,5,41,0,90,41,126
4,6,42,0,89,41,126
5,1,42,0,88,41,126
5,2,42,0,87,41,126
5,3,42,0,86,41,126
5,4,43,0,85,38,126
5,5,43,0,84,38,126
5,6,43,0,83,38,126
6,1,43,0,82,37,126
6,2,44,0,81,37,126
6,3,44,0,80,37,126
6,4,44,0,79,33,126
6,5,45,0,78,33,126
6,6,46,0,77,33,126
7,1,46,0,76,33,126
7,2,47,0,75,34,126
7,3,48,0,74,34,126
7,4,49,0,73,35,126
7,5,49,0,72,34,126
7,6,50,0,71,35,126
7,7,52,0,70,36,126
7,8,52,0,69,36,126
8,1,52,0,68,32,126
8,2,52,0,67,30,126
8,3,52,0,66,30,126
8,4,53,0,65,27,126
8,5,54,0,64,27,126
8,6,54,0,63,23,126
9,1,55,0,62,24,126
9,2,56,0,61,21,126
9,3,57,0,60,16,126
9,4,63,0,59,21,126
9,5,64,0,58,22,126
9,6,65,0,57,23,126
10,1,66,0,56,24,126
10,2,66,0,55,23,126
10,3,67,0,54,24,126
10,4,67,0,53,24,126
10,5,68,0,52,25,126
10,6,69,0,51,25,126
11,1,71,0,50,27,126
11,2,72,0,49,28,126
11,3,72,0,48,27,126
11,4,72,0,47,26,126
11,5,73,0,46,27,126
11,6,73,0,45,26,126
11,7,73,0,44,25,126
12,1,73,0,43,24,126
12,2,73,0,42,24,126
12,3,73,0,41,23,126
12,4,73,0,40,21,126
12,5,74,0,39,22,126
12,6,75,0,38,23,126
13,1,76,0,37,24,126
13,2,77,0,36,25,126
13,3,78,0,35,25,126
13,4,82,0,34,28,126
13,5,82,0,33,28,126
13,6,82,0,32,27,126
14,1,83,0,31,27,126
14,2,85,0,30,28,126
14,3,85,0,29,22,126
14,4,89,0,28,25,126
14,5,89,0,27,24,126
14,6,90,0,26,24,126
14,7,90,0,25,24,126
15,1,91,0,24,24,126
15,2,92,0,23,25,126
15,3,92,0,22,24,126
15,4,93,0,21,24,126
15,5,97,0,20,26,126
15,6,98,0,19,26,126
15,7,99,0,18,27,126
16,1,100,0,17,28,126
16,2,101,0,16,28,126
16,3,101,0,15,28,126
16,4,102,0,14,29,126
16,5,104,0,13,31,126
16,6,105,0,12,32,126
17,1,105,0,11,32,126
17,2,106,0,10,33,126
17,3,110,0,9,36,126
17,4,111,0,8,36,126
17,5,112,0,7,36,126
17,6,112,0,6,35,126
18,1,113,0,5,35,126
18,2,114,0,4,32,126
18,3,116,0,3,34,126
18,4,116,0,2,34,126
18,5,116,0,1,33,126
18,6,118,0,0,33,126
19,1,119,0,-1,34,126
19,2,120,0,-2,31,126
19,3,120,0,-3,31,126
19,4,121,0,-4,31,126
19,5,125,0,-5,35,126
19,6,126,0,-6,35,126
0,1,1,0,119,1,70
0,2,1,0,118,1,70
0,3,2,0,117,2,70
0,4,2,0,116,2,70
0,5,4,0,115,4,70
0,6,4,0,114,4,70
1,1,5,0,113,5,70
1,2,9,0,112,9,70
1,3,13,0,111,13,70
1,4,13,0,110,13,70
1,5,14,0,109,14,70
1,6,15,0,108,15,70
2,1,16,0,107,16,70
2,2,16,0,106,16,70
2,3,16,0,105,16,70
2,4,16,0,104,16,70
2,5,16,0,103,16,70
2,6,20,0,102,20,70
3,1,20,0,101,20,70
3,2,24,0,100,24,70
3,3,24,0,99,24,70
3,4,24,0,98,24,70
3,5,24,0,97,24,70
3,6,25,0,96,25,70
4,1,26,0,95,26,70
4,2,26,0,94,26,70
4,3,27,0,93,27,70
4,4,27,0,92,27,70
4,5,28,0,91,28,70
4,6,29,0,90,29,70
5,1,29,0,89,28,70
5,2,30,0,88,29,70
5,3,30,0,87,28,70
5,4,32,0,86,30,70
5,5,32,0,85,28,70
5,6,32,0,84,28,70
6,1,32,0,83,27,70
6,2,33,0,82,24,70
6,3,34,0,81,21,70
6,4,34,0,80,21,70
6,5,35,0,79,21,70
6,6,36,0,78,21,70
7,1,36,0,77,20,70
7,2,36,0,76,20,70
7,3,37,0,75,21,70
7,4,38,0,74,22,70
7,5,38,0,73,22,70
7,6,38,0,72,18,70
8,1,38,0,71,18,70
8,2,39,0,70,15,70
8,3,39,0,69,15,70
8,4,40,0,68,16,70
8,5,41,0,67,17,70
8,6,42,0,66,17,70
9,1,42,0,65,16,70
9,2,43,0,64,17,70
9,3,43,0,63,16,70
9,4,47,0,62,20,70
9,5,47,0,61,19,70
9,6,48,0,60,19,70
10,1,49,0,59,20,70
10,2,49,0,58,19,70
10,3,50,0,57,20,70
10,4,51,0,56,19,70
10,5,51,0,55,19,70
10,6,51,0,54,19,70
11,1,52,0,53,20,70
11,2,52,0,52,19,70
11,3,52,0,51,18,70
11,4,53,0,50,19,70
11,5,54,0,49,19,70
11,6,54,0,48,18,70
12,1,54,0,47,18,70
12,2,55,0,46,19,70
12,3,56,0,45,19,70
12,4,56,0,44,18,70
12,5,56,0,43,18,70
12,6,57,0,42,19,70
13,1,57,0,41,19,70
13,2,57,0,40,18,70
13,3,57,0,39,18,70
13,4,57,0,38,17,70
13,5,57,0,37,16,70
13,6,57,0,36,15,70
14,1,57,0,35,15,70
14,2,58,0,34,15,70
14,3,59,0,33,16,70
14,4,61,0,32,14,70
14,5,61,0,31,14,70
14,6,62,0,30,14,70
15,1,62,0,29,13,70
15,2,63,0,28,14,70
15,3,63,0,27,13,70
15,4,64,0,26,13,70
15,5,65,0,25,14,70
15,6,65,0,24,14,70
16,1,66,0,23,14,70
16,2,66,0,22,14,70
16,3,67,0,21,15,70
16,4,67,0,20,14,70
16,5,67,0,19,13,70
16,6,67,0,18,13,70
17,1,68,0,17,14,70
17,2,68,0,16,13,70
17,3,68,0,15,12,70
17,4,69,0,14,13,70
17,5,69,0,13,13,70
17,6,70,0,12,13,70
17,7,70,0,11,13,70
18,1,70,0,10,13,70
18,2,70,0,9,13,70
18,3,70,0,8,13,70
18,4,70,0,7,13,70
18,5,70,0,6,13,70
0,1,1,0,119,1,101
0,2,2,0,118,2,101
0,3,2,0,117,2,101
0,4,2,0,116,2,101
0,5,3,0,115,3,101
0,6,3,0,114,3,101
0,7,7,0,113,7,101
0,8,7,0,112,7,101
1,1,7,0,111,7,101
1,2,7,0,110,7,101
1,3,7,0,109,7,101
1,4,7,0,108,7,101
1,5,11,0,107,11,101
1,6,11,0,106,11,101
2,1,12,0,105,12,101
2,2,12,0,104,12,101
2,3,12,0,103,12,101
2,4,13,0,102,13,101
2,5,13,0,101,13,101
2,6,13,0,100,13,101
3,1,13,0,99,13,101
3,2,14,0,98,14,101
3,3,14,0,97,14,101
3,4,15,0,96,15,101
3,5,15,0,95,15,101
3,6,16,0,94,16,101
4,1,17,0,93,17,101
4,2,19,0,92,19,101
4,3,20,0,91,20,101
4,4,21,0,90,21,101
4,5,21,0,89,20,101
4,6,21,0,88,19,101
5,1,25,0,87,23,101
5,2,25,0,86,23,101
5,3,25,0,85,22,101
5,4,25,0,84,22,101
5,5,25,0,83,18,101
5,6,26,0,82,19,101
6,1,26,0,81,19,101
6,2,27,0,80,20,101
6,3,28,0,79,21,101
6,4,29,0,78,22,101
6,5,30,0,77,19,101
6,6,32,0,76,21,101
7,1,33,0,75,21,101
7,2,34,0,74,22,101
7,3,35,0,73,23,101
7,4,35,0,72,22,101
7,5,37,0,71,24,101
7,6,37,0,70,24,101
7,7,37,0,69,24,101
8,1,37,0,68,23,101
8,2,38,0,67,24,101
8,3,38,0,66,23,101
8,4,39,0,65,24,101
8,5,39,0,64,23,101
8,6,40,0,63,23,101
8,7,42,0,62,23,101
9,1,42,0,61,22,101
9,2,43,0,60,22,101
9,3,43,0,59,22,101
9,4,47,0,58,26,101
9,5,51,0,57,26,101
9,6,51,0,56,26,101
10,1,51,0,55,26,101
10,2,52,0,54,27,101
10,3,53,0,53,28,101
10,4,57,0,52,31,101
10,5,58,0,51,32,101
10,6,59,0,50,32,101
11,1,59,0,49,31,101
11,2,60,0,48,31,101
11,3,61,0,47,31,101
11,4,63,0,46,31,101
11,5,63,0,45,30,101
11,6,67,0,44,33,101
12,1,68,0,43,33,101
12,2,69,0,42,34,101
12,3,73,0,41,36,101
12,4,74,0,40,37,101
12,5,76,0,39,39,101
12,6,78,0,38,41,101
13,1,78,0,37,40,101
13,2,79,0,36,41,101
13,3,79,0,35,40,101
13,4,81,0,34,42,101
13,5,85,0,33,45,101
13,6,86,0,32,44,101
14,1,86,0,31,44,101
14,2,87,0,30,44,101
14,3,88,0,29,45,101
14,4,88,0,28,41,101
14,5,92,0,27,41,101
14,6,93,0,26,42,101
15,1,94,0,25,43,101
15,2,94,0,24,42,101
15,3,98,0,23,45,101
15,4,99,0,22,42,101
15,5,101,0,21,43,101
15,6,101,0,20,42,101
0,1,0,0,119,0,79
0,2,0,0,118,0,79
0,3,1,0,117,1,79
0,4,1,0,116,1,79
0,5,1,0,115,1,79
0,6,1,0,114,1,79
0,7,1,0,113,1,79
1,1,1,0,112,1,79
1,2,1,0,111,1,79
1,3,2,0,110,2,79
1,4,3,0,109,3,79
1,5,3,0,108,3,79
1,6,4,0,107,4,79
1,7,5,0,106,5,79
1,8,6,0,105,6,79
2,1,8,0,104,8,79
2,2,9,0,103,9,79
2,3,9,0,102,9,79
2,4,9,0,101,9,79
2,5,10,0,100,10,79
2,6,10,0,99,10,79
3,1,11,0,98,11,79
3,2,11,0,97,11,79
3,3,11,0,96,11,79
3,4,14,0,95,14,79
3,5,14,0,94,14,79
3,6,15,0,93,15,79
4,1,15,0,92,15,79
4,2,15,0,91,15,79
4,3,17,0,90,17,79
4,4,18,0,89,18,79
4,5,22,0,88,22,79
4,6,22,0,87,21,79
5,1,22,0,86,21,79
5,2,22,0,85,21,79
5,3,23,0,84,22,79
5,4,24,0,83,23,79
5,5,24,0,82,23,79
5,6,24,0,81,23,79
6,1,24,0,80,22,79
6,2,25,0,79,22,79
6,3,25,0,78,22,79
6,4,25,0,77,21,79
6,5,25,0,76,20,79
6,6,25,0,75,19,79
7,1,26,0,74,18,79
7,2,27,0,73,18,79
7,3,29,0,72,20,79
7,4,29,0,71,20,79
7,5,30,0,70,20,79
7,6,30,0,69,20,79
8,1,30,0,68,19,79
8,2,30,0,67,19,79
8,3,30,0,66,19,79
8,4,31,0,65,17,79
8,5,31,0,64,17,79
8,6,31,0,63,16,79
9,1,32,0,62,17,79
9,2,32,0,61,17,79
9,3,33,0,60,16,79
9,4,34,0,59,16,79
9,5,35,0,58,13,79
9,6,35,0,57,13,79
10,1,37,0,56,15,79
10,2,38,0,55,16,79
10,3,38,0,54,15,79
10,4,38,0,53,14,79
10,5,39,0,52,15,79
10,6,40,0,51,16,79
10,7,41,0,50,17,79
11,1,41,0,49,16,79
11,2,41,0,48,16,79
11,3,42,0,47,17,79
11,4,43,0,46,18,79
11,5,44,0,45,19,79
11,6,46,0,44,20,79
11,7,47,0,43,20,79
12,1,48,0,42,19,79
12,2,48,0,41,19,79
12,3,48,0,40,18,79
12,4,49,0,39,19,79
12,5,49,0,38,19,79
12,6,49,0,37,19,79
13,1,50,0,36,20,79
13,2,51,0,35,20,79
13,3,51,0,34,20,79
13,4,52,0,33,21,79
13,5,52,0,32,20,79
13,6,54,0,31,22,79
14,1,55,0,30,22,79
14,2,55,0,29,21,79
14,3,56,0,28,21,79
14,4,56,0,27,21,79
14,5,57,0,26,20,79
14,6,58,0,25,20,79
15,1,58,0,24,20,79
15,2,59,0,23,21,79
15,3,63,0,22,24,79
15,4,64,0,21,24,79
15,5,64,0,20,23,79
15,6,64,0,19,23,79
16,1,65,0,18,24,79
16,2,66,0,17,24,79
16,3,67,0,16,24,79
16,4,67,0,15,23,79
16,5,67,0,14,21,79
16,6,67,0,13,20,79
17,1,68,0,12,20,79
17,2,70,0,11,22,79
17,3,71,0,10,23,79
17,4,71,0,9,22,79
17,5,71,0,8,22,79
17,6,71,0,7,22,79
17,7,71,0,6,21,79
18,1,71,0,5,20,79
18,2,72,0,4,21,79
18,3,73,0,3,21,79
18,4,74,0,2,22,79
18,5,75,0,1,21,79
18,6,76,0,0,21,79
19,1,76,0,-1,21,79
19,2,77,0,-2,21,79
19,3,77,0,-3,21,79
19,4,78,0,-4,21,79
19,5,79,0,-5,21,79
19,6,79,0,-6,21,79
0,1,1,0,119,1,142
0,2,1,0,118,1,142
0,3,1,0,117,1,142
0,4,2,0,116,2,142
0,5,3,0,115,3,142
0,6,3,0,114,3,142
1,1,3,0,113,3,142
1,2,3,0,112,3,142
1,3,9,0,111,9,142
1,4,13,0,110,13,142
1,5,13,0,109,13,142
1,6,13,0,108,13,142
2,1,13,0,107,13,142
2,2,13,0,106,13,142
2,3,14,0,105,14,142
2,4,14,0,104,14,142
2,5,15,0,103,15,142
2,6,16,0,102,16,142
3,1,16,0,101,16,142
3,2,16,0,100,16,142
3,3,17,0,99,17,142
3,4,18,0,98,18,142
3,5,18,0,97,18,142
3,6,22,0,96,22,142
4,1,23,0,95,23,142
4,2,29,0,94,29,142
4,3,29,0,93,29,142
4,4,29,0,92,29,142
4,5,33,0,91,33,142
4,6,35,0,90,35,142
4,7,39,0,89,38,142
5,1,39,0,88,38,142
5,2,39,0,87,38,142
5,3,41,0,86,39,142
5,4,42,0,85,39,142
5,5,42,0,84,39,142
5,6,42,0,83,39,142
6,1,42,0,82,39,142
6,2,42,0,81,33,142
6,3,43,0,80,30,142
6,4,44,0,79,31,142
6,5,45,0,78,32,142
6,6,46,0,77,33,142
7,1,47,0,76,34,142
7,2,48,0,75,34,142
7,3,50,0,74,36,142
7,4,51,0,73,36,142
7,5,55,0,72,39,142
7,6,56,0,71,40,142
8,1,56,0,70,40,142
8,2,57,0,69,40,142
8,3,58,0,68,40,142
8,4,59,0,67,41,142
8,5,65,0,66,43,142
8,6,67,0,65,44,142
9,1,67,0,64,38,142
9,2,68,0,63,39,142
9,3,68,0,62,39,142
9,4,68,0,61,35,142
9,5,69,0,60,34,142
9,6,70,0,59,31,142
9,7,70,0,58,31,142
10,1,71,0,57,32,142
10,2,71,0,56,30,142
10,3,72,0,55,30,142
10,4,73,0,54,31,142
10,5,74,0,53,32,142
10,6,80,0,52,38,142
11,1,84,0,51,42,142
11,2,84,0,50,41,142
11,3,84,0,49,40,142
11,4,85,0,48,40,142
11,5,85,0,47,39,142
11,6,86,0,46,39,142
12,1,87,0,45,39,142
12,2,87,0,44,37,142
12,3,88,0,43,37,142
12,4,89,0,42,34,142
12,5,90,0,41,34,142
12,6,92,0,40,36,142
13,1,94,0,39,37,142
13,2,95,0,38,37,142
13,3,95,0,37,36,142
13,4,96,0,36,31,142
13,5,96,0,35,29,142
13,6,97,0,34,30,142
14,1,97,0,33,29,142
14,2,98,0,32,30,142
14,3,99,0,31,31,142
14,4,99,0,30,30,142
14,5,101,0,29,31,142
14,6,105,0,28,35,142
15,1,106,0,27,35,142
15,2,108,0,26,37,142
15,3,109,0,25,37,142
15,4,109,0,24,36,142
15,5,110,0,23,36,142
15,6,110,0,22,30,142
16,1,114,0,21,30,142
16,2,114,0,20,30,142
16,3,114,0,19,30,142
16,4,115,0,18,30,142
16,5,115,0,17,30,142
16,6,117,0,16,31,142
17,1,117,0,15,30,142
17,2,119,0,14,32,142
17,3,120,0,13,32,142
17,4,121,0,12,32,142
17,5,127,0,11,37,142
17,6,128,0,10,36,142
18,1,128,0,9,34,142
18,2,129,0,8,34,142
18,3,133,0,7,38,142
18,4,134,0,6,38,142
18,5,135,0,5,39,142
18,6,136,0,4,39,142
19,1,137,0,3,40,142
19,2,138,0,2,40,142
19,3,138,0,1,39,142
19,4,140,0,0,41,142
19,5,140,0,-1,39,142
19,6,140,0,-2,35,142
19,7,142,0,-3,36,142
0,1,0,0,119,0,90
0,2,1,0,118,1,90
0,3,3,0,117,3,90
0,4,5,0,116,5,90
0,5,5,0,115,5,90
0,6,5,0,114,5,90
1,1,5,0,113,5,90
1,2,5,0,112,5,90
1,3,5,0,111,5,90
1,4,5,0,110,5,90
1,5,9,0,109,9,90
1,6,10,0,108,10,90
2,1,11,0,107,11,90
2,2,11,0,106,11,90
2,3,11,0,105,11,90
2,4,11,0,104,11,90
2,5,12,0,103,12,90
2,6,12,0,102,12,90
3,1,14,0,101,14,90
3,2,15,0,100,15,90
3,3,15,0,99,15,90
3,4,16,0,98,16,90
3,5,17,0,97,17,90
3,6,18,0,96,18,90
3,7,18,0,95,18,90
3,8,20,0,94,20,90
4,1,20,0,93,20,90
4,2,21,0,92,21,90
4,3,21,0,91,21,90
4,4,21,0,90,21,90
4,5,21,0,89,21,90
4,6,21,0,88,20,90
5,1,21,0,87,18,90
5,2,22,0,86,17,90
5,3,23,0,85,18,90
5,4,24,0,84,19,90
5,5,24,0,83,19,90
5,6,24,0,82,19,90
6,1,24,0,81,19,90
6,2,26,0,80,21,90
6,3,26,0,79,17,90
6,4,28,0,78,18,90
6,5,28,0,77,17,90
6,6,29,0,76,18,90
7,1,30,0,75,19,90
7,2,31,0,74,20,90
7,3,35,0,73,23,90
7,4,36,0,72,24,90
7,5,36,0,71,22,90
7,6,40,0,70,25,90
8,1,40,0,69,25,90
8,2,41,0,68,25,90
8,3,41,0,67,24,90
8,4,42,0,66,24,90
8,5,42,0,65,24,90
8,6,43,0,64,23,90
9,1,45,0,63,25,90
9,2,45,0,62,24,90
9,3,46,0,61,25,90
9,4,46,0,60,25,90
9,5,47,0,59,26,90
9,6,48,0,58,27,90
10,1,49,0,57,28,90
10,2,49,0,56,27,90
10,3,49,0,55,26,90
10,4,50,0,54,26,90
10,5,50,0,53,26,90
10,6,50,0,52,26,90
11,1,50,0,51,26,90
11,2,51,0,50,25,90
11,3,52,0,49,26,90
11,4,53,0,48,25,90
11,5,53,0,47,25,90
11,6,54,0,46,25,90
12,1,54,0,45,24,90
12,2,54,0,44,23,90
12,3,54,0,43,19,90
12,4,56,0,42,20,90
12,5,56,0,41,20,90
12,6,56,0,40,16,90
13,1,56,0,39,16,90
13,2,56,0,38,15,90
13,3,56,0,37,15,90
13,4,57,0,36,15,90
13,5,59,0,35,17,90
13,6,60,0,34,17,90
14,1,61,0,33,16,90
14,2,62,0,32,17,90
14,3,62,0,31,16,90
14,4,62,0,30,16,90
14,5,63,0,29,16,90
14,6,63,0,28,15,90
15,1,65,0,27,16,90
15,2,65,0,26,16,90
15,3,66,0,25,17,90
15,4,67,0,24,17,90
15,5,68,0,23,18,90
15,6,68,0,22,18,90
16,1,69,0,21,19,90
16,2,70,0,20,19,90
16,3,74,0,19,22,90
16,4,75,0,18,22,90
16,5,76,0,17,23,90
16,6,77,0,16,23,90
17,1,79,0,15,25,90
17,2,83,0,14,29,90
17,3,83,0,13,29,90
17,4,84,0,12,28,90
17,5,84,0,11,28,90
17,6,84,0,10,28,90
18,1,84,0,9,28,90
18,2,85,0,8,29,90
18,3,86,0,7,30,90
18,4,86,0,6,29,90
18,5,87,0,5,28,90
18,6,88,0,4,28,90
18,7,88,0,3,27,90
19,1,89,0,2,27,90
19,2,89,0,1,27,90
19,3,89,0,0,27,90
19,4,89,0,-1,26,90
19,5,90,0,-2,27,90
19,6,90,0,-3,25,90
0,1,0,0,119,0,112
0,2,1,0,118,1,112
0,3,5,0,117,5,112
0,4,5,0,116,5,112
0,5,9,0,115,9,112
0,6,9,0,114,9,112
0,7,9,0,113,9,112
1,1,13,0,112,13,112
1,2,13,0,111,13,112
1,3,13,0,110,13,112
1,4,13,0,109,13,112
1,5,13,0,108,13,112
1,6,14,0,107,14,112
2,1,14,0,106,14,112
2,2,15,0,105,15,112
2,3,15,0,104,15,112
2,4,16,0,103,16,112
2,5,16,0,102,16,112
2,6,16,0,101,16,112
3,1,16,0,100,16,112
3,2,16,0,99,16,112
3,3,16,0,98,16,112
3,4,16,0,97,16,112
3,5,17,0,96,17,112
3,6,17,0,95,17,112
4,1,18,0,94,18,112
4,2,18,0,93,18,112
4,3,18,0,92,18,112
4,4,18,0,91,18,112
4,5,19,0,90,19,112
4,6,20,0,89,20,112
5,1,20,0,88,19,112
5,2,20,0,87,15,112
5,3,21,0,86,16,112
5,4,25,0,85,16,112
5,5,26,0,84,17,112
5,6,27,0,83,18,112
6,1,28,0,82,15,112
6,2,28,0,81,15,112
6,3,28,0,80,15,112
6,4,29,0,79,16,112
6,5,30,0,78,17,112
6,6,31,0,77,17,112
7,1,31,0,76,17,112
7,2,33,0,75,18,112
7,3,34,0,74,19,112
7,4,35,0,73,19,112
7,5,36,0,72,20,112
7,6,36,0,71,20,112
8,1,36,0,70,20,112
8,2,38,0,69,22,112
8,3,38,0,68,22,112
8,4,38,0,67,22,112
8,5,38,0,66,21,112
8,6,38,0,65,21,112
9,1,39,0,64,21,112
9,2,41,0,63,23,112
9,3,41,0,62,23,112
9,4,43,0,61,25,112
9,5,44,0,60,25,112
9,6,45,0,59,25,112
10,1,47,0,58,27,112
10,2,48,0,57,28,112
10,3,49,0,56,28,112
10,4,50,0,55,25,112
10,5,54,0,54,28,112
10,6,58,0,53,31,112
11,1,60,0,52,32,112
11,2,61,0,51,33,112
11,3,61,0,50,33,112
11,4,61,0,49,32,112
11,5,62,0,48,32,112
11,6,63,0,47,32,112
12,1,64,0,46,33,112
12,2,65,0,45,32,112
12,3,65,0,44,31,112
12,4,66,0,43,31,112
12,5,67,0,42,31,112
12,6,68,0,41,32,112
12,7,69,0,40,33,112
13,1,70,0,39,32,112
13,2,71,0,38,33,112
13,3,73,0,37,35,112
13,4,74,0,36,36,112
13,5,75,0,35,37,112
13,6,76,0,34,37,112
14,1,78,0,33,37,112
14,2,79,0,32,38,112
14,3,80,0,31,37,112
14,4,81,0,30,37,112
14,5,82,0,29,37,112
14,6,83,0,28,36,112
15,1,84,0,27,36,112
15,2,85,0,26,36,112
15,3,85,0,25,35,112
15,4,86,0,24,32,112
15,5,87,0,23,29,112
15,6,88,0,22,28,112
16,1,89,0,21,28,112
16,2,90,0,20,29,112
16,3,90,0,19,29,112
16,4,90,0,18,28,112
16,5,94,0,17,31,112
16,6,96,0,16,32,112
17,1,96,0,15,31,112
17,2,100,0,14,35,112
17,3,100,0,13,34,112
17,4,101,0,12,34,112
17,5,102,0,11,34,112
17,6,102,0,10,33,112
18,1,102,0,9,32,112
18,2,102,0,8,31,112
18,3,102,0,7,29,112
18,4,103,0,6,29,112
18,5,104,0,5,29,112
18,6,106,0,4,30,112
19,1,106,0,3,28,112
19,2,106,0,2,27,112
19,3,107,0,1,27,112
19,4,108,0,0,27,112
19,5,108,0,-1,26,112
19,6,112,0,-2,29,112
19,7,112,0,-3,28,112
0,1,1,0,119,1,143
0,2,5,0,118,5,143
0,3,5,0,117,5,143
0,4,5,0,116,5,143
0,5,6,0,115,6,143
0,6,6,0,114,6,143
0,7,6,0,113,6,143
0,8,7,0,112,7,143
1,1,8,0,111,8,143
1,2,9,0,110,9,143
1,3,9,0,109,9,143
1,4,10,0,108,10,143
1,5,10,0,107,10,143
1,6,11,0,106,11,143
1,7,11,0,105,11,143
2,1,11,0,104,11,143
2,2,13,0,103,13,143
2,3,13,0,102,13,143
2,4,14,0,101,14,143
2,5,14,0,100,14,143
2,6,14,0,99,14,143
2,7,14,0,98,14,143
3,1,15,0,97,15,143
3,2,19,0,96,19,143
3,3,19,0,95,19,143
3,4,19,0,94,19,143
3,5,20,0,93,20,143
3,6,20,0,92,20,143
3,7,20,0,91,20,143
3,8,21,0,90,21,143
4,1,22,0,89,21,143
4,2,23,0,88,18,143
4,3,24,0,87,19,143
4,4,24,0,86,19,143
4,5,24,0,85,18,143
4,6,25,0,84,19,143
4,7,25,0,83,19,143
5,1,25,0,82,18,143
5,2,25,0,81,17,143
5,3,29,0,80,20,143
5,4,29,0,79,20,143
5,5,30,0,78,20,143
5,6,32,0,77,22,143
6,1,32,0,76,21,143
6,2,32,0,75,21,143
6,3,33,0,74,22,143
6,4,33,0,73,20,143
6,5,33,0,72,20,143
6,6,33,0,71,19,143
7,1,33,0,70,19,143
7,2,37,0,69,23,143
7,3,37,0,68,23,143
7,4,38,0,67,23,143
7,5,39,0,66,20,143
7,6,45,0,65,26,143
7,7,46,0,64,27,143
8,1,47,0,63,27,143
8,2,48,0,62,28,143
8,3,49,0,61,29,143
8,4,49,0,60,28,143
8,5,49,0,59,27,143
8,6,49,0,58,26,143
9,1,50,0,57,26,143
9,2,50,0,56,26,143
9,3,51,0,55,27,143
9,4,53,0,54,28,143
9,5,53,0,53,28,143
9,6,53,0,52,28,143
10,1,55,0,51,30,143
10,2,57,0,50,28,143
10,3,57,0,49,28,143
10,4,57,0,48,27,143
10,5,57,0,47,25,143
10,6,60,0,46,28,143
11,1,61,0,45,29,143
11,2,62,0,44,29,143
11,3,64,0,43,31,143
11,4,64,0,42,31,143
11,5,68,0,41,35,143
11,6,69,0,40,36,143
11,7,70,0,39,33,143
12,1,71,0,38,34,143
12,2,72,0,37,34,143
12,3,73,0,36,34,143
12,4,73,0,35,28,143
12,5,73,0,34,27,143
12,6,75,0,33,28,143
13,1,75,0,32,27,143
13,2,75,0,31,26,143
13,3,77,0,30,28,143
13,4,78,0,29,29,143
13,5,80,0,28,31,143
13,6,83,0,27,33,143
14,1,84,0,26,34,143
14,2,84,0,25,33,143
14,3,85,0,24,32,143
14,4,86,0,23,33,143
14,5,90,0,22,37,143
14,6,92,0,21,37,143
15,1,92,0,20,35,143
15,2,93,0,19,36,143
15,3,95,0,18,38,143
15,4,95,0,17,38,143
15,5,95,0,16,35,143
15,6,95,0,15,34,143
16,1,96,0,14,34,143
16,2,98,0,13,34,143
16,3,101,0,12,37,143
16,4,103,0,11,35,143
16,5,109,0,10,40,143
16,6,110,0,9,40,143
16,7,112,0,8,41,143
17,1,113,0,7,41,143
17,2,116,0,6,43,143
17,3,118,0,5,45,143
17,4,120,0,4,47,143
17,5,123,0,3,48,143
17,6,124,0,2,49,143
18,1,125,0,1,50,143
18,2,129,0,0,52,143
18,3,130,0,-1,52,143
18,4,131,0,-2,51,143
18,5,137,0,-3,54,143
18,6,139,0,-4,55,143
19,1,140,0,-5,56,143
19,2,140,0,-6,55,143
19,3,142,0,-7,56,143
19,4,143,0,-8,53,143
19,5,143,0,-9,51,143
0,1,0,0,119,0,65
0,2,0,0,118,0,65
0,3,0,0,117,0,65
0,4,0,0,116,0,65
0,5,1,0,115,1,65
0,6,1,0,114,1,65
1,1,1,0,113,1,65
1,2,1,0,112,1,65
1,3,1,0,111,1,65
1,4,1,0,110,1,65
1,5,1,0,109,1,65
1,6,2,0,108,2,65
2,1,2,0,107,2,65
2,2,3,0,106,3,65
2,3,4,0,105,4,65
2,4,6,0,104,6,65
2,5,6,0,103,6,65
2,6,6,0,102,6,65
2,7,6,0,101,6,65
2,8,8,0,100,8,65
3,1,8,0,99,8,65
3,2,10,0,98,10,65
3,3,10,0,97,10,65
3,4,12,0,96,12,65
3,5,12,0,95,12,65
3,6,16,0,94,16,65
4,1,16,0,93,16,65
4,2,16,0,92,16,65
4,3,16,0,91,16,65
4,4,16,0,90,16,65
4,5,17,0,89,17,65
4,6,18,0,88,18,65
5,1,18,0,87,18,65
5,2,22,0,86,22,65
5,3,23,0,85,22,65
5,4,23,0,84,22,65
5,5,23,0,83,22,65
5,6,23,0,82,22,65
6,1,24,0,81,23,65
6,2,25,0,80,24,65
6,3,26,0,79,25,65
6,4,27,0,78,25,65
6,5,27,0,77,25,65
6,6,27,0,76,24,65
6,7,27,0,75,23,65
7,1,27,0,74,21,65
7,2,27,0,73,21,65
7,3,28,0,72,22,65
7,4,28,0,71,22,65
7,5,29,0,70,21,65
7,6,30,0,69,22,65
8,1,30,0,68,20,65
8,2,30,0,67,20,65
8,3,30,0,66,18,65
8,4,32,0,65,20,65
8,5,33,0,64,17,65
8,6,33,0,63,17,65
9,1,33,0,62,17,65
9,2,34,0,61,18,65
9,3,35,0,60,19,65
9,4,36,0,59,19,65
9,5,36,0,58,18,65
9,6,36,0,57,18,65
10,1,38,0,56,16,65
10,2,38,0,55,15,65
10,3,39,0,54,16,65
10,4,39,0,53,16,65
10,5,39,0,52,16,65
10,6,39,0,51,15,65
11,1,39,0,50,14,65
11,2,39,0,49,13,65
11,3,39,0,48,12,65
11,4,40,0,47,13,65
11,5,41,0,46,14,65
11,6,41,0,45,14,65
12,1,41,0,44,14,65
12,2,41,0,43,14,65
12,3,41,0,42,13,65
12,4,41,0,41,13,65
12,5,42,0,40,13,65
12,6,42,0,39,12,65
13,1,42,0,38,12,65
13,2,42,0,37,12,65
13,3,42,0,36,12,65
13,4,43,0,35,11,65
13,5,43,0,34,10,65
13,6,45,0,33,12,65
14,1,45,0,32,12,65
14,2,46,0,31,12,65
14,3,46,0,30,11,65
14,4,47,0,29,11,65
14,5,48,0,28,12,65
14,6,49,0,27,13,65
15,1,50,0,26,12,65
15,2,51,0,25,13,65
15,3,53,0,24,14,65
15,4,55,0,23,16,65
15,5,55,0,22,16,65
15,6,55,0,21,16,65
16,1,56,0,20,17,65
16,2,56,0,19,17,65
16,3,56,0,18,17,65
16,4,56,0,17,16,65
16,5,58,0,16,17,65
16,6,58,0,15,17,65
17,1,58,0,14,17,65
17,2,58,0,13,17,65
17,3,59,0,12,18,65
17,4,59,0,11,18,65
17,5,60,0,10,18,65
17,6,61,0,9,19,65
18,1,62,0,8,20,65
18,2,62,0,7,20,65
18,3,62,0,6,20,65
18,4,63,0,5,20,65
18,5,64,0,4,21,65
18,6,64,0,3,19,65
19,1,64,0,2,19,65
19,2,64,0,1,18,65
19,3,64,0,0,18,65
19,4,64,0,-1,17,65
19,5,64,0,-2,16,65
19,6,65,0,-3,16,65
0,1,1,0,119,1,42
0,2,1,0,118,1,42
0,3,1,0,117,1,42
0,4,1,0,116,1,42
0,5,1,0,115,1,42
0,6,1,0,114,1,42
1,1,1,0,113,1,42
1,2,1,0,112,1,42
1,3,2,0,111,2,42
1,4,4,0,110,4,42
1,5,4,0,109,4,42
1,6,4,0,108,4,42
1,7,4,0,107,4,42
2,1,4,0,106,4,42
2,2,5,0,105,5,42
2,3,5,0,104,5,42
2,4,5,0,103,5,42
2,5,5,0,102,5,42
2,6,5,0,101,5,42
2,7,5,0,100,5,42
3,1,5,0,99,5,42
3,2,5,0,98,5,42
3,3,5,0,97,5,42
3,4,6,0,96,6,42
3,5,6,0,95,6,42
3,6,7,0,94,7,42
3,7,7,0,93,7,42
4,1,7,0,92,7,42
4,2,7,0,91,7,42
4,3,7,0,90,7,42
4,4,8,0,89,7,42
4,5,8,0,88,7,42
4,6,8,0,87,7,42
4,7,8,0,86,7,42
5,1,8,0,85,7,42
5,2,8,0,84,7,42
5,3,8,0,83,7,42
5,4,8,0,82,7,42
5,5,9,0,81,7,42
5,6,9,0,80,5,42
5,7,9,0,79,5,42
6,1,11,0,78,7,42
6,2,12,0,77,8,42
6,3,13,0,76,9,42
6,4,14,0,75,9,42
6,5,16,0,74,11,42
6,6,16,0,73,11,42
7,1,16,0,72,11,42
7,2,16,0,71,11,42
7,3,16,0,70,11,42
7,4,18,0,69,13,42
7,5,20,0,68,15,42
7,6,20,0,67,15,42
8,1,21,0,66,15,42
8,2,21,0,65,15,42
8,3,21,0,64,14,42
8,4,21,0,63,14,42
8,5,21,0,62,14,42
8,6,21,0,61,14,42
9,1,21,0,60,14,42
9,2,21,0,59,13,42
9,3,25,0,58,17,42
9,4,25,0,57,17,42
9,5,25,0,56,17,42
9,6,25,0,55,17,42
10,1,25,0,54,17,42
10,2,25,0,53,17,42
10,3,25,0,52,17,42
10,4,25,0,51,16,42
10,5,25,0,50,16,42
10,6,27,0,49,18,42
11,1,27,0,48,16,42
11,2,27,0,47,15,42
11,3,31,0,46,18,42
11,4,31,0,45,17,42
11,5,31,0,44,15,42
11,6,31,0,43,15,42
12,1,33,0,42,17,42
12,2,33,0,41,17,42
12,3,34,0,40,18,42
12,4,34,0,39,16,42
12,5,36,0,38,16,42
12,6,37,0,37,17,42
13,1,37,0,36,16,42
13,2,38,0,35,17,42
13,3,39,0,34,18,42
13,4,40,0,33,19,42
13,5,40,0,32,19,42
13,6,41,0,31,20,42
13,7,41,0,30,20,42
14,1,42,0,29,21,42
14,2,42,0,28,17,42
14,3,42,0,27,17,42
0,1,0,0,119,0,42
0,2,0,0,118,0,42
0,3,0,0,117,0,42
0,4,1,0,116,1,42
0,5,2,0,115,2,42
0,6,2,0,114,2,42
0,7,2,0,113,2,42
1,1,2,0,112,2,42
1,2,2,0,111,2,42
1,3,3,0,110,3,42
1,4,3,0,109,3,42
1,5,3,0,108,3,42
1,6,3,0,107,3,42
2,1,3,0,106,3,42
2,2,3,0,105,3,42
2,3,3,0,104,3,42
2,4,4,0,103,4,42
2,5,4,0,102,4,42
2,6,4,0,101,4,42
3,1,4,0,100,4,42
3,2,6,0,99,6,42
3,3,6,0,98,6,42
3,4,6,0,97,6,42
3,5,6,0,96,6,42
3,6,6,0,95,6,42
4,1,7,0,94,7,42
4,2,7,0,93,7,42
4,3,7,0,92,7,42
4,4,7,0,91,7,42
4,5,8,0,90,8,42
4,6,8,0,89,8,42
4,7,9,0,88,9,42
4,8,9,0,87,9,42
5,1,10,0,86,9,42
5,2,11,0,85,9,42
5,3,12,0,84,10,42
5,4,16,0,83,14,42
5,5,17,0,82,15,42
5,6,17,0,81,15,42
5,7,17,0,80,14,42
5,8,17,0,79,14,42
6,1,17,0,78,14,42
6,2,17,0,77,14,42
6,3,18,0,76,15,42
6,4,18,0,75,15,42
6,5,18,0,74,15,42
6,6,18,0,73,14,42
7,1,18,0,72,14,42
7,2,18,0,71,14,42
7,3,18,0,70,14,42
7,4,18,0,69,12,42
7,5,18,0,68,12,42
7,6,18,0,67,12,42
8,1,18,0,66,12,42
8,2,18,0,65,12,42
8,3,19,0,64,12,42
8,4,20,0,63,13,42
8,5,20,0,62,13,42
8,6,20,0,61,13,42
9,1,20,0,60,12,42
9,2,21,0,59,13,42
9,3,21,0,58,12,42
9,4,23,0,57,14,42
9,5,27,0,56,17,42
9,6,27,0,55,16,42
10,1,28,0,54,16,42
10,2,28,0,53,12,42
10,3,28,0,52,11,42
10,4,28,0,51,11,42
10,5,28,0,50,11,42
10,6,28,0,49,11,42
11,1,28,0,48,11,42
11,2,28,0,47,11,42
11,3,28,0,46,10,42
11,4,28,0,45,10,42
11,5,28,0,44,10,42
11,6,28,0,43,10,42
12,1,28,0,42,10,42
12,2,29,0,41,11,42
12,3,30,0,40,12,42
12,4,31,0,39,13,42
12,5,31,0,38,13,42
12,6,31,0,37,13,42
12,7,32,0,36,14,42
13,1,32,0,35,14,42
13,2,32,0,34,13,42
13,3,35,0,33,15,42
13,4,35,0,32,15,42
13,5,36,0,31,16,42
13,6,36,0,30,16,42
14,1,36,0,29,15,42
14,2,36,0,28,15,42
14,3,36,0,27,13,42
14,4,36,0,26,9,42
14,5,37,0,25,10,42
14,6,37,0,24,9,42
15,1,38,0,23,10,42
15,2,38,0,22,10,42
15,3,38,0,21,10,42
15,4,38,0,20,10,42
15,5,39,0,19,11,42
15,6,40,0,18,12,42
16,1,40,0,17,12,42
16,2,40,0,16,12,42
16,3,40,0,15,12,42
16,4,40,0,14,12,42
16,5,40,0,13,12,42
16,6,40,0,12,12,42
17,1,40,0,11,11,42
17,2,40,0,10,10,42
17,3,41,0,9,10,42
17,4,41,0,8,10,42
17,5,41,0,7,10,42
17,6,41,0,6,9,42
18,1,41,0,5,9,42
18,2,41,0,4,9,42
18,3,41,0,3,6,42
18,4,42,0,2,7,42
18,5,42,0,1,6,42
0,1,0,0,119,0,249
0,2,1,0,118,1,249
0,3,1,0,117,1,249
0,4,2,0,116,2,249
0,5,2,0,115,2,249
0,6,3,0,114,3,249
1,1,4,0,113,4,249
1,2,8,0,112,8,249
1,3,11,0,111,11,249
1,4,15,0,110,15,249
1,5,16,0,109,16,249
1,6,23,0,108,23,249
1,7,29,0,107,29,249
1,8,30,0,106,30,249
2,1,30,0,105,30,249
2,2,31,0,104,31,249
2,3,31,0,103,31,249
2,4,31,0,102,31,249
2,5,31,0,101,31,249
2,6,32,0,100,32,249
3,1,33,0,99,33,249
3,2,34,0,98,34,249
3,3,35,0,97,35,249
3,4,35,0,96,35,249
3,5,36,0,95,36,249
3,6,37,0,94,37,249
4,1,38,0,93,38,249
4,2,44,0,92,44,249
4,3,45,0,91,45,249
4,4,45,0,90,45,249
4,5,49,0,89,49,249
4,6,49,0,88,48,249
5,1,50,0,87,49,249
5,2,51,0,86,49,249
5,3,52,0,85,50,249
5,4,52,0,84,49,249
5,5,54,0,83,50,249
5,6,58,0,82,50,249
6,1,59,0,81,48,249
6,2,65,0,80,50,249
6,3,65,0,79,49,249
6,4,67,0,78,44,249
6,5,67,0,77,38,249
6,6,69,0,76,39,249
7,1,69,0,75,39,249
7,2,73,0,74,42,249
7,3,74,0,73,43,249
7,4,74,0,72,43,249
7,5,74,0,71,43,249
7,6,78,0,70,46,249
8,1,80,0,69,47,249
8,2,81,0,68,47,249
8,3,81,0,67,46,249
8,4,83,0,66,48,249
8,5,85,0,65,49,249
8,6,85,0,64,48,249
9,1,86,0,63,48,249
9,2,87,0,62,43,249
9,3,88,0,61,43,249
9,4,88,0,60,43,249
9,5,89,0,59,40,249
9,6,89,0,58,40,249
10,1,95,0,57,45,249
10,2,101,0,56,50,249
10,3,102,0,55,50,249
10,4,103,0,54,51,249
10,5,103,0,53,49,249
10,6,104,0,52,46,249
11,1,104,0,51,45,249
11,2,105,0,50,40,249
11,3,111,0,49,46,249
11,4,113,0,48,46,249
11,5,114,0,47,47,249
11,6,115,0,46,46,249
12,1,116,0,45,47,249
12,2,122,0,44,49,249
12,3,128,0,43,54,249
12,4,132,0,42,58,249
12,5,138,0,41,64,249
12,6,139,0,40,61,249
12,7,140,0,39,60,249
13,1,140,0,38,59,249
13,2,140,0,37,59,249
13,3,141,0,36,58,249
13,4,145,0,35,60,249
13,5,146,0,34,61,249
13,6,150,0,33,64,249
13,7,151,0,32,64,249
14,1,152,0,31,64,249
14,2,153,0,30,65,249
14,3,159,0,29,70,249
14,4,160,0,28,71,249
14,5,166,0,27,71,249
14,6,172,0,26,71,249
15,1,173,0,25,71,249
15,2,174,0,24,71,249
15,3,174,0,23,71,249
15,4,178,0,22,74,249
15,5,179,0,21,75,249
15,6,180,0,20,75,249
16,1,186,0,19,75,249
16,2,190,0,18,77,249
16,3,191,0,17,77,249
16,4,197,0,16,82,249
16,5,197,0,15,81,249
16,6,203,0,14,81,249
17,1,203,0,13,75,249
17,2,204,0,12,72,249
17,3,205,0,11,67,249
17,4,209,0,10,70,249
17,5,214,0,9,74,249
17,6,214,0,8,74,249
17,7,220,0,7,80,249
18,1,224,0,6,83,249
18,2,225,0,5,80,249
18,3,225,0,4,79,249
18,4,229,0,3,79,249
18,5,230,0,2,79,249
18,6,232,0,1,80,249
19,1,234,0,0,81,249
19,2,236,0,-1,77,249
19,3,240,0,-2,80,249
19,4,241,0,-3,75,249
19,5,246,0,-4,74,249
19,6,247,0,-5,74,249
19,7,249,0,-6,75,249
0,1,0,0,119,0,32
0,2,0,0,118,0,32
0,3,0,0,117,0,32
0,4,1,0,116,1,32
0,5,1,0,115,1,32
0,6,2,0,114,2,32
0,7,2,0,113,2,32
1,1,2,0,112,2,32
1,2,2,0,111,2,32
1,3,3,0,110,3,32
1,4,3,0,109,3,32
1,5,3,0,108,3,32
1,6,3,0,107,3,32
2,1,3,0,106,3,32
2,2,3,0,105,3,32
2,3,3,0,104,3,32
2,4,5,0,103,5,32
2,5,5,0,102,5,32
2,6,5,0,101,5,32
3,1,6,0,100,6,32
3,2,6,0,99,6,32
3,3,6,0,98,6,32
3,4,6,0,97,6,32
3,5,7,0,96,7,32
3,6,7,0,95,7,32
4,1,7,0,94,7,32
4,2,7,0,93,7,32
4,3,7,0,92,7,32
4,4,7,0,91,7,32
4,5,7,0,90,7,32
4,6,8,0,89,8,32
5,1,12,0,88,12,32
5,2,14,0,87,14,32
5,3,14,0,86,13,32
5,4,14,0,85,13,32
5,5,14,0,84,12,32
5,6,14,0,83,12,32
6,1,14,0,82,12,32
6,2,15,0,81,13,32
6,3,15,0,80,12,32
6,4,15,0,79,12,32
6,5,15,0,78,12,32
6,6,15,0,77,12,32
6,7,15,0,76,12,32
7,1,15,0,75,12,32
7,2,15,0,74,12,32
7,3,15,0,73,10,32
7,4,15,0,72,10,32
7,5,15,0,71,10,32
7,6,15,0,70,9,32
8,1,15,0,69,9,32
8,2,19,0,68,13,32
8,3,19,0,67,13,32
8,4,19,0,66,12,32
8,5,19,0,65,12,32
8,6,20,0,64,13,32
8,7,20,0,63,13,32
9,1,20,0,62,13,32
9,2,26,0,61,19,32
9,3,30,0,60,23,32
9,4,30,0,59,22,32
9,5,32,0,58,20,32
9,6,32,0,57,18,32
10,1,32,0,56,18,32
10,2,32,0,55,18,32
0,1,0,0,119,0,94
0,2,2,0,118,2,94
0,3,2,0,117,2,94
0,4,2,0,116,2,94
0,5,2,0,115,2,94
0,6,2,0,114,2,94
1,1,3,0,113,3,94
1,2,4,0,112,4,94
1,3,4,0,111,4,94
1,4,5,0,110,5,94
1,5,6,0,109,6,94
1,6,6,0,108,6,94
1,7,7,0,107,7,94
1,8,7,0,106,7,94
2,1,7,0,105,7,94
2,2,8,0,104,8,94
2,3,9,0,103,9,94
2,4,9,0,102,9,94
2,5,13,0,101,13,94
2,6,13,0,100,13,94
3,1,13,0,99,13,94
3,2,13,0,98,13,94
3,3,14,0,97,14,94
3,4,15,0,96,15,94
3,5,15,0,95,15,94
3,6,15,0,94,15,94
3,7,16,0,93,16,94
3,8,16,0,92,16,94
3,9,16,0,91,16,94
4,1,16,0,90,16,94
4,2,17,0,89,17,94
4,3,17,0,88,15,94
4,4,17,0,87,15,94
4,5,17,0,86,15,94
4,6,17,0,85,15,94
5,1,19,0,84,17,94
5,2,19,0,83,16,94
5,3,20,0,82,16,94
5,4,20,0,81,16,94
5,5,24,0,80,19,94
5,6,25,0,79,19,94
6,1,25,0,78,19,94
6,2,25,0,77,18,94
6,3,25,0,76,18,94
6,4,25,0,75,18,94
6,5,27,0,74,19,94
6,6,27,0,73,18,94
7,1,27,0,72,18,94
7,2,27,0,71,14,94
7,3,27,0,70,14,94
7,4,27,0,69,14,94
7,5,27,0,68,14,94
7,6,27,0,67,13,94
8,1,28,0,66,13,94
8,2,32,0,65,17,94
8,3,36,0,64,21,94
8,4,36,0,63,20,94
8,5,37,0,62,21,94
8,6,41,0,61,25,94
9,1,41,0,60,25,94
9,2,41,0,59,24,94
9,3,41,0,58,24,94
9,4,41,0,57,24,94
9,5,41,0,56,24,94
9,6,43,0,55,26,94
10,1,43,0,54,24,94
10,2,44,0,53,25,94
10,3,48,0,52,28,94
10,4,49,0,51,29,94
10,5,49,0,50,25,94
10,6,49,0,49,24,94
11,1,49,0,48,24,94
11,2,49,0,47,24,94
11,3,49,0,46,24,94
11,4,49,0,45,24,94
11,5,49,0,44,22,94
11,6,49,0,43,22,94
12,1,50,0,42,23,94
12,2,50,0,41,23,94
12,3,50,0,40,23,94
12,4,53,0,39,26,94
12,5,57,0,38,30,94
12,6,59,0,37,32,94
13,1,59,0,36,31,94
13,2,59,0,35,27,94
13,3,59,0,34,23,94
13,4,59,0,33,23,94
13,5,59,0,32,22,94
13,6,59,0,31,18,94
14,1,59,0,30,18,94
14,2,59,0,29,18,94
14,3,65,0,28,24,94
14,4,66,0,27,25,94
14,5,67,0,26,26,94
14,6,67,0,25,24,94
15,1,67,0,24,24,94
15,2,68,0,23,24,94
15,3,69,0,22,21,94
15,4,72,0,21,23,94
15,5,72,0,20,23,94
15,6,73,0,19,24,94
15,7,73,0,18,24,94
15,8,73,0,17,24,94
16,1,77,0,16,28,94
16,2,77,0,15,28,94
16,3,77,0,14,28,94
16,4,78,0,13,29,94
16,5,78,0,12,28,94
16,6,84,0,11,34,94
17,1,84,0,10,34,94
17,2,85,0,9,32,94
17,3,85,0,8,28,94
17,4,85,0,7,26,94
17,5,85,0,6,26,94
17,6,85,0,5,26,94
18,1,85,0,4,26,94
18,2,85,0,3,26,94
18,3,85,0,2,26,94
18,4,85,0,1,26,94
18,5,85,0,0,26,94
18,6,86,0,-1,27,94
19,1,86,0,-2,21,94
19,2,90,0,-3,24,94
19,3,92,0,-4,25,94
19,4,93,0,-5,26,94
19,5,94,0,-6,27,94
19,6,94,0,-7,26,94
0,1,0,0,119,0,128
0,2,0,0,118,0,128
0,3,1,0,117,1,128
0,4,1,0,116,1,128
0,5,1,0,115,1,128
0,6,2,0,114,2,128
0,7,2,0,113,2,128
1,1,4,0,112,4,128
1,2,6,0,111,6,128
1,3,6,0,110,6,128
1,4,6,0,109,6,128
1,5,7,0,108,7,128
1,6,7,0,107,7,128
2,1,7,0,106,7,128
2,2,7,0,105,7,128
2,3,8,0,104,8,128
2,4,8,0,103,8,128
2,5,8,0,102,8,128
2,6,8,0,101,8,128
3,1,8,0,100,8,128
3,2,8,0,99,8,128
3,3,8,0,98,8,128
3,4,9,0,97,9,128
3,5,9,0,96,9,128
3,6,9,0,95,9,128
4,1,9,0,94,9,128
4,2,9,0,93,9,128
4,3,9,0,92,9,128
4,4,10,0,91,10,128
4,5,11,0,90,11,128
4,6,13,0,89,13,128
5,1,13,0,88,13,128
5,2,13,0,87,12,128
5,3,14,0,86,13,128
5,4,14,0,85,13,128
5,5,14,0,84,12,128
5,6,14,0,83,12,128
6,1,14,0,82,10,128
6,2,14,0,81,8,128
6,3,17,0,80,11,128
6,4,17,0,79,11,128
6,5,17,0,78,10,128
6,6,17,0,77,10,128
7,1,18,0,76,11,128
7,2,19,0,75,12,128
7,3,20,0,74,12,128
7,4,22,0,73,14,128
7,5,24,0,72,16,128
7,6,28,0,71,20,128
7,7,29,0,70,21,128
8,1,29,0,69,21,128
8,2,29,0,68,21,128
8,3,35,0,67,26,128
8,4,37,0,66,28,128
8,5,37,0,65,28,128
8,6,41,0,64,32,128
9,1,42,0,63,33,128
9,2,42,0,62,33,128
9,3,43,0,61,33,128
9,4,43,0,60,32,128
9,5,43,0,59,30,128
9,6,43,0,58,30,128
10,1,43,0,57,30,128
10,2,43,0,56,29,128
10,3,43,0,55,29,128
10,4,43,0,54,29,128
10,5,44,0,53,30,128
10,6,44,0,52,30,128
11,1,44,0,51,30,128
11,2,44,0,50,27,128
11,3,44,0,49,27,128
11,4,48,0,48,31,128
11,5,49,0,47,32,128
11,6,50,0,46,32,128
12,1,50,0,45,31,128
12,2,50,0,44,30,128
12,3,51,0,43,29,128
12,4,55,0,42,31,128
12,5,55,0,41,27,128
12,6,55,0,40,26,128
13,1,55,0,39,26,128
13,2,56,0,38,27,128
13,3,56,0,37,21,128
13,4,56,0,36,19,128
13,5,57,0,35,20,128
13,6,57,0,34,16,128
13,7,61,0,33,19,128
14,1,61,0,32,19,128
14,2,62,0,31,19,128
14,3,62,0,30,19,128
14,4,66,0,29,23,128
14,5,67,0,28,24,128
14,6,71,0,27,28,128
15,1,72,0,26,29,128
15,2,72,0,25,29,128
15,3,76,0,24,33,128
15,4,76,0,23,32,128
15,5,77,0,22,33,128
15,6,78,0,21,34,128
15,7,80,0,20,36,128
16,1,84,0,19,40,128
16,2,84,0,18,36,128
16,3,88,0,17,39,128
16,4,89,0,16,39,128
16,5,89,0,15,39,128
16,6,89,0,14,39,128
17,1,90,0,13,39,128
17,2,91,0,12,36,128
17,3,91,0,11,36,128
17,4,93,0,10,38,128
17,5,97,0,9,42,128
17,6,101,0,8,45,128
18,1,102,0,7,46,128
18,2,102,0,6,46,128
18,3,102,0,5,45,128
18,4,102,0,4,45,128
18,5,106,0,3,45,128
18,6,107,0,2,46,128
18,7,108,0,1,46,128
19,1,110,0,0,48,128
19,2,114,0,-1,48,128
19,3,120,0,-2,53,128
19,4,124,0,-3,53,128
19,5,128,0,-4,56,128
19,6,128,0,-5,56,128
0,1,0,0,119,0,173
0,2,4,0,118,4,173
0,3,5,0,117,5,173
0,4,6,0,116,6,173
0,5,6,0,115,6,173
0,6,6,0,114,6,173
1,1,6,0,113,6,173
1,2,7,0,112,7,173
1,3,7,0,111,7,173
1,4,7,0,110,7,173
1,5,7,0,109,7,173
1,6,8,0,108,8,173
2,1,8,0,107,8,173
2,2,8,0,106,8,173
2,3,8,0,105,8,173
2,4,8,0,104,8,173
2,5,12,0,103,12,173
2,6,16,0,102,16,173
3,1,16,0,101,16,173
3,2,22,0,100,22,173
3,3,28,0,99,28,173
3,4,29,0,98,29,173
3,5,33,0,97,33,173
3,6,34,0,96,34,173
4,1,34,0,95,34,173
4,2,34,0,94,34,173
4,3,34,0,93,34,173
4,4,36,0,92,36,173
4,5,36,0,91,36,173
4,6,36,0,90,36,173
5,1,36,0,89,36,173
5,2,37,0,88,33,173
5,3,37,0,87,32,173
5,4,37,0,86,31,173
5,5,38,0,85,32,173
5,6,39,0,84,33,173
6,1,40,0,83,34,173
6,2,40,0,82,33,173
6,3,44,0,81,37,173
6,4,48,0,80,41,173
6,5,49,0,79,42,173
6,6,51,0,78,43,173
7,1,51,0,77,43,173
7,2,53,0,76,45,173
7,3,53,0,75,45,173
7,4,54,0,74,46,173
7,5,54,0,73,42,173
7,6,56,0,72,40,173
8,1,57,0,71,41,173
8,2,61,0,70,39,173
8,3,62,0,69,34,173
8,4,66,0,68,37,173
8,5,66,0,67,33,173
8,6,67,0,66,33,173
9,1,67,0,65,33,173
9,2,67,0,64,33,173
9,3,73,0,63,39,173
9,4,73,0,62,37,173
9,5,73,0,61,37,173
9,6,79,0,60,43,173
10,1,81,0,59,45,173
10,2,82,0,58,45,173
10,3,83,0,57,46,173
10,4,83,0,56,46,173
10,5,83,0,55,45,173
10,6,84,0,54,45,173
11,1,84,0,53,44,173
11,2,84,0,52,44,173
11,3,84,0,51,40,173
11,4,84,0,50,36,173
11,5,84,0,49,35,173
11,6,84,0,48,33,173
12,1,84,0,47,33,173
12,2,84,0,46,31,173
12,3,86,0,45,33,173
12,4,87,0,44,33,173
12,5,93,0,43,39,173
12,6,94,0,42,38,173
13,1,98,0,41,41,173
13,2,98,0,40,37,173
13,3,98,0,39,36,173
13,4,98,0,38,32,173
13,5,99,0,37,33,173
13,6,100,0,36,33,173
14,1,100,0,35,33,173
14,2,100,0,34,33,173
14,3,100,0,33,27,173
14,4,100,0,32,27,173
14,5,105,0,31,32,173
14,6,106,0,30,27,173
14,7,107,0,29,26,173
14,8,108,0,28,26,173
14,9,110,0,27,27,173
15,1,110,0,26,27,173
15,2,111,0,25,28,173
15,3,117,0,24,33,173
15,4,119,0,23,35,173
15,5,125,0,22,41,173
15,6,126,0,21,42,173
16,1,132,0,20,48,173
16,2,132,0,19,48,173
16,3,132,0,18,48,173
16,4,138,0,17,54,173
16,5,142,0,16,58,173
16,6,143,0,15,57,173
17,1,144,0,14,57,173
17,2,144,0,13,51,173
17,3,144,0,12,50,173
17,4,144,0,11,46,173
17,5,146,0,10,48,173
17,6,147,0,9,49,173
18,1,148,0,8,50,173
18,2,150,0,7,51,173
18,3,152,0,6,52,173
18,4,153,0,5,53,173
18,5,154,0,4,54,173
18,6,154,0,3,54,173
18,7,158,0,2,58,173
19,1,159,0,1,54,173
19,2,160,0,0,54,173
19,3,161,0,-1,54,173
19,4,161,0,-2,53,173
19,5,163,0,-3,53,173
19,6,167,0,-4,57,173
19,7,173,0,-5,62,173
0,1,0,0,119,0,84
0,2,0,0,118,0,84
0,3,0,0,117,0,84
0,4,0,0,116,0,84
0,5,0,0,115,0,84
0,6,0,0,114,0,84
1,1,2,0,113,2,84
1,2,2,0,112,2,84
1,3,6,0,111,6,84
1,4,6,0,110,6,84
1,5,6,0,109,6,84
1,6,6,0,108,6,84
2,1,6,0,107,6,84
2,2,6,0,106,6,84
2,3,7,0,105,7,84
2,4,8,0,104,8,84
2,5,9,0,103,9,84
2,6,9,0,102,9,84
3,1,9,0,101,9,84
3,2,9,0,100,9,84
3,3,11,0,99,11,84
3,4,11,0,98,11,84
3,5,11,0,97,11,84
3,6,11,0,96,11,84
4,1,11,0,95,11,84
4,2,15,0,94,15,84
4,3,15,0,93,15,84
4,4,15,0,92,15,84
4,5,15,0,91,15,84
4,6,16,0,90,16,84
5,1,16,0,89,16,84
5,2,16,0,88,16,84
5,3,16,0,87,16,84
5,4,16,0,86,16,84
5,5,16,0,85,16,84
5,6,17,0,84,17,84
6,1,17,0,83,15,84
6,2,21,0,82,19,84
6,3,22,0,81,16,84
6,4,23,0,80,17,84
6,5,24,0,79,18,84
6,6,25,0,78,19,84
6,7,25,0,77,19,84
7,1,26,0,76,20,84
7,2,26,0,75,19,84
7,3,26,0,74,18,84
7,4,27,0,73,18,84
7,5,27,0,72,18,84
7,6,29,0,71,20,84
7,7,29,0,70,20,84
8,1,30,0,69,19,84
8,2,30,0,68,19,84
8,3,34,0,67,23,84
8,4,34,0,66,23,84
8,5,34,0,65,23,84
8,6,35,0,64,20,84
9,1,35,0,63,20,84
9,2,35,0,62,20,84
9,3,35,0,61,20,84
9,4,39,0,60,23,84
9,5,39,0,59,23,84
9,6,39,0,58,23,84
10,1,39,0,57,23,84
10,2,39,0,56,23,84
10,3,40,0,55,24,84
10,4,40,0,54,23,84
10,5,40,0,53,23,84
10,6,40,0,52,19,84
11,1,40,0,51,18,84
11,2,41,0,50,18,84
11,3,41,0,49,17,84
11,4,41,0,48,16,84
11,5,41,0,47,16,84
11,6,45,0,46,19,84
12,1,45,0,45,19,84
12,2,49,0,44,23,84
12,3,50,0,43,23,84
12,4,50,0,42,23,84
12,5,51,0,41,22,84
12,6,51,0,40,22,84
13,1,51,0,39,21,84
13,2,51,0,38,21,84
13,3,57,0,37,23,84
13,4,61,0,36,27,84
13,5,61,0,35,27,84
13,6,61,0,34,26,84
14,1,61,0,33,26,84
14,2,61,0,32,26,84
14,3,61,0,31,26,84
14,4,62,0,30,23,84
14,5,63,0,29,24,84
14,6,63,0,28,24,84
15,1,63,0,27,24,84
15,2,67,0,26,28,84
15,3,67,0,25,27,84
15,4,67,0,24,27,84
15,5,67,0,23,27,84
15,6,67,0,22,27,84
16,1,67,0,21,27,84
16,2,67,0,20,26,84
16,3,68,0,19,27,84
16,4,68,0,18,27,84
16,5,72,0,17,31,84
16,6,72,0,16,27,84
17,1,72,0,15,27,84
17,2,72,0,14,23,84
17,3,72,0,13,22,84
17,4,73,0,12,23,84
17,5,73,0,11,22,84
17,6,73,0,10,22,84
18,1,77,0,9,26,84
18,2,78,0,8,27,84
18,3,79,0,7,22,84
18,4,79,0,6,18,84
18,5,80,0,5,19,84
18,6,81,0,4,20,84
19,1,81,0,3,20,84
19,2,81,0,2,20,84
19,3,82,0,1,21,84
19,4,82,0,0,20,84
19,5,84,0,-1,21,84
19,6,84,0,-2,21,84
19,7,84,0,-3,21,84
0,1,0,0,119,0,40
0,2,0,0,118,0,40
0,3,0,0,117,0,40
0,4,0,0,116,0,40
0,5,0,0,115,0,40
0,6,0,0,114,0,40
1,1,0,0,113,0,40
1,2,0,0,112,0,40
1,3,1,0,111,1,40
1,4,1,0,110,1,40
1,5,5,0,109,5,40
1,6,5,0,108,5,40
2,1,5,0,107,5,40
2,2,5,0,106,5,40
2,3,6,0,105,6,40
2,4,6,0,104,6,40
2,5,6,0,103,6,40
2,6,7,0,102,7,40
3,1,7,0,101,7,40
3,2,7,0,100,7,40
3,3,8,0,99,8,40
3,4,9,0,98,9,40
3,5,9,0,97,9,40
3,6,9,0,96,9,40
3,7,9,0,95,9,40
4,1,9,0,94,9,40
4,2,9,0,93,9,40
4,3,9,0,92,9,40
4,4,9,0,91,9,40
4,5,11,0,90,11,40
4,6,12,0,89,12,40
5,1,12,0,88,12,40
5,2,12,0,87,12,40
5,3,12,0,86,12,40
5,4,14,0,85,14,40
5,5,14,0,84,14,40
5,6,16,0,83,16,40
6,1,16,0,82,16,40
6,2,16,0,81,15,40
6,3,17,0,80,16,40
6,4,17,0,79,12,40
6,5,17,0,78,12,40
6,6,19,0,77,14,40
6,7,19,0,76,14,40
7,1,20,0,75,14,40
7,2,24,0,74,18,40
7,3,24,0,73,18,40
7,4,24,0,72,17,40
7,5,24,0,71,17,40
7,6,24,0,70,17,40
8,1,24,0,69,16,40
8,2,24,0,68,15,40
8,3,24,0,67,15,40
8,4,24,0,66,15,40
8,5,28,0,65,19,40
8,6,28,0,64,19,40
9,1,28,0,63,19,40
9,2,28,0,62,19,40
9,3,28,0,61,19,40
9,4,29,0,60,18,40
9,5,29,0,59,17,40
9,6,29,0,58,17,40
10,1,29,0,57,17,40
10,2,30,0,56,18,40
10,3,31,0,55,17,40
10,4,31,0,54,17,40
10,5,31,0,53,15,40
10,6,31,0,52,15,40
11,1,31,0,51,15,40
11,2,31,0,50,14,40
11,3,31,0,49,14,40
11,4,33,0,48,16,40
11,5,33,0,47,14,40
11,6,33,0,46,14,40
12,1,33,0,45,13,40
12,2,33,0,44,9,40
12,3,34,0,43,10,40
12,4,34,0,42,10,40
12,5,34,0,41,10,40
12,6,34,0,40,10,40
13,1,34,0,39,10,40
13,2,34,0,38,10,40
13,3,34,0,37,10,40
13,4,34,0,36,10,40
13,5,34,0,35,6,40
13,6,34,0,34,6,40
14,1,36,0,33,8,40
14,2,36,0,32,8,40
14,3,36,0,31,8,40
14,4,40,0,30,11,40
14,5,40,0,29,11,40
14,6,40,0,28,11,40
15,1,40,0,27,11,40
15,2,40,0,26,10,40
15,3,40,0,25,9,40
15,4,40,0,24,9,40
15,5,40,0,23,9,40
15,6,40,0,22,9,40
16,1,40,0,21,9,40
16,2,40,0,20,9,40
16,3,40,0,19,9,40
16,4,40,0,18,7,40
0,1,0,0,119,0,112
0,2,0,0,118,0,112
0,3,1,0,117,1,112
0,4,2,0,116,2,112
0,5,2,0,115,2,112
0,6,2,0,114,2,112
0,7,2,0,113,2,112
1,1,2,0,112,2,112
1,2,3,0,111,3,112
1,3,3,0,110,3,112
1,4,4,0,109,4,112
1,5,8,0,108,8,112
1,6,8,0,107,8,112
1,7,8,0,106,8,112
1,8,8,0,105,8,112
2,1,8,0,104,8,112
2,2,8,0,103,8,112
2,3,11,0,102,11,112
2,4,11,0,101,11,112
2,5,11,0,100,11,112
2,6,14,0,99,14,112
3,1,15,0,98,15,112
3,2,15,0,97,15,112
3,3,19,0,96,19,112
3,4,19,0,95,19,112
3,5,20,0,94,20,112
3,6,20,0,93,20,112
4,1,20,0,92,20,112
4,2,21,0,91,21,112
4,3,23,0,90,23,112
4,4,23,0,89,23,112
4,5,23,0,88,23,112
4,6,23,0,87,22,112
4,7,24,0,86,22,112
5,1,24,0,85,22,112
5,2,25,0,84,23,112
5,3,25,0,83,23,112
5,4,29,0,82,27,112
5,5,33,0,81,30,112
5,6,33,0,80,30,112
6,1,35,0,79,31,112
6,2,35,0,78,27,112
6,3,36,0,77,28,112
6,4,40,0,76,32,112
6,5,40,0,75,32,112
6,6,41,0,74,33,112
7,1,42,0,73,34,112
7,2,42,0,72,31,112
7,3,44,0,71,33,112
7,4,44,0,70,33,112
7,5,44,0,69,30,112
7,6,45,0,68,30,112
8,1,45,0,67,30,112
8,2,46,0,66,27,112
8,3,47,0,65,28,112
8,4,48,0,64,28,112
8,5,50,0,63,30,112
8,6,51,0,62,31,112
9,1,51,0,61,30,112
9,2,52,0,60,29,112
9,3,53,0,59,30,112
9,4,54,0,58,31,112
9,5,54,0,57,31,112
9,6,55,0,56,31,112
10,1,56,0,55,32,112
10,2,56,0,54,31,112
10,3,57,0,53,32,112
10,4,57,0,52,28,112
10,5,58,0,51,25,112
10,6,58,0,50,25,112
10,7,59,0,49,24,112
10,8,60,0,48,25,112
11,1,60,0,47,24,112
11,2,60,0,46,20,112
11,3,60,0,45,20,112
11,4,60,0,44,19,112
11,5,61,0,43,19,112
11,6,61,0,42,19,112
12,1,61,0,41,17,112
12,2,61,0,40,17,112
12,3,62,0,39,18,112
12,4,63,0,38,18,112
12,5,63,0,37,18,112
12,6,63,0,36,17,112
13,1,64,0,35,17,112
13,2,64,0,34,16,112
13,3,64,0,33,14,112
13,4,66,0,32,15,112
13,5,67,0,31,16,112
13,6,67,0,30,15,112
14,1,68,0,29,15,112
14,2,70,0,28,16,112
14,3,70,0,27,16,112
14,4,70,0,26,15,112
14,5,70,0,25,14,112
14,6,70,0,24,14,112
15,1,71,0,23,14,112
15,2,72,0,22,15,112
15,3,73,0,21,15,112
15,4,73,0,20,15,112
15,5,73,0,19,14,112
15,6,74,0,18,14,112
16,1,75,0,17,15,112
16,2,75,0,16,15,112
16,3,76,0,15,16,112
16,4,77,0,14,17,112
16,5,78,0,13,17,112
16,6,80,0,12,19,112
17,1,86,0,11,25,112
17,2,87,0,10,26,112
17,3,87,0,9,25,112
17,4,89,0,8,26,112
17,5,90,0,7,27,112
17,6,91,0,6,28,112
18,1,93,0,5,29,112
18,2,95,0,4,31,112
18,3,99,0,3,35,112
18,4,100,0,2,34,112
18,5,101,0,1,34,112
18,6,102,0,0,35,112
19,1,103,0,-1,35,112
19,2,107,0,-2,37,112
19,3,108,0,-3,38,112
19,4,110,0,-4,40,112
19,5,110,0,-5,40,112
19,6,112,0,-6,42,112
0,1,0,0,119,0,161
0,2,0,0,118,0,161
0,3,0,0,117,0,161
0,4,2,0,116,2,161
0,5,2,0,115,2,161
0,6,2,0,114,2,161
1,1,3,0,113,3,161
1,2,3,0,112,3,161
1,3,3,0,111,3,161
1,4,7,0,110,7,161
1,5,7,0,109,7,161
1,6,7,0,108,7,161
2,1,7,0,107,7,161
2,2,7,0,106,7,161
2,3,7,0,105,7,161
2,4,11,0,104,11,161
2,5,11,0,103,11,161
2,6,12,0,102,12,161
3,1,13,0,101,13,161
3,2,13,0,100,13,161
3,3,13,0,99,13,161
3,4,17,0,98,17,161
3,5,17,0,97,17,161
3,6,19,0,96,19,161
4,1,20,0,95,20,161
4,2,21,0,94,21,161
4,3,22,0,93,22,161
4,4,22,0,92,22,161
4,5,28,0,91,28,161
4,6,32,0,90,32,161
5,1,33,0,89,33,161
5,2,34,0,88,34,161
5,3,35,0,87,35,161
5,4,36,0,86,34,161
5,5,36,0,85,34,161
5,6,36,0,84,34,161
6,1,40,0,83,37,161
6,2,46,0,82,43,161
6,3,46,0,81,43,161
6,4,47,0,80,40,161
6,5,47,0,79,40,161
6,6,47,0,78,40,161
7,1,47,0,77,40,161
7,2,53,0,76,46,161
7,3,54,0,75,47,161
7,4,58,0,74,47,161
7,5,59,0,73,48,161
7,6,60,0,72,48,161
8,1,61,0,71,48,161
8,2,62,0,70,49,161
8,3,63,0,69,50,161
8,4,64,0,68,47,161
8,5,65,0,67,48,161
8,6,65,0,66,46,161
8,7,65,0,65,45,161
8,8,67,0,64,46,161
9,1,68,0,63,46,161
9,2,72,0,62,50,161
9,3,73,0,61,45,161
9,4,77,0,60,45,161
9,5,78,0,59,45,161
9,6,79,0,58,45,161
10,1,80,0,57,45,161
10,2,80,0,56,44,161
10,3,86,0,55,50,161
10,4,92,0,54,56,161
10,5,93,0,53,53,161
10,6,97,0,52,51,161
11,1,103,0,51,57,161
11,2,103,0,50,56,161
11,3,109,0,49,62,161
11,4,109,0,48,62,161
11,5,110,0,47,63,161
11,6,111,0,46,58,161
12,1,113,0,45,59,161
12,2,114,0,44,56,161
12,3,115,0,43,56,161
12,4,115,0,42,55,161
12,5,115,0,41,54,161
12,6,119,0,40,57,161
13,1,120,0,39,57,161
13,2,121,0,38,57,161
13,3,123,0,37,58,161
13,4,123,0,36,58,161
13,5,124,0,35,59,161
13,6,124,0,34,57,161
14,1,125,0,33,57,161
14,2,126,0,32,54,161
14,3,126,0,31,53,161
14,4,132,0,30,55,161
14,5,133,0,29,55,161
14,6,133,0,28,54,161
15,1,134,0,27,54,161
15,2,135,0,26,55,161
15,3,136,0,25,50,161
15,4,140,0,24,48,161
15,5,141,0,23,48,161
15,6,142,0,22,45,161
15,7,142,0,21,39,161
16,1,143,0,20,40,161
16,2,147,0,19,38,161
16,3,147,0,18,38,161
16,4,147,0,17,37,161
16,5,148,0,16,37,161
16,6,149,0,15,36,161
17,1,150,0,14,36,161
17,2,151,0,13,36,161
17,3,152,0,12,37,161
17,4,153,0,11,38,161
17,5,153,0,10,34,161
17,6,153,0,9,33,161
17,7,154,0,8,33,161
18,1,154,0,7,31,161
18,2,154,0,6,31,161
18,3,155,0,5,31,161
18,4,155,0,4,31,161
18,5,157,0,3,32,161
18,6,157,0,2,31,161
19,1,158,0,1,32,161
19,2,158,0,0,26,161
19,3,158,0,-1,25,161
19,4,159,0,-2,26,161
19,5,159,0,-3,25,161
19,6,161,0,-4,26,161
0,1,4,0,119,4,150
0,2,5,0,118,5,150
0,3,7,0,117,7,150
0,4,7,0,116,7,150
0,5,10,0,115,10,150
0,6,10,0,114,10,150
1,1,10,0,113,10,150
1,2,10,0,112,10,150
1,3,10,0,111,10,150
1,4,11,0,110,11,150
1,5,11,0,109,11,150
1,6,12,0,108,12,150
2,1,13,0,107,13,150
2,2,15,0,106,15,150
2,3,15,0,105,15,150
2,4,15,0,104,15,150
2,5,15,0,103,15,150
2,6,15,0,102,15,150
3,1,16,0,101,16,150
3,2,20,0,100,20,150
3,3,20,0,99,20,150
3,4,20,0,98,20,150
3,5,20,0,97,20,150
3,6,21,0,96,21,150
4,1,27,0,95,27,150
4,2,28,0,94,28,150
4,3,28,0,93,28,150
4,4,29,0,92,29,150
4,5,30,0,91,30,150
4,6,34,0,90,34,150
5,1,35,0,89,31,150
5,2,36,0,88,31,150
5,3,36,0,87,29,150
5,4,37,0,86,30,150
5,5,37,0,85,27,150
5,6,37,0,84,27,150
6,1,38,0,83,28,150
6,2,39,0,82,29,150
6,3,41,0,81,31,150
6,4,41,0,80,30,150
6,5,43,0,79,32,150
6,6,43,0,78,31,150
6,7,44,0,77,31,150
7,1,45,0,76,30,150
7,2,45,0,75,30,150
7,3,45,0,74,30,150
7,4,46,0,73,31,150
7,5,46,0,72,31,150
7,6,46,0,71,30,150
7,7,47,0,70,27,150
8,1,47,0,69,27,150
8,2,48,0,68,28,150
8,3,48,0,67,28,150
8,4,48,0,66,27,150
8,5,49,0,65,22,150
8,6,50,0,64,22,150
9,1,50,0,63,22,150
9,2,54,0,62,25,150
9,3,55,0,61,25,150
9,4,59,0,60,25,150
9,5,59,0,59,24,150
9,6,59,0,58,23,150
10,1,59,0,57,23,150
10,2,60,0,56,23,150
10,3,60,0,55,23,150
10,4,60,0,54,23,150
10,5,61,0,53,23,150
10,6,62,0,52,23,150
11,1,62,0,51,21,150
11,2,63,0,50,22,150
11,3,63,0,49,20,150
11,4,63,0,48,20,150
11,5,63,0,47,19,150
11,6,64,0,46,19,150
12,1,70,0,45,25,150
12,2,73,0,44,28,150
12,3,73,0,43,27,150
12,4,73,0,42,27,150
12,5,74,0,41,28,150
12,6,74,0,40,27,150
13,1,74,0,39,27,150
13,2,78,0,38,30,150
13,3,82,0,37,34,150
13,4,83,0,36,35,150
13,5,87,0,35,38,150
13,6,87,0,34,37,150
14,1,91,0,33,41,150
14,2,91,0,32,37,150
14,3,92,0,31,37,150
14,4,98,0,30,39,150
14,5,99,0,29,40,150
14,6,99,0,28,40,150
15,1,103,0,27,44,150
15,2,103,0,26,43,150
15,3,103,0,25,43,150
15,4,104,0,24,44,150
15,5,106,0,23,45,150
15,6,107,0,22,45,150
16,1,108,0,21,46,150
16,2,108,0,20,45,150
16,3,109,0,19,46,150
16,4,113,0,18,50,150
16,5,117,0,17,54,150
16,6,119,0,16,55,150
16,7,120,0,15,50,150
17,1,121,0,14,48,150
17,2,121,0,13,48,150
17,3,122,0,12,49,150
17,4,125,0,11,51,150
17,5,128,0,10,54,150
17,6,128,0,9,54,150
17,7,129,0,8,51,150
18,1,131,0,7,49,150
18,2,133,0,6,50,150
18,3,135,0,5,48,150
18,4,136,0,4,49,150
18,5,136,0,3,45,150
18,6,137,0,2,46,150
19,1,137,0,1,45,150
19,2,143,0,0,45,150
19,3,147,0,-1,48,150
19,4,148,0,-2,49,150
19,5,149,0,-3,46,150
19,6,150,0,-4,47,150
19,7,150,0,-5,47,150
0,1,1,0,119,1,67
0,2,1,0,118,1,67
0,3,3,0,117,3,67
0,4,3,0,116,3,67
0,5,3,0,115,3,67
0,6,3,0,114,3,67
0,7,3,0,113,3,67
0,8,3,0,112,3,67
1,1,3,0,111,3,67
1,2,4,0,110,4,67
1,3,4,0,109,4,67
1,4,5,0,108,5,67
1,5,5,0,107,5,67
1,6,5,0,106,5,67
2,1,5,0,105,5,67
2,2,5,0,104,5,67
2,3,7,0,103,7,67
2,4,7,0,102,7,67
2,5,8,0,101,8,67
2,6,8,0,100,8,67
3,1,8,0,99,8,67
3,2,9,0,98,9,67
3,3,10,0,97,10,67
3,4,10,0,96,10,67
3,5,10,0,95,10,67
3,6,11,0,94,11,67
3,7,11,0,93,11,67
4,1,11,0,92,11,67
4,2,11,0,91,11,67
4,3,11,0,90,11,67
4,4,11,0,89,10,67
4,5,11,0,88,10,67
4,6,12,0,87,9,67
4,7,12,0,86,9,67
5,1,12,0,85,9,67
5,2,13,0,84,10,67
5,3,14,0,83,11,67
5,4,14,0,82,11,67
5,5,14,0,81,11,67
5,6,14,0,80,10,67
5,7,15,0,79,11,67
6,1,15,0,78,10,67
6,2,17,0,77,12,67
6,3,19,0,76,14,67
6,4,19,0,75,14,67
6,5,19,0,74,14,67
6,6,21,0,73,14,67
7,1,21,0,72,14,67
7,2,21,0,71,13,67
7,3,22,0,70,14,67
7,4,22,0,69,14,67
7,5,22,0,68,13,67
7,6,22,0,67,12,67
8,1,23,0,66,13,67
8,2,23,0,65,13,67
8,3,23,0,64,12,67
8,4,23,0,63,12,67
8,5,23,0,62,12,67
8,6,23,0,61,12,67
9,1,24,0,60,13,67
9,2,25,0,59,14,67
9,3,26,0,58,15,67
9,4,27,0,57,15,67
9,5,32,0,56,20,67
9,6,32,0,55,20,67
9,7,33,0,54,20,67
9,8,33,0,53,19,67
10,1,34,0,52,20,67
10,2,34,0,51,20,67
10,3,35,0,50,21,67
10,4,35,0,49,20,67
10,5,36,0,48,21,67
10,6,37,0,47,20,67
11,1,38,0,46,19,67
11,2,38,0,45,19,67
11,3,38,0,44,19,67
11,4,38,0,43,17,67
11,5,42,0,42,21,67
11,6,43,0,41,22,67
12,1,43,0,40,21,67
12,2,44,0,39,22,67
12,3,45,0,38,23,67
12,4,46,0,37,24,67
12,5,47,0,36,24,67
12,6,48,0,35,25,67
13,1,48,0,34,25,67
13,2,49,0,33,26,67
13,3,49,0,32,26,67
13,4,50,0,31,27,67
13,5,50,0,30,26,67
13,6,51,0,29,26,67
14,1,53,0,28,27,67
14,2,53,0,27,26,67
14,3,54,0,26,22,67
14,4,55,0,25,23,67
14,5,56,0,24,23,67
14,6,56,0,23,23,67
15,1,58,0,22,24,67
15,2,59,0,21,25,67
15,3,61,0,20,26,67
15,4,61,0,19,26,67
15,5,63,0,18,27,67
15,6,63,0,17,26,67
15,7,67,0,16,29,67
0,1,1,0,119,1,158
0,2,2,0,118,2,158
0,3,2,0,117,2,158
0,4,2,0,116,2,158
0,5,2,0,115,2,158
0,6,6,0,114,6,158
1,1,6,0,113,6,158
1,2,7,0,112,7,158
1,3,8,0,111,8,158
1,4,12,0,110,12,158
1,5,13,0,109,13,158
1,6,13,0,108,13,158
1,7,14,0,107,14,158
2,1,14,0,106,14,158
2,2,14,0,105,14,158
2,3,14,0,104,14,158
2,4,18,0,103,18,158
2,5,19,0,102,19,158
2,6,20,0,101,20,158
2,7,21,0,100,21,158
2,8,21,0,99,21,158
3,1,21,0,98,21,158
3,2,21,0,97,21,158
3,3,21,0,96,21,158
3,4,22,0,95,22,158
3,5,23,0,94,23,158
3,6,27,0,93,27,158
4,1,31,0,92,31,158
4,2,32,0,91,32,158
4,3,32,0,90,32,158
4,4,32,0,89,31,158
4,5,32,0,88,30,158
4,6,33,0,87,31,158
4,7,34,0,86,32,158
5,1,34,0,85,32,158
5,2,34,0,84,28,158
5,3,34,0,83,28,158
5,4,34,0,82,27,158
5,5,35,0,81,27,158
5,6,35,0,80,23,158
6,1,36,0,79,23,158
6,2,42,0,78,29,158
6,3,43,0,77,29,158
6,4,43,0,76,29,158
6,5,44,0,75,30,158
6,6,45,0,74,31,158
7,1,45,0,73,27,158
7,2,46,0,72,27,158
7,3,47,0,71,27,158
7,4,47,0,70,26,158
7,5,47,0,69,26,158
7,6,51,0,68,30,158
8,1,52,0,67,31,158
8,2,52,0,66,31,158
8,3,58,0,65,36,158
8,4,58,0,64,35,158
8,5,58,0,63,31,158
8,6,59,0,62,28,158
9,1,59,0,61,27,158
9,2,61,0,60,29,158
9,3,65,0,59,33,158
9,4,65,0,58,33,158
9,5,65,0,57,32,158
9,6,66,0,56,32,158
9,7,66,0,55,32,158
10,1,66,0,54,32,158
10,2,66,0,53,32,158
10,3,67,0,52,33,158
10,4,68,0,51,33,158
10,5,69,0,50,34,158
10,6,69,0,49,33,158
11,1,70,0,48,28,158
11,2,70,0,47,27,158
11,3,71,0,46,28,158
11,4,72,0,45,28,158
11,5,72,0,44,27,158
11,6,73,0,43,28,158
11,7,75,0,42,29,158
11,8,76,0,41,29,158
12,1,77,0,40,30,158
12,2,81,0,39,34,158
12,3,81,0,38,30,158
12,4,82,0,37,30,158
12,5,86,0,36,34,158
12,6,88,0,35,30,158
13,1,90,0,34,32,158
13,2,91,0,33,33,158
13,3,91,0,32,32,158
13,4,92,0,31,33,158
13,5,92,0,30,31,158
13,6,93,0,29,28,158
14,1,94,0,28,29,158
14,2,100,0,27,35,158
14,3,101,0,26,35,158
14,4,105,0,25,39,158
14,5,105,0,24,39,158
14,6,111,0,23,45,158
15,1,112,0,22,45,158
15,2,112,0,21,44,158
15,3,113,0,20,44,158
15,4,113,0,19,44,158
15,5,114,0,18,44,158
15,6,115,0,17,45,158
16,1,116,0,16,45,158
16,2,117,0,15,45,158
16,3,117,0,14,45,158
16,4,117,0,13,44,158
16,5,117,0,12,42,158
16,6,119,0,11,43,158
16,7,119,0,10,42,158
17,1,124,0,9,43,158
17,2,126,0,8,45,158
17,3,128,0,7,46,158
17,4,129,0,6,43,158
17,5,135,0,5,47,158
17,6,137,0,4,47,158
17,7,138,0,3,47,158
18,1,139,0,2,48,158
18,2,141,0,1,49,158
18,3,143,0,0,51,158
18,4,143,0,-1,50,158
18,5,143,0,-2,49,158
18,6,143,0,-3,43,158
18,7,144,0,-4,43,158
19,1,144,0,-5,39,158
19,2,148,0,-6,43,158
19,3,150,0,-7,39,158
19,4,151,0,-8,39,158
19,5,155,0,-9,43,158
19,6,158,0,-10,45,158
0,1,0,0,119,0,103
0,2,0,0,118,0,103
0,3,0,0,117,0,103
0,4,0,0,116,0,103
0,5,0,0,115,0,103
0,6,0,0,114,0,103
1,1,0,0,113,0,103
1,2,0,0,112,0,103
1,3,0,0,111,0,103
1,4,1,0,110,1,103
1,5,1,0,109,1,103
1,6,1,0,108,1,103
1,7,1,0,107,1,103
2,1,3,0,106,3,103
2,2,3,0,105,3,103
2,3,3,0,104,3,103
2,4,3,0,103,3,103
2,5,3,0,102,3,103
2,6,3,0,101,3,103
3,1,7,0,100,7,103
3,2,10,0,99,10,103
3,3,11,0,98,11,103
3,4,12,0,97,12,103
3,5,12,0,96,12,103
3,6,12,0,95,12,103
4,1,12,0,94,12,103
4,2,16,0,93,16,103
4,3,16,0,92,16,103
4,4,16,0,91,16,103
4,5,17,0,90,17,103
4,6,17,0,89,17,103
4,7,17,0,88,17,103
5,1,17,0,87,17,103
5,2,19,0,86,19,103
5,3,23,0,85,23,103
5,4,23,0,84,23,103
5,5,23,0,83,23,103
5,6,23,0,82,23,103
6,1,23,0,81,23,103
6,2,24,0,80,23,103
6,3,28,0,79,27,103
6,4,28,0,78,27,103
6,5,28,0,77,27,103
6,6,29,0,76,26,103
7,1,29,0,75,26,103
7,2,30,0,74,27,103
7,3,30,0,73,27,103
7,4,30,0,72,27,103
7,5,30,0,71,27,103
7,6,31,0,70,24,103
8,1,31,0,69,21,103
8,2,31,0,68,20,103
8,3,32,0,67,20,103
8,4,33,0,66,21,103
8,5,34,0,65,22,103
8,6,35,0,64,23,103
9,1,39,0,63,23,103
9,2,39,0,62,23,103
9,3,39,0,61,23,103
9,4,39,0,60,22,103
9,5,39,0,59,22,103
9,6,40,0,58,23,103
10,1,40,0,57,23,103
10,2,42,0,56,23,103
10,3,43,0,55,20,103
10,4,44,0,54,21,103
10,5,44,0,53,21,103
10,6,44,0,52,21,103
10,7,45,0,51,22,103
10,8,45,0,50,21,103
11,1,45,0,49,17,103
11,2,45,0,48,17,103
11,3,46,0,47,18,103
11,4,50,0,46,21,103
11,5,50,0,45,21,103
11,6,50,0,44,20,103
12,1,50,0,43,20,103
12,2,51,0,42,21,103
12,3,51,0,41,21,103
12,4,51,0,40,20,103
12,5,52,0,39,21,103
12,6,53,0,38,22,103
12,7,57,0,37,25,103
13,1,57,0,36,24,103
13,2,58,0,35,24,103
13,3,58,0,34,23,103
13,4,58,0,33,19,103
13,5,58,0,32,19,103
13,6,64,0,31,25,103
14,1,64,0,30,25,103
14,2,64,0,29,25,103
14,3,64,0,28,24,103
14,4,64,0,27,24,103
14,5,65,0,26,23,103
14,6,65,0,25,22,103
15,1,65,0,24,21,103
15,2,66,0,23,22,103
15,3,67,0,22,23,103
15,4,67,0,21,22,103
15,5,68,0,20,23,103
15,6,69,0,19,24,103
16,1,69,0,18,24,103
16,2,69,0,17,23,103
16,3,69,0,16,19,103
16,4,69,0,15,19,103
16,5,69,0,14,19,103
16,6,69,0,13,19,103
17,1,69,0,12,18,103
17,2,73,0,11,22,103
17,3,79,0,10,28,103
17,4,83,0,9,31,103
17,5,89,0,8,36,103
17,6,90,0,7,33,103
18,1,91,0,6,34,103
18,2,92,0,5,34,103
18,3,94,0,4,36,103
18,4,94,0,3,36,103
18,5,94,0,2,36,103
18,6,94,0,1,30,103
19,1,95,0,0,31,103
19,2,99,0,-1,35,103
19,3,99,0,-2,35,103
19,4,100,0,-3,36,103
19,5,101,0,-4,36,103
19,6,102,0,-5,37,103
19,7,103,0,-6,38,103
0,1,0,0,119,0,35
0,2,1,0,118,1,35
0,3,1,0,117,1,35
0,4,1,0,116,1,35
0,5,1,0,115,1,35
0,6,1,0,114,1,35
0,7,1,0,113,1,35
1,1,1,0,112,1,35
1,2,1,0,111,1,35
1,3,1,0,110,1,35
1,4,2,0,109,2,35
1,5,2,0,108,2,35
1,6,2,0,107,2,35
1,7,2,0,106,2,35
2,1,2,0,105,2,35
2,2,2,0,104,2,35
2,3,2,0,103,2,35
2,4,2,0,102,2,35
2,5,2,0,101,2,35
2,6,6,0,100,6,35
3,1,6,0,99,6,35
3,2,6,0,98,6,35
3,3,6,0,97,6,35
3,4,6,0,96,6,35
3,5,7,0,95,7,35
3,6,7,0,94,7,35
4,1,7,0,93,7,35
4,2,7,0,92,7,35
4,3,7,0,91,7,35
4,4,7,0,90,7,35
4,5,7,0,89,7,35
4,6,7,0,88,6,35
5,1,8,0,87,7,35
5,2,8,0,86,7,35
5,3,9,0,85,8,35
5,4,9,0,84,8,35
5,5,11,0,83,10,35
5,6,11,0,82,10,35
5,7,12,0,81,11,35
6,1,12,0,80,11,35
6,2,12,0,79,10,35
6,3,12,0,78,10,35
6,4,12,0,77,10,35
6,5,12,0,76,10,35
6,6,12,0,75,10,35
7,1,12,0,74,10,35
7,2,12,0,73,10,35
7,3,12,0,72,10,35
7,4,13,0,71,11,35
7,5,13,0,70,7,35
7,6,13,0,69,7,35
8,1,13,0,68,7,35
8,2,13,0,67,7,35
8,3,15,0,66,9,35
8,4,15,0,65,8,35
8,5,15,0,64,8,35
8,6,15,0,63,8,35
9,1,16,0,62,9,35
9,2,16,0,61,9,35
9,3,18,0,60,11,35
9,4,18,0,59,11,35
9,5,18,0,58,11,35
9,6,18,0,57,10,35
10,1,18,0,56,10,35
10,2,18,0,55,9,35
10,3,18,0,54,9,35
10,4,18,0,53,7,35
10,5,19,0,52,8,35
10,6,19,0,51,7,35
11,1,19,0,50,7,35
11,2,19,0,49,7,35
11,3,19,0,48,7,35
11,4,19,0,47,7,35
11,5,19,0,46,7,35
11,6,20,0,45,8,35
12,1,20,0,44,8,35
12,2,20,0,43,8,35
12,3,21,0,42,9,35
12,4,21,0,41,8,35
12,5,22,0,40,9,35
12,6,22,0,39,9,35
13,1,22,0,38,9,35
13,2,22,0,37,9,35
13,3,22,0,36,7,35
13,4,22,0,35,7,35
13,5,22,0,34,7,35
13,6,22,0,33,7,35
14,1,22,0,32,6,35
14,2,23,0,31,7,35
14,3,23,0,30,5,35
14,4,24,0,29,6,35
14,5,24,0,28,6,35
14,6,28,0,27,10,35
15,1,28,0,26,10,35
15,2,28,0,25,10,35
15,3,30,0,24,12,35
15,4,30,0,23,12,35
15,5,30,0,22,11,35
15,6,30,0,21,11,35
16,1,32,0,20,13,35
16,2,32,0,19,13,35
16,3,32,0,18,13,35
16,4,32,0,17,13,35
16,5,32,0,16,13,35
16,6,32,0,15,12,35
17,1,32,0,14,12,35
17,2,32,0,13,12,35
17,3,32,0,12,11,35
17,4,32,0,11,11,35
17,5,32,0,10,10,35
17,6,32,0,9,10,35
18,1,32,0,8,10,35
18,2,32,0,7,10,35
18,3,32,0,6,10,35
18,4,33,0,5,11,35
18,5,33,0,4,11,35
18,6,33,0,3,11,35
19,1,34,0,2,12,35
19,2,34,0,1,11,35
19,3,34,0,0,11,35
19,4,34,0,-1,10,35
19,5,34,0,-2,10,35
19,6,35,0,-3,7,35
0,1,0,0,119,0,29
0,2,0,0,118,0,29
0,3,4,0,117,4,29
0,4,4,0,116,4,29
0,5,4,0,115,4,29
0,6,4,0,114,4,29
1,1,5,0,113,5,29
1,2,6,0,112,6,29
1,3,6,0,111,6,29
1,4,6,0,110,6,29
1,5,6,0,109,6,29
1,6,7,0,108,7,29
2,1,7,0,107,7,29
2,2,9,0,106,9,29
2,3,9,0,105,9,29
2,4,9,0,104,9,29
2,5,9,0,103,9,29
2,6,11,0,102,11,29
3,1,12,0,101,12,29
3,2,16,0,100,16,29
3,3,16,0,99,16,29
3,4,16,0,98,16,29
3,5,18,0,97,18,29
3,6,18,0,96,18,29
4,1,18,0,95,18,29
4,2,19,0,94,19,29
4,3,19,0,93,19,29
4,4,23,0,92,23,29
4,5,23,0,91,23,29
4,6,23,0,90,23,29
5,1,23,0,89,23,29
5,2,23,0,88,23,29
5,3,23,0,87,19,29
5,4,23,0,86,19,29
5,5,23,0,85,19,29
5,6,23,0,84,19,29
6,1,25,0,83,20,29
6,2,25,0,82,19,29
6,3,25,0,81,19,29
6,4,25,0,80,19,29
6,5,25,0,79,19,29
6,6,25,0,78,18,29
7,1,25,0,77,18,29
7,2,27,0,76,18,29
7,3,28,0,75,19,29
7,4,28,0,74,19,29
7,5,28,0,73,19,29
7,6,28,0,72,17,29
8,1,28,0,71,16,29
8,2,28,0,70,12,29
8,3,29,0,69,13,29
8,4,29,0,68,13,29
8,5,29,0,67,11,29
8,6,29,0,66,11,29
9,1,29,0,65,11,29
9,2,29,0,64,10,29
9,3,29,0,63,10,29
9,4,29,0,62,6,29
9,5,29,0,61,6,29
9,6,29,0,60,6,29
0,1,0,0,119,0,45
0,2,0,0,118,0,45
0,3,0,0,117,0,45
0,4,0,0,116,0,45
0,5,0,0,115,0,45
0,6,5,0,114,5,45
0,7,5,0,113,5,45
1,1,5,0,112,5,45
1,2,5,0,111,5,45
1,3,5,0,110,5,45
1,4,5,0,109,5,45
1,5,5,0,108,5,45
1,6,5,0,107,5,45
2,1,5,0,106,5,45
2,2,5,0,105,5,45
2,3,5,0,104,5,45
2,4,6,0,103,6,45
2,5,6,0,102,6,45
2,6,6,0,101,6,45
2,7,7,0,100,7,45
3,1,7,0,99,7,45
3,2,8,0,98,8,45
3,3,8,0,97,8,45
3,4,12,0,96,12,45
3,5,12,0,95,12,45
3,6,17,0,94,17,45
3,7,17,0,93,17,45
3,8,18,0,92,18,45
3,9,19,0,91,19,45
3,1,19,0,90,19,45
4,1,19,0,89,19,45
4,2,21,0,88,21,45
4,3,21,0,87,21,45
4,4,21,0,86,21,45
4,5,21,0,85,21,45
4,6,22,0,84,17,45
5,1,22,0,83,17,45
5,2,22,0,82,17,45
5,3,22,0,81,17,45
5,4,22,0,80,17,45
5,5,22,0,79,17,45
5,6,22,0,78,17,45
6,1,24,0,77,19,45
6,2,24,0,76,19,45
6,3,25,0,75,20,45
6,4,25,0,74,20,45
6,5,26,0,73,20,45
6,6,26,0,72,20,45
6,7,26,0,71,20,45
6,8,26,0,70,19,45
7,1,26,0,69,19,45
7,2,26,0,68,18,45
7,3,27,0,67,19,45
7,4,31,0,66,19,45
7,5,32,0,65,20,45
7,6,32,0,64,15,45
8,1,32,0,63,15,45
8,2,33,0,62,15,45
8,3,33,0,61,14,45
8,4,33,0,60,14,45
8,5,34,0,59,15,45
8,6,34,0,58,13,45
8,7,35,0,57,14,45
8,8,37,0,56,16,45
8,9,37,0,55,16,45
9,1,37,0,54,15,45
9,2,37,0,53,15,45
9,3,38,0,52,16,45
9,4,38,0,51,16,45
9,5,38,0,50,16,45
9,6,38,0,49,16,45
10,1,39,0,48,17,45
10,2,39,0,47,15,45
10,3,39,0,46,15,45
10,4,44,0,45,19,45
10,5,44,0,44,19,45
10,6,44,0,43,18,45
11,1,44,0,42,18,45
11,2,44,0,41,18,45
11,3,44,0,40,18,45
11,4,44,0,39,18,45
11,5,44,0,38,18,45
11,6,44,0,37,17,45
12,1,44,0,36,13,45
12,2,44,0,35,12,45
12,3,45,0,34,13,45
12,4,45,0,33,13,45
12,5,45,0,32,12,45
0,1,0,0,119,0,124
0,2,1,0,118,1,124
0,3,2,0,117,2,124
0,4,4,0,116,4,124
0,5,5,0,115,5,124
0,6,5,0,114,5,124
1,1,8,0,113,8,124
1,2,8,0,112,8,124
1,3,8,0,111,8,124
1,4,8,0,110,8,124
1,5,10,0,109,10,124
1,6,11,0,108,11,124
1,7,11,0,107,11,124
2,1,11,0,106,11,124
2,2,15,0,105,15,124
2,3,15,0,104,15,124
2,4,15,0,103,15,124
2,5,15,0,102,15,124
2,6,15,0,101,15,124
3,1,19,0,100,19,124
3,2,23,0,99,23,124
3,3,23,0,98,23,124
3,4,24,0,97,24,124
3,5,25,0,96,25,124
3,6,29,0,95,29,124
4,1,30,0,94,30,124
4,2,31,0,93,31,124
4,3,32,0,92,32,124
4,4,32,0,91,32,124
4,5,32,0,90,32,124
4,6,32,0,89,32,124
5,1,34,0,88,33,124
5,2,35,0,87,33,124
5,3,37,0,86,33,124
5,4,38,0,85,33,124
5,5,38,0,84,33,124
5,6,38,0,83,30,124
5,7,39,0,82,31,124
6,1,43,0,81,35,124
6,2,44,0,80,36,124
6,3,44,0,79,34,124
6,4,45,0,78,34,124
6,5,47,0,77,36,124
6,6,47,0,76,36,124
7,1,47,0,75,32,124
7,2,48,0,74,33,124
7,3,52,0,73,37,124
7,4,53,0,72,38,124
7,5,54,0,71,39,124
7,6,58,0,70,39,124
8,1,62,0,69,39,124
8,2,62,0,68,39,124
8,3,66,0,67,42,124
8,4,66,0,66,41,124
8,5,67,0,65,38,124
8,6,68,0,64,38,124
9,1,72,0,63,41,124
9,2,73,0,62,41,124
9,3,74,0,61,42,124
9,4,78,0,60,46,124
9,5,79,0,59,47,124
9,6,79,0,58,45,124
10,1,80,0,57,45,124
10,2,80,0,56,43,124
10,3,82,0,55,44,124
10,4,82,0,54,44,124
10,5,83,0,53,45,124
10,6,85,0,52,46,124
11,1,86,0,51,43,124
11,2,86,0,50,42,124
11,3,87,0,49,43,124
11,4,87,0,48,42,124
11,5,88,0,47,41,124
11,6,92,0,46,45,124
12,1,93,0,45,46,124
12,2,93,0,44,45,124
12,3,94,0,43,42,124
12,4,95,0,42,42,124
12,5,95,0,41,41,124
12,6,95,0,40,37,124
13,1,95,0,39,33,124
13,2,96,0,38,34,124
13,3,96,0,37,30,124
13,4,96,0,36,30,124
13,5,97,0,35,30,124
13,6,98,0,34,30,124
14,1,104,0,33,32,124
14,2,105,0,32,32,124
14,3,106,0,31,32,124
14,4,108,0,30,30,124
14,5,108,0,29,29,124
14,6,109,0,28,30,124
15,1,109,0,27,29,124
15,2,110,0,26,30,124
15,3,110,0,25,28,124
15,4,110,0,24,28,124
15,5,110,0,23,27,124
15,6,110,0,22,25,124
16,1,116,0,21,30,124
16,2,117,0,20,31,124
16,3,117,0,19,30,124
16,4,118,0,18,31,124
16,5,118,0,17,30,124
16,6,118,0,16,26,124
17,1,119,0,15,26,124
17,2,120,0,14,27,124
17,3,120,0,13,26,124
17,4,121,0,12,26,124
17,5,123,0,11,28,124
17,6,124,0,10,29,124
0,1,1,0,119,1,68
0,2,1,0,118,1,68
0,3,1,0,117,1,68
0,4,1,0,116,1,68
0,5,1,0,115,1,68
0,6,2,0,114,2,68
0,7,2,0,113,2,68
1,1,2,0,112,2,68
1,2,2,0,111,2,68
1,3,2,0,110,2,68
1,4,6,0,109,6,68
1,5,6,0,108,6,68
1,6,6,0,107,6,68
2,1,6,0,106,6,68
2,2,6,0,105,6,68
2,3,6,0,104,6,68
2,4,6,0,103,6,68
2,5,6,0,102,6,68
2,6,6,0,101,6,68
3,1,6,0,100,6,68
3,2,7,0,99,7,68
3,3,7,0,98,7,68
3,4,7,0,97,7,68
3,5,7,0,96,7,68
3,6,7,0,95,7,68
4,1,7,0,94,7,68
4,2,7,0,93,7,68
4,3,7,0,92,7,68
4,4,8,0,91,8,68
4,5,8,0,90,8,68
4,6,9,0,89,8,68
5,1,9,0,88,8,68
5,2,9,0,87,8,68
5,3,9,0,86,8,68
5,4,9,0,85,8,68
5,5,9,0,84,7,68
5,6,9,0,83,7,68
6,1,10,0,82,8,68
6,2,11,0,81,9,68
6,3,12,0,80,10,68
6,4,16,0,79,10,68
6,5,16,0,78,10,68
6,6,16,0,77,10,68
6,7,19,0,76,13,68
7,1,19,0,75,13,68
7,2,19,0,74,13,68
7,3,22,0,73,16,68
7,4,22,0,72,16,68
7,5,22,0,71,16,68
7,6,22,0,70,16,68
8,1,22,0,69,15,68
8,2,23,0,68,16,68
8,3,23,0,67,16,68
8,4,23,0,66,16,68
8,5,23,0,65,16,68
8,6,23,0,64,16,68
9,1,29,0,63,22,68
9,2,29,0,62,22,68
9,3,29,0,61,21,68
9,4,29,0,60,21,68
9,5,33,0,59,24,68
9,6,33,0,58,24,68
10,1,33,0,57,24,68
10,2,33,0,56,24,68
10,3,33,0,55,24,68
10,4,33,0,54,24,68
10,5,33,0,53,24,68
10,6,33,0,52,23,68
11,1,35,0,51,24,68
11,2,35,0,50,23,68
11,3,37,0,49,21,68
11,4,38,0,48,22,68
11,5,38,0,47,22,68
11,6,38,0,46,19,68
12,1,38,0,45,19,68
12,2,38,0,44,19,68
12,3,38,0,43,16,68
12,4,38,0,42,16,68
12,5,38,0,41,16,68
12,6,38,0,40,16,68
13,1,38,0,39,16,68
13,2,38,0,38,15,68
13,3,40,0,37,17,68
13,4,40,0,36,17,68
13,5,40,0,35,17,68
13,6,40,0,34,17,68
14,1,41,0,33,12,68
14,2,41,0,32,12,68
14,3,45,0,31,16,68
14,4,45,0,30,16,68
14,5,45,0,29,12,68
14,6,47,0,28,14,68
15,1,47,0,27,14,68
15,2,53,0,26,20,68
15,3,53,0,25,20,68
15,4,54,0,24,21,68
15,5,55,0,23,22,68
15,6,56,0,22,23,68
16,1,57,0,21,22,68
16,2,57,0,20,22,68
16,3,57,0,19,20,68
16,4,57,0,18,19,68
16,5,57,0,17,19,68
16,6,57,0,16,19,68
17,1,57,0,15,19,68
17,2,57,0,14,19,68
17,3,57,0,13,19,68
17,4,58,0,12,20,68
17,5,58,0,11,20,68
17,6,59,0,10,21,68
18,1,63,0,9,25,68
18,2,63,0,8,25,68
18,3,64,0,7,24,68
18,4,64,0,6,24,68
18,5,65,0,5,25,68
18,6,65,0,4,25,68
19,1,67,0,3,26,68
19,2,68,0,2,27,68
19,3,68,0,1,23,68
19,4,68,0,0,23,68
19,5,68,0,-1,23,68
19,6,68,0,-2,21,68
0,1,1,0,119,1,100
0,2,1,0,118,1,100
0,3,5,0,117,5,100
0,4,5,0,116,5,100
0,5,5,0,115,5,100
0,6,5,0,114,5,100
1,1,9,0,113,9,100
1,2,9,0,112,9,100
1,3,9,0,111,9,100
1,4,9,0,110,9,100
1,5,10,0,109,10,100
1,6,11,0,108,11,100
2,1,11,0,107,11,100
2,2,15,0,106,15,100
2,3,16,0,105,16,100
2,4,16,0,104,16,100
2,5,17,0,103,17,100
2,6,17,0,102,17,100
3,1,17,0,101,17,100
3,2,17,0,100,17,100
3,3,18,0,99,18,100
3,4,22,0,98,22,100
3,5,24,0,97,24,100
3,6,24,0,96,24,100
4,1,24,0,95,24,100
4,2,25,0,94,25,100
4,3,26,0,93,26,100
4,4,30,0,92,30,100
4,5,30,0,91,30,100
4,6,31,0,90,31,100
5,1,31,0,89,30,100
5,2,35,0,88,34,100
5,3,35,0,87,30,100
5,4,35,0,86,30,100
5,5,35,0,85,30,100
5,6,35,0,84,30,100
6,1,35,0,83,26,100
6,2,36,0,82,27,100
6,3,36,0,81,27,100
6,4,36,0,80,27,100
6,5,38,0,79,28,100
6,6,38,0,78,27,100
7,1,38,0,77,27,100
7,2,38,0,76,23,100
7,3,42,0,75,26,100
7,4,43,0,74,27,100
7,5,44,0,73,27,100
7,6,44,0,72,27,100
8,1,45,0,71,28,100
8,2,49,0,70,32,100
8,3,53,0,69,35,100
8,4,53,0,68,31,100
8,5,53,0,67,29,100
8,6,54,0,66,30,100
9,1,55,0,65,31,100
9,2,55,0,64,30,100
9,3,56,0,63,30,100
9,4,56,0,62,26,100
9,5,62,0,61,32,100
9,6,62,0,60,31,100
10,1,63,0,59,32,100
10,2,69,0,58,34,100
10,3,70,0,57,35,100
10,4,71,0,56,36,100
10,5,71,0,55,36,100
10,6,75,0,54,40,100
11,1,75,0,53,40,100
11,2,75,0,52,39,100
11,3,76,0,51,40,100
11,4,78,0,50,42,100
11,5,78,0,49,40,100
11,6,78,0,48,40,100
11,7,78,0,47,40,100
12,1,78,0,46,40,100
12,2,82,0,45,40,100
12,3,82,0,44,39,100
12,4,82,0,43,38,100
12,5,86,0,42,42,100
12,6,86,0,41,41,100
13,1,86,0,40,37,100
13,2,86,0,39,33,100
13,3,86,0,38,33,100
13,4,86,0,37,33,100
13,5,86,0,36,32,100
13,6,86,0,35,31,100
14,1,86,0,34,31,100
14,2,86,0,33,30,100
14,3,86,0,32,30,100
14,4,87,0,31,25,100
14,5,87,0,30,25,100
14,6,88,0,29,25,100
15,1,88,0,28,19,100
15,2,88,0,27,18,100
15,3,89,0,26,18,100
15,4,89,0,25,18,100
15,5,89,0,24,14,100
15,6,89,0,23,14,100
16,1,89,0,22,14,100
16,2,90,0,21,14,100
16,3,90,0,20,12,100
16,4,91,0,19,13,100
16,5,91,0,18,13,100
16,6,92,0,17,14,100
17,1,93,0,16,15,100
17,2,94,0,15,12,100
17,3,94,0,14,12,100
17,4,94,0,13,12,100
17,5,95,0,12,9,100
17,6,96,0,11,10,100
18,1,96,0,10,10,100
18,2,97,0,9,11,100
18,3,97,0,8,11,100
18,4,97,0,7,11,100
18,5,97,0,6,11,100
18,6,98,0,5,12,100
19,1,99,0,4,13,100
19,2,100,0,3,14,100
19,3,100,0,2,14,100
0,1,0,0,119,0,26
0,2,0,0,118,0,26
0,3,2,0,117,2,26
0,4,2,0,116,2,26
0,5,2,0,115,2,26
0,6,2,0,114,2,26
1,1,2,0,113,2,26
1,2,2,0,112,2,26
1,3,2,0,111,2,26
1,4,3,0,110,3,26
1,5,3,0,109,3,26
1,6,3,0,108,3,26
1,7,3,0,107,3,26
2,1,3,0,106,3,26
2,2,3,0,105,3,26
2,3,3,0,104,3,26
2,4,3,0,103,3,26
2,5,4,0,102,4,26
2,6,5,0,101,5,26
3,1,5,0,100,5,26
3,2,6,0,99,6,26
3,3,6,0,98,6,26
3,4,6,0,97,6,26
3,5,7,0,96,7,26
3,6,7,0,95,7,26
3,7,8,0,94,8,26
3,8,8,0,93,8,26
4,1,9,0,92,9,26
4,2,9,0,91,9,26
4,3,9,0,90,9,26
4,4,9,0,89,9,26
4,5,9,0,88,9,26
4,6,10,0,87,8,26
4,7,11,0,86,9,26
5,1,12,0,85,10,26
5,2,12,0,84,10,26
5,3,12,0,83,10,26
5,4,12,0,82,10,26
5,5,12,0,81,10,26
5,6,12,0,80,9,26
5,7,12,0,79,9,26
6,1,12,0,78,9,26
6,2,12,0,77,9,26
6,3,13,0,76,10,26
6,4,13,0,75,10,26
6,5,13,0,74,10,26
6,6,13,0,73,10,26
6,7,14,0,72,10,26
6,8,14,0,71,9,26
7,1,14,0,70,9,26
7,2,14,0,69,8,26
7,3,14,0,68,8,26
7,4,14,0,67,8,26
7,5,14,0,66,7,26
7,6,14,0,65,7,26
8,1,15,0,64,7,26
8,2,15,0,63,7,26
8,3,17,0,62,8,26
8,4,18,0,61,9,26
8,5,18,0,60,9,26
8,6,18,0,59,9,26
9,1,18,0,58,9,26
9,2,18,0,57,8,26
9,3,19,0,56,8,26
9,4,19,0,55,7,26
9,5,19,0,54,7,26
9,6,19,0,53,7,26
10,1,19,0,52,7,26
10,2,19,0,51,7,26
10,3,19,0,50,7,26
10,4,19,0,49,7,26
10,5,19,0,48,7,26
10,6,20,0,47,8,26
11,1,21,0,46,8,26
11,2,21,0,45,8,26
11,3,21,0,44,8,26
11,4,21,0,43,8,26
11,5,24,0,42,10,26
11,6,24,0,41,10,26
11,7,24,0,40,10,26
12,1,25,0,39,11,26
12,2,25,0,38,11,26
12,3,25,0,37,11,26
12,4,25,0,36,11,26
12,5,25,0,35,11,26
12,6,25,0,34,10,26
12,7,26,0,33,11,26
13,1,26,0,32,9,26
13,2,26,0,31,8,26
13,3,26,0,30,8,26
13,4,26,0,29,8,26
13,5,26,0,28,8,26
13,6,26,0,27,8,26
14,1,26,0,26,7,26
0,1,0,0,119,0,145
0,2,1,0,118,1,145
0,3,1,0,117,1,145
0,4,1,0,116,1,145
0,5,1,0,115,1,145
0,6,5,0,114,5,145
1,1,5,0,113,5,145
1,2,6,0,112,6,145
1,3,7,0,111,7,145
1,4,11,0,110,11,145
1,5,15,0,109,15,145
1,6,15,0,108,15,145
1,7,15,0,107,15,145
1,8,15,0,106,15,145
2,1,15,0,105,15,145
2,2,15,0,104,15,145
2,3,19,0,103,19,145
2,4,20,0,102,20,145
2,5,20,0,101,20,145
2,6,24,0,100,24,145
3,1,24,0,99,24,145
3,2,29,0,98,29,145
3,3,30,0,97,30,145
3,4,30,0,96,30,145
3,5,30,0,95,30,145
3,6,34,0,94,34,145
3,7,34,0,93,34,145
4,1,34,0,92,34,145
4,2,34,0,91,34,145
4,3,34,0,90,34,145
4,4,35,0,89,35,145
4,5,35,0,88,34,145
4,6,36,0,87,35,145
5,1,40,0,86,39,145
5,2,40,0,85,39,145
5,3,44,0,84,39,145
5,4,48,0,83,43,145
5,5,48,0,82,42,145
5,6,50,0,81,43,145
6,1,50,0,80,39,145
6,2,50,0,79,35,145
6,3,50,0,78,35,145
6,4,54,0,77,39,145
6,5,57,0,76,42,145
6,6,57,0,75,42,145
7,1,57,0,74,42,145
7,2,57,0,73,38,145
7,3,58,0,72,38,145
7,4,59,0,71,39,145
7,5,60,0,70,36,145
7,6,62,0,69,38,145
8,1,62,0,68,33,145
8,2,62,0,67,32,145
8,3,62,0,66,32,145
8,4,66,0,65,36,145
8,5,66,0,64,32,145
8,6,67,0,63,33,145
9,1,68,0,62,34,145
9,2,72,0,61,38,145
9,3,72,0,60,38,145
9,4,73,0,59,38,145
9,5,74,0,58,39,145
9,6,74,0,57,38,145
10,1,75,0,56,35,145
10,2,76,0,55,36,145
10,3,77,0,54,33,145
10,4,81,0,53,33,145
10,5,81,0,52,33,145
10,6,81,0,51,31,145
11,1,82,0,50,32,145
11,2,83,0,49,33,145
11,3,83,0,48,33,145
11,4,84,0,47,30,145
11,5,85,0,46,28,145
11,6,85,0,45,28,145
11,7,86,0,44,29,145
12,1,86,0,43,29,145
12,2,87,0,42,29,145
12,3,88,0,41,29,145
12,4,89,0,40,29,145
12,5,90,0,39,28,145
12,6,91,0,38,29,145
13,1,91,0,37,29,145
13,2,91,0,36,29,145
13,3,92,0,35,26,145
13,4,93,0,34,27,145
13,5,97,0,33,30,145
13,6,98,0,32,30,145
14,1,98,0,31,26,145
14,2,99,0,30,27,145
14,3,100,0,29,27,145
14,4,100,0,28,26,145
14,5,102,0,27,28,145
14,6,102,0,26,27,145
15,1,102,0,25,26,145
15,2,102,0,24,25,145
15,3,102,0,23,21,145
15,4,102,0,22,21,145
15,5,104,0,21,23,145
15,6,105,0,20,23,145
16,1,106,0,19,23,145
16,2,106,0,18,23,145
16,3,112,0,17,28,145
16,4,112,0,16,27,145
16,5,113,0,15,28,145
16,6,114,0,14,28,145
17,1,115,0,13,29,145
17,2,115,0,12,28,145
17,3,116,0,11,28,145
17,4,117,0,10,28,145
17,5,118,0,9,28,145
17,6,118,0,8,27,145
18,1,120,0,7,29,145
18,2,122,0,6,31,145
18,3,123,0,5,31,145
18,4,127,0,4,34,145
18,5,127,0,3,30,145
18,6,131,0,2,33,145
19,1,133,0,1,35,145
19,2,133,0,0,34,145
19,3,133,0,-1,33,145
19,4,139,0,-2,39,145
19,5,139,0,-3,37,145
19,6,145,0,-4,43,145
0,1,1,0,119,1,172
0,2,2,0,118,2,172
0,3,2,0,117,2,172
0,4,3,0,116,3,172
0,5,9,0,115,9,172
0,6,13,0,114,13,172
1,1,17,0,113,17,172
1,2,21,0,112,21,172
1,3,22,0,111,22,172
1,4,23,0,110,23,172
1,5,27,0,109,27,172
1,6,28,0,108,28,172
2,1,28,0,107,28,172
2,2,28,0,106,28,172
2,3,28,0,105,28,172
2,4,30,0,104,30,172
2,5,30,0,103,30,172
2,6,33,0,102,33,172
3,1,34,0,101,34,172
3,2,34,0,100,34,172
3,3,38,0,99,38,172
3,4,42,0,98,42,172
3,5,46,0,97,46,172
3,6,46,0,96,46,172
4,1,47,0,95,47,172
4,2,47,0,94,47,172
4,3,48,0,93,48,172
4,4,49,0,92,49,172
4,5,49,0,91,49,172
4,6,49,0,90,49,172
5,1,53,0,89,52,172
5,2,54,0,88,52,172
5,3,54,0,87,52,172
5,4,55,0,86,52,172
5,5,55,0,85,46,172
5,6,56,0,84,43,172
6,1,56,0,83,39,172
6,2,57,0,82,36,172
6,3,60,0,81,38,172
6,4,61,0,80,38,172
6,5,62,0,79,35,172
6,6,63,0,78,35,172
7,1,63,0,77,35,172
7,2,63,0,76,35,172
7,3,69,0,75,41,172
7,4,69,0,74,39,172
7,5,73,0,73,43,172
7,6,73,0,72,40,172
8,1,73,0,71,39,172
8,2,73,0,70,39,172
8,3,74,0,69,36,172
8,4,75,0,68,33,172
8,5,76,0,67,30,172
8,6,76,0,66,30,172
9,1,77,0,65,30,172
9,2,78,0,64,31,172
9,3,79,0,63,31,172
9,4,80,0,62,31,172
9,5,81,0,61,32,172
9,6,82,0,60,33,172
9,7,82,0,59,29,172
10,1,83,0,58,29,172
10,2,84,0,57,30,172
10,3,85,0,56,30,172
10,4,86,0,55,31,172
10,5,87,0,54,31,172
10,6,87,0,53,31,172
11,1,88,0,52,31,172
11,2,92,0,51,32,172
11,3,92,0,50,31,172
11,4,96,0,49,34,172
11,5,98,0,48,35,172
11,6,99,0,47,36,172
12,1,99,0,46,36,172
12,2,99,0,45,30,172
12,3,100,0,44,31,172
12,4,104,0,43,31,172
12,5,105,0,42,32,172
12,6,106,0,41,33,172
13,1,106,0,40,33,172
13,2,106,0,39,32,172
13,3,107,0,38,32,172
13,4,108,0,37,32,172
13,5,112,0,36,36,172
13,6,113,0,35,36,172
14,1,113,0,34,35,172
14,2,114,0,33,35,172
14,3,115,0,32,35,172
14,4,116,0,31,35,172
14,5,116,0,30,34,172
14,6,116,0,29,34,172
15,1,117,0,28,34,172
15,2,118,0,27,34,172
15,3,119,0,26,34,172
15,4,119,0,25,33,172
15,5,120,0,24,33,172
15,6,121,0,23,34,172
16,1,121,0,22,33,172
16,2,121,0,21,29,172
16,3,121,0,20,29,172
16,4,122,0,19,26,172
16,5,123,0,18,25,172
16,6,127,0,17,28,172
17,1,128,0,16,29,172
17,2,128,0,15,29,172
17,3,129,0,14,29,172
17,4,133,0,13,29,172
17,5,134,0,12,29,172
17,6,134,0,11,28,172
18,1,134,0,10,28,172
18,2,138,0,9,32,172
18,3,138,0,8,31,172
18,4,140,0,7,32,172
18,5,146,0,6,34,172
18,6,148,0,5,35,172
19,1,150,0,4,37,172
19,2,151,0,3,37,172
19,3,157,0,2,42,172
19,4,163,0,1,47,172
19,5,169,0,0,53,172
19,6,172,0,-1,56,172
0,1,0,0,119,0,79
0,2,0,0,118,0,79
0,3,0,0,117,0,79
0,4,3,0,116,3,79
0,5,4,0,115,4,79
0,6,4,0,114,4,79
0,7,4,0,113,4,79
1,1,4,0,112,4,79
1,2,4,0,111,4,79
1,3,4,0,110,4,79
1,4,4,0,109,4,79
1,5,5,0,108,5,79
1,6,5,0,107,5,79
1,7,5,0,106,5,79
2,1,5,0,105,5,79
2,2,5,0,104,5,79
2,3,6,0,103,6,79
2,4,7,0,102,7,79
2,5,7,0,101,7,79
2,6,7,0,100,7,79
3,1,8,0,99,8,79
3,2,8,0,98,8,79
3,3,12,0,97,12,79
3,4,12,0,96,12,79
3,5,12,0,95,12,79
3,6,12,0,94,12,79
3,7,12,0,93,12,79
4,1,12,0,92,12,79
4,2,13,0,91,13,79
4,3,13,0,90,13,79
4,4,13,0,89,13,79
4,5,14,0,88,14,79
4,6,15,0,87,15,79
5,1,15,0,86,12,79
5,2,17,0,85,13,79
5,3,18,0,84,14,79
5,4,18,0,83,14,79
5,5,19,0,82,15,79
5,6,19,0,81,15,79
5,7,20,0,80,16,79
6,1,20,0,79,16,79
6,2,22,0,78,17,79
6,3,22,0,77,17,79
6,4,22,0,76,17,79
6,5,22,0,75,17,79
6,6,23,0,74,18,79
7,1,23,0,73,17,79
7,2,23,0,72,16,79
7,3,23,0,71,16,79
7,4,24,0,70,17,79
7,5,24,0,69,16,79
7,6,24,0,68,16,79
8,1,28,0,67,16,79
8,2,28,0,66,16,79
8,3,30,0,65,18,79
8,4,30,0,64,18,79
8,5,30,0,63,18,79
8,6,30,0,62,18,79
9,1,31,0,61,18,79
9,2,31,0,60,18,79
9,3,31,0,59,18,79
9,4,31,0,58,17,79
9,5,31,0,57,16,79
9,6,31,0,56,16,79
10,1,32,0,55,15,79
10,2,33,0,54,15,79
10,3,33,0,53,15,79
10,4,37,0,52,18,79
10,5,37,0,51,18,79
10,6,37,0,50,17,79
11,1,41,0,49,21,79
11,2,45,0,48,23,79
11,3,46,0,47,24,79
11,4,46,0,46,24,79
11,5,46,0,45,24,79
11,6,46,0,44,23,79
12,1,46,0,43,23,79
12,2,46,0,42,23,79
12,3,46,0,41,23,79
12,4,47,0,40,23,79
12,5,47,0,39,23,79
12,6,47,0,38,23,79
13,1,47,0,37,19,79
13,2,47,0,36,19,79
13,3,47,0,35,17,79
13,4,47,0,34,17,79
13,5,48,0,33,18,79
13,6,48,0,32,18,79
14,1,48,0,31,17,79
14,2,50,0,30,19,79
14,3,51,0,29,20,79
14,4,52,0,28,21,79
14,5,52,0,27,21,79
14,6,53,0,26,22,79
15,1,54,0,25,22,79
15,2,55,0,24,22,79
15,3,55,0,23,22,79
15,4,56,0,22,19,79
15,5,56,0,21,19,79
15,6,56,0,20,19,79
16,1,56,0,19,15,79
16,2,60,0,18,15,79
16,3,64,0,17,18,79
16,4,66,0,16,20,79
16,5,67,0,15,21,79
16,6,67,0,14,21,79
17,1,67,0,13,21,79
17,2,68,0,12,22,79
17,3,68,0,11,22,79
17,4,69,0,10,22,79
17,5,69,0,9,22,79
17,6,71,0,8,24,79
18,1,72,0,7,25,79
18,2,74,0,6,27,79
18,3,74,0,5,27,79
18,4,75,0,4,28,79
18,5,76,0,3,28,79
18,6,76,0,2,28,79
19,1,76,0,1,28,79
19,2,77,0,0,27,79
19,3,78,0,-1,27,79
19,4,79,0,-2,27,79
19,5,79,0,-3,27,79
0,1,1,0,119,1,150
0,2,5,0,118,5,150
0,3,6,0,117,6,150
0,4,6,0,116,6,150
0,5,6,0,115,6,150
0,6,6,0,114,6,150
0,7,6,0,113,6,150
1,1,8,0,112,8,150
1,2,8,0,111,8,150
1,3,8,0,110,8,150
1,4,8,0,109,8,150
1,5,8,0,108,8,150
1,6,9,0,107,9,150
2,1,10,0,106,10,150
2,2,11,0,105,11,150
2,3,11,0,104,11,150
2,4,11,0,103,11,150
2,5,13,0,102,13,150
2,6,13,0,101,13,150
3,1,14,0,100,14,150
3,2,14,0,99,14,150
3,3,20,0,98,20,150
3,4,22,0,97,22,150
3,5,23,0,96,23,150
3,6,23,0,95,23,150
4,1,24,0,94,24,150
4,2,25,0,93,25,150
4,3,25,0,92,25,150
4,4,27,0,91,27,150
4,5,28,0,90,28,150
4,6,32,0,89,31,150
4,7,33,0,88,28,150
4,8,33,0,87,27,150
5,1,34,0,86,28,150
5,2,34,0,85,28,150
5,3,34,0,84,28,150
5,4,38,0,83,32,150
5,5,38,0,82,30,150
5,6,39,0,81,31,150
6,1,40,0,80,32,150
6,2,40,0,79,32,150
6,3,40,0,78,32,150
6,4,40,0,77,31,150
6,5,41,0,76,31,150
6,6,42,0,75,31,150
6,7,43,0,74,32,150
7,1,43,0,73,32,150
7,2,43,0,72,30,150
7,3,47,0,71,34,150
7,4,48,0,70,34,150
7,5,49,0,69,35,150
7,6,50,0,68,30,150
8,1,51,0,67,29,150
8,2,52,0,66,29,150
8,3,52,0,65,29,150
8,4,53,0,64,29,150
8,5,53,0,63,28,150
8,6,54,0,62,29,150
9,1,60,0,61,33,150
9,2,62,0,60,34,150
9,3,63,0,59,31,150
9,4,64,0,58,31,150
9,5,65,0,57,32,150
9,6,66,0,56,32,150
10,1,66,0,55,32,150
10,2,66,0,54,32,150
10,3,67,0,53,29,150
10,4,71,0,52,33,150
10,5,72,0,51,33,150
10,6,72,0,50,32,150
11,1,72,0,49,32,150
11,2,73,0,48,33,150
11,3,74,0,47,34,150
11,4,75,0,46,34,150
11,5,76,0,45,34,150
11,6,80,0,44,37,150
11,7,86,0,43,43,150
12,1,86,0,42,43,150
12,2,87,0,41,40,150
12,3,89,0,40,41,150
12,4,90,0,39,41,150
12,5,90,0,38,40,150
12,6,91,0,37,40,150
13,1,92,0,36,40,150
13,2,93,0,35,41,150
13,3,94,0,34,41,150
13,4,94,0,33,41,150
13,5,95,0,32,41,150
13,6,96,0,31,36,150
14,1,96,0,30,34,150
14,2,97,0,29,34,150
14,3,98,0,28,34,150
14,4,98,0,27,33,150
14,5,101,0,26,35,150
14,6,102,0,25,36,150
15,1,103,0,24,37,150
15,2,105,0,23,38,150
15,3,105,0,22,34,150
15,4,106,0,21,34,150
15,5,107,0,20,35,150
15,6,108,0,19,36,150
16,1,109,0,18,36,150
16,2,110,0,17,36,150
16,3,110,0,16,35,150
16,4,110,0,15,34,150
16,5,111,0,14,31,150
16,6,115,0,13,29,150
16,7,116,0,12,30,150
17,1,117,0,11,30,150
17,2,118,0,10,29,150
17,3,119,0,9,29,150
17,4,121,0,8,31,150
17,5,122,0,7,31,150
17,6,123,0,6,31,150
18,1,127,0,5,34,150
18,2,127,0,4,33,150
18,3,128,0,3,34,150
18,4,130,0,2,35,150
18,5,131,0,1,35,150
18,6,135,0,0,39,150
19,1,136,0,-1,39,150
19,2,140,0,-2,42,150
19,3,141,0,-3,43,150
19,4,147,0,-4,46,150
19,5,148,0,-5,46,150
19,6,150,0,-6,47,150
0,1,0,0,119,0,9
0,2,0,0,118,0,9
0,3,0,0,117,0,9
0,4,0,0,116,0,9
0,5,1,0,115,1,9
0,6,1,0,114,1,9
1,1,1,0,113,1,9
1,2,1,0,112,1,9
1,3,1,0,111,1,9
1,4,1,0,110,1,9
1,5,1,0,109,1,9
1,6,1,0,108,1,9
2,1,1,0,107,1,9
2,2,1,0,106,1,9
2,3,1,0,105,1,9
2,4,1,0,104,1,9
2,5,1,0,103,1,9
2,6,1,0,102,1,9
3,1,1,0,101,1,9
3,2,1,0,100,1,9
3,3,1,0,99,1,9
3,4,1,0,98,1,9
3,5,1,0,97,1,9
3,6,1,0,96,1,9
4,1,1,0,95,1,9
4,2,1,0,94,1,9
4,3,1,0,93,1,9
4,4,1,0,92,1,9
4,5,1,0,91,1,9
4,6,1,0,90,1,9
5,1,2,0,89,2,9
5,2,3,0,88,3,9
5,3,3,0,87,3,9
5,4,3,0,86,3,9
5,5,3,0,85,2,9
5,6,3,0,84,2,9
6,1,3,0,83,2,9
6,2,6,0,82,5,9
6,3,6,0,81,5,9
6,4,6,0,80,5,9
6,5,6,0,79,5,9
6,6,6,0,78,5,9
7,1,6,0,77,5,9
7,2,6,0,76,5,9
7,3,6,0,75,5,9
7,4,7,0,74,6,9
7,5,7,0,73,6,9
7,6,7,0,72,6,9
8,1,7,0,71,6,9
8,2,8,0,70,7,9
8,3,8,0,69,7,9
8,4,8,0,68,7,9
8,5,8,0,67,7,9
8,6,8,0,66,7,9
9,1,8,0,65,7,9
9,2,8,0,64,7,9
9,3,8,0,63,7,9
9,4,8,0,62,7,9
9,5,8,0,61,7,9
9,6,9,0,60,8,9
10,1,9,0,59,7,9
0,1,0,0,119,0,26
0,2,0,0,118,0,26
0,3,0,0,117,0,26
0,4,0,0,116,0,26
0,5,1,0,115,1,26
0,6,1,0,114,1,26
1,1,1,0,113,1,26
1,2,1,0,112,1,26
1,3,2,0,111,2,26
1,4,3,0,110,3,26
1,5,3,0,109,3,26
1,6,3,0,108,3,26
1,7,6,0,107,6,26
1,8,6,0,106,6,26
2,1,6,0,105,6,26
2,2,6,0,104,6,26
2,3,7,0,103,7,26
2,4,7,0,102,7,26
2,5,7,0,101,7,26
2,6,9,0,100,9,26
2,7,9,0,99,9,26
2,8,9,0,98,9,26
3,1,10,0,97,10,26
3,2,10,0,96,10,26
3,3,10,0,95,10,26
3,4,11,0,94,11,26
3,5,13,0,93,13,26
3,6,17,0,92,17,26
4,1,17,0,91,17,26
4,2,18,0,90,18,26
4,3,18,0,89,18,26
4,4,18,0,88,18,26
4,5,19,0,87,19,26
4,6,19,0,86,19,26
5,1,19,0,85,18,26
5,2,20,0,84,19,26
5,3,20,0,83,19,26
5,4,20,0,82,19,26
5,5,20,0,81,18,26
5,6,20,0,80,17,26
6,1,21,0,79,18,26
6,2,21,0,78,18,26
6,3,21,0,77,15,26
6,4,21,0,76,15,26
6,5,21,0,75,15,26
6,6,21,0,74,15,26
7,1,21,0,73,14,26
7,2,21,0,72,14,26
7,3,21,0,71,14,26
7,4,21,0,70,12,26
7,5,21,0,69,12,26
7,6,21,0,68,12,26
8,1,21,0,67,11,26
8,2,21,0,66,11,26
8,3,21,0,65,11,26
8,4,21,0,64,10,26
8,5,21,0,63,8,26
8,6,21,0,62,4,26
9,1,21,0,61,4,26
9,2,21,0,60,3,26
9,3,23,0,59,5,26
9,4,23,0,58,5,26
9,5,24,0,57,5,26
9,6,24,0,56,5,26
10,1,24,0,55,5,26
10,2,24,0,54,4,26
10,3,25,0,53,5,26
10,4,25,0,52,5,26
10,5,25,0,51,5,26
10,6,25,0,50,5,26
11,1,25,0,49,4,26
11,2,26,0,48,5,26
11,3,26,0,47,5,26
11,4,26,0,46,5,26
11,5,26,0,45,5,26
11,6,26,0,44,5,26
12,1,26,0,43,5,26
12,2,26,0,42,5,26
12,3,26,0,41,5,26
12,4,26,0,40,5,26
12,5,26,0,39,5,26
12,6,26,0,38,5,26
0,1,0,0,119,0,161
0,2,0,0,118,0,161
0,3,0,0,117,0,161
0,4,4,0,116,4,161
0,5,4,0,115,4,161
0,6,6,0,114,6,161
1,1,6,0,113,6,161
1,2,6,0,112,6,161
1,3,7,0,111,7,161
1,4,7,0,110,7,161
1,5,7,0,109,7,161
1,6,11,0,108,11,161
2,1,13,0,107,13,161
2,2,13,0,106,13,161
2,3,14,0,105,14,161
2,4,18,0,104,18,161
2,5,18,0,103,18,161
2,6,22,0,102,22,161
3,1,23,0,101,23,161
3,2,23,0,100,23,161
3,3,27,0,99,27,161
3,4,27,0,98,27,161
3,5,28,0,97,28,161
3,6,29,0,96,29,161
4,1,33,0,95,33,161
4,2,37,0,94,37,161
4,3,38,0,93,38,161
4,4,40,0,92,40,161
4,5,42,0,91,42,161
4,6,43,0,90,43,161
4,7,45,0,89,45,161
5,1,46,0,88,46,161
5,2,47,0,87,47,161
5,3,48,0,86,44,161
5,4,49,0,85,45,161
5,5,50,0,84,44,161
5,6,52,0,83,46,161
6,1,53,0,82,47,161
6,2,57,0,81,50,161
6,3,58,0,80,51,161
6,4,62,0,79,55,161
6,5,62,0,78,51,161
6,6,63,0,77,50,161
7,1,64,0,76,51,161
7,2,65,0,75,51,161
7,3,65,0,74,47,161
7,4,69,0,73,51,161
7,5,70,0,72,48,161
7,6,73,0,71,50,161
7,7,73,0,70,50,161
8,1,74,0,69,47,161
8,2,75,0,68,48,161
8,3,77,0,67,49,161
8,4,78,0,66,49,161
8,5,79,0,65,46,161
8,6,79,0,64,42,161
9,1,85,0,63,47,161
9,2,87,0,62,47,161
9,3,89,0,61,47,161
9,4,91,0,60,48,161
9,5,91,0,59,46,161
9,6,92,0,58,46,161
9,7,92,0,57,45,161
10,1,92,0,56,44,161
10,2,93,0,55,44,161
10,3,94,0,54,44,161
10,4,95,0,53,43,161
10,5,96,0,52,43,161
10,6,96,0,51,39,161
11,1,98,0,50,40,161
11,2,100,0,49,38,161
11,3,101,0,48,39,161
11,4,102,0,47,39,161
11,5,102,0,46,38,161
11,6,106,0,45,41,161
12,1,107,0,44,42,161
12,2,107,0,43,38,161
12,3,108,0,42,38,161
12,4,109,0,41,36,161
12,5,110,0,40,37,161
12,6,111,0,39,37,161
13,1,112,0,38,37,161
13,2,113,0,37,36,161
13,3,114,0,36,36,161
13,4,115,0,35,36,161
13,5,115,0,34,36,161
13,6,121,0,33,36,161
13,7,122,0,32,35,161
14,1,128,0,31,39,161
14,2,134,0,30,43,161
14,3,135,0,29,44,161
14,4,135,0,28,43,161
14,5,136,0,27,44,161
14,6,136,0,26,44,161
15,1,137,0,25,44,161
15,2,138,0,24,44,161
15,3,139,0,23,44,161
15,4,140,0,22,44,161
15,5,140,0,21,44,161
15,6,141,0,20,43,161
16,1,143,0,19,43,161
16,2,143,0,18,42,161
16,3,144,0,17,42,161
16,4,145,0,16,43,161
16,5,145,0,15,39,161
16,6,146,0,14,39,161
17,1,147,0,13,40,161
17,2,147,0,12,39,161
17,3,148,0,11,39,161
17,4,149,0,10,39,161
17,5,149,0,9,38,161
17,6,150,0,8,38,161
18,1,151,0,7,38,161
18,2,152,0,6,38,161
18,3,153,0,5,38,161
18,4,154,0,4,39,161
18,5,154,0,3,33,161
18,6,156,0,2,34,161
18,7,158,0,1,30,161
19,1,158,0,0,24,161
19,2,158,0,-1,23,161
19,3,159,0,-2,24,161
19,4,159,0,-3,23,161
19,5,159,0,-4,23,161
19,6,161,0,-5,24,161
0,1,0,0,119,0,151
0,2,4,0,118,4,151
0,3,4,0,117,4,151
0,4,5,0,116,5,151
0,5,5,0,115,5,151
0,6,5,0,114,5,151
1,1,5,0,113,5,151
1,2,6,0,112,6,151
1,3,7,0,111,7,151
1,4,8,0,110,8,151
1,5,9,0,109,9,151
1,6,9,0,108,9,151
1,7,9,0,107,9,151
1,8,11,0,106,11,151
2,1,12,0,105,12,151
2,2,14,0,104,14,151
2,3,14,0,103,14,151
2,4,15,0,102,15,151
2,5,15,0,101,15,151
2,6,16,0,100,16,151
3,1,17,0,99,17,151
3,2,17,0,98,17,151
3,3,17,0,97,17,151
3,4,17,0,96,17,151
3,5,17,0,95,17,151
3,6,17,0,94,17,151
4,1,18,0,93,18,151
4,2,24,0,92,24,151
4,3,24,0,91,24,151
4,4,24,0,90,24,151
4,5,28,0,89,28,151
4,6,28,0,88,24,151
5,1,28,0,87,24,151
5,2,30,0,86,25,151
5,3,36,0,85,31,151
5,4,36,0,84,31,151
5,5,37,0,83,32,151
5,6,37,0,82,31,151
6,1,38,0,81,31,151
6,2,39,0,80,31,151
6,3,39,0,79,30,151
6,4,40,0,78,31,151
6,5,41,0,77,32,151
6,6,41,0,76,30,151
7,1,41,0,75,29,151
7,2,41,0,74,27,151
7,3,47,0,73,33,151
7,4,47,0,72,32,151
7,5,47,0,71,32,151
7,6,51,0,70,35,151
8,1,52,0,69,35,151
8,2,52,0,68,35,151
8,3,52,0,67,35,151
8,4,52,0,66,35,151
8,5,52,0,65,35,151
8,6,56,0,64,39,151
8,7,57,0,63,39,151
9,1,57,0,62,33,151
9,2,57,0,61,33,151
9,3,58,0,60,34,151
9,4,58,0,59,30,151
9,5,59,0,58,31,151
9,6,60,0,57,32,151
10,1,62,0,56,32,151
10,2,65,0,55,29,151
10,3,65,0,54,29,151
10,4,69,0,53,32,151
10,5,70,0,52,33,151
10,6,72,0,51,34,151
10,7,77,0,50,38,151
10,8,83,0,49,44,151
11,1,84,0,48,44,151
11,2,84,0,47,43,151
11,3,85,0,46,44,151
11,4,85,0,45,44,151
11,5,85,0,44,44,151
11,6,85,0,43,38,151
12,1,86,0,42,39,151
12,2,90,0,41,43,151
12,3,90,0,40,39,151
12,4,90,0,39,38,151
12,5,91,0,38,39,151
12,6,91,0,37,39,151
13,1,92,0,36,40,151
13,2,93,0,35,41,151
13,3,93,0,34,37,151
13,4,94,0,33,37,151
13,5,95,0,32,38,151
13,6,95,0,31,38,151
14,1,95,0,30,37,151
14,2,96,0,29,38,151
14,3,96,0,28,37,151
14,4,97,0,27,37,151
14,5,97,0,26,35,151
14,6,98,0,25,33,151
15,1,102,0,24,37,151
15,2,106,0,23,37,151
15,3,110,0,22,40,151
15,4,111,0,21,39,151
15,5,113,0,20,36,151
15,6,113,0,19,30,151
16,1,114,0,18,30,151
16,2,115,0,17,31,151
16,3,116,0,16,31,151
16,4,117,0,15,32,151
16,5,118,0,14,33,151
16,6,119,0,13,34,151
17,1,121,0,12,35,151
17,2,122,0,11,32,151
17,3,123,0,10,33,151
17,4,127,0,9,37,151
17,5,129,0,8,38,151
17,6,133,0,7,42,151
18,1,135,0,6,43,151
18,2,136,0,5,43,151
18,3,138,0,4,45,151
18,4,142,0,3,48,151
18,5,146,0,2,51,151
18,6,147,0,1,52,151
19,1,148,0,0,53,151
19,2,149,0,-1,53,151
19,3,150,0,-2,54,151
19,4,150,0,-3,53,151
19,5,151,0,-4,54,151
19,6,151,0,-5,53,151
0,1,0,0,119,0,30
0,2,0,0,118,0,30
0,3,0,0,117,0,30
0,4,0,0,116,0,30
0,5,0,0,115,0,30
0,6,0,0,114,0,30
1,1,1,0,113,1,30
1,2,1,0,112,1,30
1,3,3,0,111,3,30
1,4,3,0,110,3,30
1,5,3,0,109,3,30
1,6,4,0,108,4,30
2,1,6,0,107,6,30
2,2,10,0,106,10,30
2,3,10,0,105,10,30
2,4,10,0,104,10,30
2,5,11,0,103,11,30
2,6,12,0,102,12,30
3,1,12,0,101,12,30
3,2,12,0,100,12,30
3,3,13,0,99,13,30
3,4,14,0,98,14,30
3,5,14,0,97,14,30
3,6,14,0,96,14,30
4,1,15,0,95,15,30
4,2,15,0,94,15,30
4,3,15,0,93,15,30
4,4,15,0,92,15,30
4,5,15,0,91,15,30
4,6,15,0,90,15,30
5,1,15,0,89,15,30
5,2,21,0,88,21,30
5,3,21,0,87,21,30
5,4,21,0,86,21,30
5,5,21,0,85,21,30
5,6,21,0,84,21,30
6,1,21,0,83,20,30
6,2,22,0,82,21,30
6,3,22,0,81,19,30
6,4,24,0,80,21,30
6,5,25,0,79,22,30
6,6,25,0,78,21,30
7,1,25,0,77,19,30
7,2,25,0,76,15,30
7,3,26,0,75,16,30
7,4,26,0,74,16,30
7,5,26,0,73,15,30
7,6,27,0,72,15,30
8,1,29,0,71,17,30
8,2,29,0,70,17,30
8,3,29,0,69,16,30
8,4,29,0,68,15,30
8,5,29,0,67,15,30
8,6,30,0,66,16,30
9,1,30,0,65,15,30
9,2,30,0,64,15,30
9,3,30,0,63,15,30
9,4,30,0,62,15,30
9,5,30,0,61,15,30
9,6,30,0,60,15,30
0,1,4,0,119,4,81
0,2,4,0,118,4,81
0,3,5,0,117,5,81
0,4,5,0,116,5,81
0,5,6,0,115,6,81
0,6,6,0,114,6,81
0,7,10,0,113,10,81
1,1,10,0,112,10,81
1,2,10,0,111,10,81
1,3,11,0,110,11,81
1,4,11,0,109,11,81
1,5,11,0,108,11,81
1,6,11,0,107,11,81
2,1,15,0,106,15,81
2,2,15,0,105,15,81
2,3,16,0,104,16,81
2,4,17,0,103,17,81
2,5,18,0,102,18,81
2,6,18,0,101,18,81
3,1,19,0,100,19,81
3,2,23,0,99,23,81
3,3,23,0,98,23,81
3,4,23,0,97,23,81
3,5,24,0,96,24,81
3,6,24,0,95,24,81
4,1,24,0,94,24,81
4,2,25,0,93,25,81
4,3,25,0,92,25,81
4,4,27,0,91,27,81
4,5,28,0,90,28,81
4,6,28,0,89,24,81
5,1,32,0,88,28,81
5,2,32,0,87,27,81
5,3,32,0,86,27,81
5,4,32,0,85,26,81
5,5,36,0,84,30,81
5,6,37,0,83,27,81
6,1,38,0,82,28,81
6,2,38,0,81,28,81
6,3,39,0,80,28,81
6,4,40,0,79,29,81
6,5,40,0,78,29,81
6,6,41,0,77,30,81
7,1,42,0,76,27,81
7,2,42,0,75,27,81
7,3,43,0,74,27,81
7,4,44,0,73,27,81
7,5,45,0,72,27,81
7,6,45,0,71,27,81
7,7,46,0,70,27,81
8,1,47,0,69,24,81
8,2,47,0,68,24,81
8,3,47,0,67,24,81
8,4,48,0,66,24,81
8,5,48,0,65,24,81
8,6,48,0,64,24,81
9,1,49,0,63,24,81
9,2,50,0,62,25,81
9,3,52,0,61,25,81
9,4,53,0,60,25,81
9,5,56,0,59,28,81
9,6,57,0,58,25,81
9,7,58,0,57,26,81
9,8,59,0,56,27,81
10,1,60,0,55,28,81
10,2,60,0,54,24,81
10,3,60,0,53,23,81
10,4,61,0,52,23,81
10,5,61,0,51,23,81
10,6,61,0,50,22,81
11,1,61,0,49,21,81
11,2,62,0,48,22,81
11,3,63,0,47,22,81
11,4,64,0,46,22,81
11,5,64,0,45,22,81
11,6,64,0,44,21,81
12,1,65,0,43,21,81
12,2,65,0,42,20,81
12,3,65,0,41,20,81
12,4,65,0,40,19,81
12,5,65,0,39,18,81
12,6,66,0,38,19,81
13,1,66,0,37,19,81
13,2,68,0,36,20,81
13,3,68,0,35,20,81
13,4,69,0,34,21,81
13,5,70,0,33,21,81
13,6,71,0,32,21,81
14,1,71,0,31,19,81
14,2,72,0,30,19,81
14,3,72,0,29,16,81
14,4,72,0,28,15,81
14,5,74,0,27,16,81
14,6,76,0,26,17,81
15,1,76,0,25,16,81
15,2,77,0,24,17,81
15,3,77,0,23,17,81
15,4,77,0,22,16,81
15,5,79,0,21,18,81
15,6,80,0,20,19,81
16,1,80,0,19,19,81
16,2,80,0,18,18,81
16,3,80,0,17,17,81
16,4,81,0,16,17,81
16,5,81,0,15,17,81
16,6,81,0,14,17,81
17,1,81,0,13,16,81
17,2,81,0,12,16,81
17,3,81,0,11,16,81
0,1,1,0,119,1,72
0,2,2,0,118,2,72
0,3,2,0,117,2,72
0,4,3,0,116,3,72
0,5,4,0,115,4,72
0,6,4,0,114,4,72
0,7,5,0,113,5,72
0,8,6,0,112,6,72
0,9,6,0,111,6,72
0,1,7,0,110,7,72
0,11,11,0,109,11,72
0,12,11,0,108,11,72
1,1,11,0,107,11,72
1,2,12,0,106,12,72
1,3,14,0,105,14,72
1,4,14,0,104,14,72
1,5,14,0,103,14,72
1,6,15,0,102,15,72
2,1,16,0,101,16,72
2,2,16,0,100,16,72
2,3,16,0,99,16,72
2,4,16,0,98,16,72
2,5,16,0,97,16,72
2,6,16,0,96,16,72
3,1,16,0,95,16,72
3,2,16,0,94,16,72
3,3,17,0,93,17,72
3,4,17,0,92,17,72
3,5,18,0,91,18,72
3,6,18,0,90,18,72
3,7,18,0,89,17,72
4,1,18,0,88,16,72
4,2,18,0,87,16,72
4,3,18,0,86,15,72
4,4,18,0,85,14,72
4,5,18,0,84,14,72
4,6,18,0,83,13,72
5,1,18,0,82,12,72
5,2,18,0,81,12,72
5,3,18,0,80,11,72
5,4,18,0,79,7,72
5,5,18,0,78,7,72
5,6,18,0,77,7,72
6,1,18,0,76,6,72
6,2,18,0,75,4,72
6,3,18,0,74,4,72
6,4,18,0,73,4,72
6,5,22,0,72,7,72
6,6,22,0,71,6,72
7,1,22,0,70,6,72
7,2,23,0,69,7,72
7,3,23,0,68,7,72
7,4,23,0,67,7,72
7,5,23,0,66,7,72
7,6,23,0,65,7,72
8,1,24,0,64,8,72
8,2,24,0,63,7,72
8,3,25,0,62,8,72
8,4,25,0,61,7,72
8,5,25,0,60,7,72
8,6,25,0,59,7,72
9,1,31,0,58,13,72
9,2,31,0,57,13,72
9,3,31,0,56,13,72
9,4,33,0,55,15,72
9,5,34,0,54,16,72
9,6,34,0,53,16,72
10,1,38,0,52,20,72
10,2,38,0,51,20,72
10,3,38,0,50,20,72
10,4,38,0,49,20,72
10,5,42,0,48,24,72
10,6,42,0,47,24,72
11,1,42,0,46,24,72
11,2,43,0,45,25,72
11,3,43,0,44,25,72
11,4,43,0,43,25,72
11,5,44,0,42,22,72
11,6,44,0,41,22,72
12,1,44,0,40,22,72
12,2,44,0,39,21,72
12,3,45,0,38,22,72
12,4,45,0,37,22,72
12,5,45,0,36,22,72
12,6,46,0,35,23,72
13,1,46,0,34,22,72
13,2,46,0,33,22,72
13,3,46,0,32,21,72
13,4,46,0,31,21,72
13,5,47,0,30,22,72
13,6,48,0,29,23,72
14,1,49,0,28,18,72
14,2,50,0,27,19,72
14,3,51,0,26,20,72
14,4,51,0,25,18,72
14,5,52,0,24,18,72
14,6,52,0,23,18,72
14,7,53,0,22,15,72
15,1,57,0,21,19,72
15,2,58,0,20,20,72
15,3,59,0,19,21,72
15,4,59,0,18,17,72
15,5,59,0,17,17,72
15,6,59,0,16,17,72
16,1,60,0,15,17,72
16,2,60,0,14,17,72
16,3,60,0,13,17,72
16,4,61,0,12,17,72
16,5,61,0,11,17,72
16,6,62,0,10,18,72
17,1,62,0,9,18,72
17,2,62,0,8,17,72
17,3,63,0,7,18,72
17,4,64,0,6,19,72
17,5,64,0,5,18,72
17,6,64,0,4,18,72
18,1,65,0,3,19,72
18,2,65,0,2,19,72
18,3,65,0,1,19,72
18,4,66,0,0,19,72
18,5,66,0,-1,18,72
18,6,66,0,-2,17,72
18,7,66,0,-3,16,72
19,1,67,0,-4,16,72
19,2,67,0,-5,16,72
19,3,69,0,-6,17,72
19,4,69,0,-7,17,72
19,5,70,0,-8,17,72
19,6,72,0,-9,15,72
19,7,72,0,-10,14,72
0,1,1,0,119,1,105
0,2,2,0,118,2,105
0,3,3,0,117,3,105
0,4,4,0,116,4,105
0,5,4,0,115,4,105
0,6,8,0,114,8,105
0,7,8,0,113,8,105
0,8,8,0,112,8,105
0,9,8,0,111,8,105
1,1,12,0,110,12,105
1,2,12,0,109,12,105
1,3,13,0,108,13,105
1,4,17,0,107,17,105
1,5,17,0,106,17,105
1,6,17,0,105,17,105
2,1,17,0,104,17,105
2,2,17,0,103,17,105
2,3,17,0,102,17,105
2,4,17,0,101,17,105
2,5,17,0,100,17,105
2,6,18,0,99,18,105
3,1,18,0,98,18,105
3,2,18,0,97,18,105
3,3,18,0,96,18,105
3,4,18,0,95,18,105
3,5,18,0,94,18,105
3,6,19,0,93,19,105
4,1,20,0,92,20,105
4,2,21,0,91,21,105
4,3,21,0,90,21,105
4,4,22,0,89,21,105
4,5,23,0,88,21,105
4,6,23,0,87,20,105
4,7,23,0,86,19,105
5,1,23,0,85,19,105
5,2,27,0,84,19,105
5,3,27,0,83,19,105
5,4,28,0,82,20,105
5,5,28,0,81,20,105
5,6,28,0,80,16,105
6,1,29,0,79,17,105
6,2,29,0,78,16,105
6,3,30,0,77,13,105
6,4,30,0,76,13,105
6,5,30,0,75,13,105
6,6,30,0,74,13,105
6,7,34,0,73,17,105
7,1,34,0,72,17,105
7,2,38,0,71,21,105
7,3,39,0,70,22,105
7,4,39,0,69,21,105
7,5,39,0,68,21,105
7,6,40,0,67,22,105
8,1,41,0,66,23,105
8,2,41,0,65,23,105
8,3,42,0,64,24,105
8,4,42,0,63,23,105
8,5,42,0,62,22,105
8,6,43,0,61,22,105
9,1,45,0,60,24,105
9,2,46,0,59,24,105
9,3,46,0,58,23,105
9,4,46,0,57,23,105
9,5,46,0,56,23,105
9,6,46,0,55,23,105
10,1,46,0,54,19,105
10,2,46,0,53,19,105
10,3,47,0,52,19,105
10,4,48,0,51,20,105
10,5,52,0,50,24,105
10,6,52,0,49,23,105
11,1,56,0,48,27,105
11,2,57,0,47,27,105
11,3,58,0,46,28,105
11,4,59,0,45,29,105
11,5,60,0,44,30,105
11,6,60,0,43,26,105
11,7,61,0,42,27,105
12,1,61,0,41,23,105
12,2,63,0,40,24,105
12,3,63,0,39,24,105
12,4,64,0,38,25,105
12,5,64,0,37,24,105
12,6,65,0,36,24,105
13,1,65,0,35,24,105
13,2,65,0,34,23,105
13,3,66,0,33,24,105
13,4,66,0,32,24,105
13,5,66,0,31,23,105
13,6,66,0,30,21,105
14,1,72,0,29,26,105
14,2,73,0,28,27,105
14,3,77,0,27,31,105
14,4,77,0,26,31,105
14,5,77,0,25,31,105
14,6,78,0,24,32,105
15,1,79,0,23,33,105
15,2,80,0,22,33,105
15,3,80,0,21,32,105
15,4,81,0,20,29,105
15,5,82,0,19,30,105
15,6,83,0,18,27,105
16,1,83,0,17,26,105
16,2,83,0,16,25,105
16,3,87,0,15,28,105
16,4,93,0,14,33,105
16,5,93,0,13,33,105
16,6,94,0,12,33,105
17,1,94,0,11,33,105
17,2,96,0,10,33,105
17,3,96,0,9,33,105
17,4,97,0,8,33,105
17,5,97,0,7,33,105
17,6,98,0,6,33,105
18,1,100,0,5,35,105
18,2,101,0,4,36,105
18,3,101,0,3,35,105
18,4,103,0,2,37,105
18,5,104,0,1,38,105
18,6,104,0,0,38,105
19,1,104,0,-1,32,105
19,2,104,0,-2,31,105
19,3,105,0,-3,28,105
19,4,105,0,-4,28,105
19,5,105,0,-5,28,105
19,6,105,0,-6,27,105
0,1,0,0,119,0,136
0,2,0,0,118,0,136
0,3,0,0,117,0,136
0,4,0,0,116,0,136
0,5,1,0,115,1,136
0,6,1,0,114,1,136
1,1,1,0,113,1,136
1,2,2,0,112,2,136
1,3,3,0,111,3,136
1,4,7,0,110,7,136
1,5,11,0,109,11,136
1,6,11,0,108,11,136
1,7,11,0,107,11,136
2,1,11,0,106,11,136
2,2,11,0,105,11,136
2,3,11,0,104,11,136
2,4,11,0,103,11,136
2,5,11,0,102,11,136
2,6,13,0,101,13,136
3,1,13,0,100,13,136
3,2,13,0,99,13,136
3,3,13,0,98,13,136
3,4,13,0,97,13,136
3,5,13,0,96,13,136
3,6,17,0,95,17,136
4,1,17,0,94,17,136
4,2,18,0,93,18,136
4,3,19,0,92,19,136
4,4,23,0,91,23,136
4,5,24,0,90,24,136
4,6,28,0,89,28,136
4,7,28,0,88,28,136
5,1,29,0,87,29,136
5,2,33,0,86,33,136
5,3,33,0,85,32,136
5,4,33,0,84,32,136
5,5,33,0,83,32,136
5,6,33,0,82,31,136
6,1,35,0,81,32,136
6,2,36,0,80,29,136
6,3,37,0,79,26,136
6,4,37,0,78,26,136
6,5,37,0,77,26,136
6,6,38,0,76,27,136
7,1,39,0,75,28,136
7,2,43,0,74,32,136
7,3,43,0,73,32,136
7,4,43,0,72,32,136
7,5,43,0,71,30,136
7,6,47,0,70,34,136
8,1,47,0,69,34,136
8,2,47,0,68,34,136
8,3,49,0,67,36,136
8,4,50,0,66,37,136
8,5,50,0,65,33,136
8,6,51,0,64,34,136
9,1,52,0,63,34,136
9,2,53,0,62,34,136
9,3,53,0,61,30,136
9,4,54,0,60,30,136
9,5,55,0,59,27,136
9,6,57,0,58,29,136
10,1,58,0,57,29,136
10,2,59,0,56,26,136
10,3,60,0,55,27,136
10,4,60,0,54,27,136
10,5,61,0,53,28,136
10,6,62,0,52,29,136
10,7,63,0,51,28,136
10,8,67,0,50,31,136
11,1,68,0,49,31,136
11,2,69,0,48,32,136
11,3,73,0,47,36,136
11,4,74,0,46,36,136
11,5,78,0,45,39,136
11,6,82,0,44,39,136
12,1,83,0,43,40,136
12,2,83,0,42,40,136
12,3,84,0,41,41,136
12,4,85,0,40,38,136
12,5,86,0,39,39,136
12,6,88,0,38,41,136
13,1,90,0,37,41,136
13,2,91,0,36,41,136
13,3,92,0,35,42,136
13,4,93,0,34,42,136
13,5,97,0,33,45,136
13,6,99,0,32,46,136
14,1,99,0,31,46,136
14,2,99,0,30,45,136
14,3,103,0,29,48,136
14,4,103,0,28,46,136
14,5,103,0,27,45,136
14,6,103,0,26,44,136
15,1,107,0,25,47,136
15,2,107,0,24,47,136
15,3,108,0,23,47,136
15,4,108,0,22,46,136
15,5,109,0,21,46,136
15,6,110,0,20,43,136
16,1,112,0,19,44,136
16,2,113,0,18,44,136
16,3,114,0,17,41,136
16,4,114,0,16,40,136
16,5,115,0,15,37,136
16,6,116,0,14,34,136
17,1,116,0,13,33,136
17,2,116,0,12,33,136
17,3,116,0,11,32,136
17,4,117,0,10,32,136
17,5,118,0,9,32,136
17,6,122,0,8,34,136
18,1,122,0,7,32,136
18,2,123,0,6,32,136
18,3,124,0,5,32,136
18,4,125,0,4,32,136
18,5,126,0,3,29,136
18,6,128,0,2,29,136
19,1,129,0,1,30,136
19,2,129,0,0,30,136
19,3,130,0,-1,27,136
19,4,132,0,-2,29,136
19,5,135,0,-3,32,136
19,6,136,0,-4,33,136
0,1,1,0,119,1,229
0,2,1,0,118,1,229
0,3,1,0,117,1,229
0,4,5,0,116,5,229
0,5,9,0,115,9,229
0,6,9,0,114,9,229
1,1,13,0,113,13,229
1,2,17,0,112,17,229
1,3,17,0,111,17,229
1,4,17,0,110,17,229
1,5,17,0,109,17,229
1,6,20,0,108,20,229
2,1,20,0,107,20,229
2,2,20,0,106,20,229
2,3,21,0,105,21,229
2,4,25,0,104,25,229
2,5,25,0,103,25,229
2,6,28,0,102,28,229
3,1,33,0,101,33,229
3,2,33,0,100,33,229
3,3,33,0,99,33,229
3,4,33,0,98,33,229
3,5,33,0,97,33,229
3,6,33,0,96,33,229
3,7,34,0,95,34,229
4,1,38,0,94,38,229
4,2,38,0,93,38,229
4,3,38,0,92,38,229
4,4,38,0,91,38,229
4,5,42,0,90,42,229
4,6,46,0,89,45,229
5,1,47,0,88,46,229
5,2,47,0,87,46,229
5,3,51,0,86,46,229
5,4,55,0,85,46,229
5,5,59,0,84,50,229
5,6,59,0,83,46,229
6,1,59,0,82,42,229
6,2,59,0,81,42,229
6,3,60,0,80,43,229
6,4,61,0,79,44,229
6,5,61,0,78,41,229
6,6,65,0,77,45,229
7,1,65,0,76,45,229
7,2,66,0,75,45,229
7,3,66,0,74,41,229
7,4,70,0,73,45,229
7,5,72,0,72,44,229
7,6,72,0,71,39,229
8,1,73,0,70,40,229
8,2,77,0,69,44,229
8,3,78,0,68,45,229
8,4,80,0,67,47,229
8,5,84,0,66,51,229
8,6,86,0,65,52,229
9,1,86,0,64,48,229
9,2,89,0,63,51,229
9,3,93,0,62,55,229
9,4,97,0,61,59,229
9,5,98,0,60,56,229
9,6,104,0,59,58,229
10,1,105,0,58,58,229
10,2,107,0,57,60,229
10,3,107,0,56,56,229
10,4,111,0,55,56,229
10,5,112,0,54,53,229
10,6,116,0,53,57,229
11,1,117,0,52,58,229
11,2,118,0,51,59,229
11,3,122,0,50,62,229
11,4,126,0,49,65,229
11,5,127,0,48,66,229
11,6,131,0,47,66,229
12,1,132,0,46,67,229
12,2,133,0,45,67,229
12,3,137,0,44,71,229
12,4,143,0,43,73,229
12,5,144,0,42,72,229
12,6,144,0,41,72,229
13,1,148,0,40,75,229
13,2,152,0,39,75,229
13,3,153,0,38,75,229
13,4,154,0,37,74,229
13,5,158,0,36,74,229
13,6,158,0,35,72,229
14,1,160,0,34,74,229
14,2,166,0,33,77,229
14,3,167,0,32,74,229
14,4,168,0,31,71,229
14,5,169,0,30,71,229
14,6,173,0,29,69,229
15,1,174,0,28,69,229
15,2,178,0,27,71,229
15,3,184,0,26,77,229
15,4,186,0,25,75,229
15,5,190,0,24,78,229
15,6,190,0,23,74,229
16,1,192,0,22,75,229
16,2,196,0,21,78,229
16,3,196,0,20,74,229
16,4,197,0,19,71,229
16,5,198,0,18,71,229
16,6,198,0,17,67,229
16,7,198,0,16,66,229
17,1,200,0,15,67,229
17,2,204,0,14,67,229
17,3,206,0,13,63,229
17,4,206,0,12,62,229
17,5,206,0,11,62,229
17,6,206,0,10,58,229
18,1,207,0,9,55,229
18,2,207,0,8,54,229
18,3,207,0,7,53,229
18,4,208,0,6,50,229
18,5,208,0,5,50,229
18,6,208,0,4,48,229
19,1,209,0,3,43,229
19,2,211,0,2,44,229
19,3,213,0,1,45,229
19,4,219,0,0,50,229
19,5,225,0,-1,52,229
19,6,226,0,-2,52,229
19,7,227,0,-3,49,229
19,8,229,0,-4,45,229
0,1,3,0,119,3,144
0,2,7,0,118,7,144
0,3,7,0,117,7,144
0,4,7,0,116,7,144
0,5,9,0,115,9,144
0,6,9,0,114,9,144
1,1,11,0,113,11,144
1,2,13,0,112,13,144
1,3,17,0,111,17,144
1,4,17,0,110,17,144
1,5,18,0,109,18,144
1,6,18,0,108,18,144
2,1,18,0,107,18,144
2,2,19,0,106,19,144
2,3,19,0,105,19,144
2,4,19,0,104,19,144
2,5,19,0,103,19,144
2,6,19,0,102,19,144
3,1,19,0,101,19,144
3,2,20,0,100,20,144
3,3,21,0,99,21,144
3,4,27,0,98,27,144
3,5,27,0,97,27,144
3,6,31,0,96,31,144
4,1,31,0,95,31,144
4,2,33,0,94,33,144
4,3,33,0,93,33,144
4,4,33,0,92,33,144
4,5,33,0,91,33,144
4,6,37,0,90,37,144
5,1,37,0,89,34,144
5,2,37,0,88,30,144
5,3,37,0,87,30,144
5,4,41,0,86,34,144
5,5,41,0,85,32,144
5,6,41,0,84,32,144
6,1,42,0,83,31,144
6,2,44,0,82,31,144
6,3,44,0,81,27,144
6,4,45,0,80,28,144
6,5,50,0,79,32,144
6,6,51,0,78,33,144
6,7,51,0,77,33,144
7,1,51,0,76,32,144
7,2,51,0,75,32,144
7,3,51,0,74,32,144
7,4,51,0,73,32,144
7,5,51,0,72,32,144
7,6,51,0,71,32,144
8,1,53,0,70,33,144
8,2,57,0,69,36,144
8,3,58,0,68,31,144
8,4,59,0,67,32,144
8,5,60,0,66,29,144
8,6,60,0,65,29,144
8,7,60,0,64,27,144
9,1,60,0,63,27,144
9,2,60,0,62,27,144
9,3,64,0,61,31,144
9,4,64,0,60,27,144
9,5,65,0,59,28,144
9,6,65,0,58,28,144
10,1,69,0,57,32,144
10,2,71,0,56,30,144
10,3,71,0,55,30,144
10,4,72,0,54,31,144
10,5,72,0,53,30,144
10,6,73,0,52,29,144
11,1,74,0,51,30,144
11,2,76,0,50,31,144
11,3,76,0,49,26,144
11,4,78,0,48,27,144
11,5,79,0,47,28,144
11,6,80,0,46,29,144
12,1,80,0,45,29,144
12,2,81,0,44,30,144
12,3,85,0,43,34,144
12,4,87,0,42,36,144
12,5,89,0,41,38,144
12,6,89,0,40,36,144
13,1,90,0,39,33,144
13,2,91,0,38,33,144
13,3,93,0,37,34,144
13,4,94,0,36,34,144
13,5,96,0,35,36,144
13,6,96,0,34,36,144
14,1,96,0,33,36,144
14,2,96,0,32,36,144
14,3,96,0,31,32,144
14,4,97,0,30,33,144
14,5,97,0,29,32,144
14,6,99,0,28,34,144
15,1,99,0,27,30,144
15,2,99,0,26,28,144
15,3,99,0,25,28,144
15,4,100,0,24,28,144
15,5,102,0,23,30,144
15,6,103,0,22,30,144
16,1,103,0,21,29,144
16,2,104,0,20,28,144
16,3,104,0,19,28,144
16,4,108,0,18,30,144
16,5,108,0,17,29,144
16,6,108,0,16,28,144
17,1,109,0,15,29,144
17,2,109,0,14,28,144
17,3,109,0,13,24,144
17,4,110,0,12,23,144
17,5,111,0,11,22,144
17,6,117,0,10,28,144
17,7,118,0,9,28,144
17,8,122,0,8,31,144
18,1,123,0,7,30,144
18,2,123,0,6,29,144
18,3,123,0,5,27,144
18,4,124,0,4,28,144
18,5,125,0,3,29,144
18,6,126,0,2,30,144
19,1,127,0,1,31,144
19,2,133,0,0,36,144
19,3,134,0,-1,37,144
19,4,134,0,-2,35,144
19,5,138,0,-3,39,144
19,6,140,0,-4,41,144
19,7,144,0,-5,45,144
0,1,0,0,119,0,99
0,2,1,0,118,1,99
0,3,1,0,117,1,99
0,4,1,0,116,1,99
0,5,1,0,115,1,99
0,6,2,0,114,2,99
1,1,2,0,113,2,99
1,2,3,0,112,3,99
1,3,4,0,111,4,99
1,4,5,0,110,5,99
1,5,6,0,109,6,99
1,6,6,0,108,6,99
1,7,6,0,107,6,99
2,1,7,0,106,7,99
2,2,7,0,105,7,99
2,3,7,0,104,7,99
2,4,7,0,103,7,99
2,5,7,0,102,7,99
2,6,8,0,101,8,99
3,1,8,0,100,8,99
3,2,9,0,99,9,99
3,3,12,0,98,12,99
3,4,13,0,97,13,99
3,5,13,0,96,13,99
3,6,13,0,95,13,99
4,1,13,0,94,13,99
4,2,13,0,93,13,99
4,3,14,0,92,14,99
4,4,14,0,91,14,99
4,5,15,0,90,15,99
4,6,15,0,89,15,99
5,1,15,0,88,14,99
5,2,15,0,87,14,99
5,3,16,0,86,15,99
5,4,17,0,85,16,99
5,5,17,0,84,15,99
5,6,17,0,83,15,99
5,7,17,0,82,14,99
6,1,17,0,81,13,99
6,2,18,0,80,13,99
6,3,18,0,79,12,99
6,4,18,0,78,12,99
6,5,18,0,77,12,99
6,6,18,0,76,11,99
7,1,19,0,75,12,99
7,2,23,0,74,16,99
7,3,23,0,73,16,99
7,4,23,0,72,16,99
7,5,23,0,71,15,99
7,6,23,0,70,15,99
8,1,23,0,69,14,99
8,2,27,0,68,15,99
8,3,29,0,67,16,99
8,4,29,0,66,16,99
8,5,30,0,65,17,99
8,6,30,0,64,17,99
9,1,30,0,63,17,99
9,2,30,0,62,16,99
9,3,31,0,61,17,99
9,4,35,0,60,20,99
9,5,36,0,59,21,99
9,6,36,0,58,21,99
10,1,36,0,57,21,99
10,2,40,0,56,24,99
10,3,41,0,55,24,99
10,4,41,0,54,24,99
10,5,42,0,53,25,99
10,6,44,0,52,27,99
11,1,44,0,51,27,99
11,2,45,0,50,27,99
11,3,46,0,49,28,99
11,4,47,0,48,29,99
11,5,47,0,47,29,99
11,6,48,0,46,30,99
12,1,49,0,45,30,99
12,2,49,0,44,26,99
12,3,49,0,43,26,99
12,4,49,0,42,26,99
12,5,49,0,41,26,99
12,6,49,0,40,26,99
13,1,49,0,39,26,99
13,2,49,0,38,22,99
13,3,50,0,37,21,99
13,4,50,0,36,21,99
13,5,51,0,35,21,99
13,6,57,0,34,27,99
13,7,58,0,33,28,99
13,8,58,0,32,28,99
14,1,58,0,31,27,99
14,2,60,0,30,25,99
14,3,61,0,29,25,99
14,4,62,0,28,26,99
14,5,63,0,27,27,99
14,6,64,0,26,24,99
15,1,66,0,25,25,99
15,2,66,0,24,25,99
15,3,67,0,23,25,99
15,4,67,0,22,23,99
15,5,68,0,21,24,99
15,6,72,0,20,27,99
15,7,73,0,19,27,99
16,1,73,0,18,26,99
16,2,74,0,17,27,99
16,3,78,0,16,30,99
16,4,79,0,15,30,99
16,5,80,0,14,31,99
16,6,80,0,13,31,99
17,1,80,0,12,31,99
17,2,81,0,11,32,99
17,3,81,0,10,32,99
17,4,82,0,9,33,99
17,5,83,0,8,34,99
17,6,84,0,7,34,99
18,1,85,0,6,35,99
18,2,86,0,5,35,99
18,3,86,0,4,29,99
18,4,86,0,3,28,99
18,5,87,0,2,29,99
18,6,87,0,1,29,99
18,7,87,0,0,27,99
19,1,88,0,-1,27,99
19,2,90,0,-2,28,99
19,3,94,0,-3,31,99
19,4,95,0,-4,31,99
19,5,97,0,-5,31,99
19,6,99,0,-6,33,99
0,1,4,0,119,4,183
0,2,5,0,118,5,183
0,3,8,0,117,8,183
0,4,9,0,116,9,183
0,5,9,0,115,9,183
0,6,10,0,114,10,183
1,1,10,0,113,10,183
1,2,10,0,112,10,183
1,3,14,0,111,14,183
1,4,14,0,110,14,183
1,5,15,0,109,15,183
1,6,21,0,108,21,183
2,1,23,0,107,23,183
2,2,24,0,106,24,183
2,3,24,0,105,24,183
2,4,24,0,104,24,183
2,5,25,0,103,25,183
2,6,25,0,102,25,183
3,1,29,0,101,29,183
3,2,29,0,100,29,183
3,3,29,0,99,29,183
3,4,29,0,98,29,183
3,5,33,0,97,33,183
3,6,34,0,96,34,183
4,1,35,0,95,35,183
4,2,36,0,94,36,183
4,3,40,0,93,40,183
4,4,46,0,92,46,183
4,5,46,0,91,46,183
4,6,50,0,90,50,183
4,7,54,0,89,50,183
4,8,55,0,88,50,183
4,9,55,0,87,47,183
5,1,55,0,86,46,183
5,2,56,0,85,47,183
5,3,60,0,84,50,183
5,4,62,0,83,52,183
5,5,62,0,82,52,183
5,6,63,0,81,49,183
6,1,63,0,80,49,183
6,2,67,0,79,52,183
6,3,67,0,78,46,183
6,4,68,0,77,45,183
6,5,70,0,76,46,183
6,6,70,0,75,46,183
7,1,70,0,74,46,183
7,2,71,0,73,46,183
7,3,73,0,72,48,183
7,4,73,0,71,44,183
7,5,75,0,70,46,183
7,6,76,0,69,47,183
8,1,76,0,68,47,183
8,2,77,0,67,44,183
8,3,78,0,66,44,183
8,4,82,0,65,47,183
8,5,86,0,64,50,183
8,6,86,0,63,46,183
9,1,87,0,62,41,183
9,2,89,0,61,43,183
9,3,90,0,60,40,183
9,4,91,0,59,37,183
9,5,91,0,58,36,183
9,6,92,0,57,37,183
9,7,98,0,56,43,183
10,1,98,0,55,42,183
10,2,100,0,54,40,183
10,3,100,0,53,38,183
10,4,100,0,52,38,183
10,5,100,0,51,37,183
10,6,100,0,50,37,183
11,1,102,0,49,35,183
11,2,106,0,48,39,183
11,3,112,0,47,44,183
11,4,112,0,46,42,183
11,5,112,0,45,42,183
11,6,113,0,44,43,183
12,1,119,0,43,48,183
12,2,121,0,42,48,183
12,3,121,0,41,48,183
12,4,127,0,40,52,183
12,5,128,0,39,52,183
12,6,128,0,38,52,183
13,1,132,0,37,55,183
13,2,133,0,36,55,183
13,3,133,0,35,51,183
13,4,133,0,34,47,183
13,5,133,0,33,47,183
13,6,134,0,32,47,183
13,7,134,0,31,45,183
14,1,134,0,30,44,183
14,2,140,0,29,49,183
14,3,140,0,28,49,183
14,4,144,0,27,52,183
14,5,144,0,26,46,183
14,6,145,0,25,47,183
14,7,146,0,24,46,183
14,8,150,0,23,50,183
15,1,154,0,22,54,183
15,2,155,0,21,55,183
15,3,156,0,20,56,183
15,4,157,0,19,55,183
15,5,157,0,18,51,183
15,6,157,0,17,45,183
15,7,161,0,16,49,183
16,1,162,0,15,50,183
16,2,162,0,14,49,183
16,3,164,0,13,45,183
16,4,164,0,12,43,183
16,5,164,0,11,43,183
16,6,164,0,10,37,183
16,7,164,0,9,36,183
17,1,165,0,8,37,183
17,2,166,0,7,34,183
17,3,167,0,6,34,183
17,4,167,0,5,34,183
17,5,168,0,4,35,183
17,6,168,0,3,35,183
17,7,169,0,2,35,183
17,8,169,0,1,35,183
18,1,169,0,0,35,183
18,2,169,0,-1,29,183
18,3,173,0,-2,33,183
18,4,173,0,-3,29,183
18,5,174,0,-4,30,183
18,6,178,0,-5,33,183
19,1,180,0,-6,34,183
19,2,180,0,-7,30,183
19,3,180,0,-8,26,183
19,4,180,0,-9,25,183
19,5,181,0,-10,25,183
19,6,183,0,-11,26,183
0,1,0,0,119,0,158
0,2,0,0,118,0,158
0,3,0,0,117,0,158
0,4,4,0,116,4,158
0,5,5,0,115,5,158
0,6,6,0,114,6,158
1,1,7,0,113,7,158
1,2,8,0,112,8,158
1,3,8,0,111,8,158
1,4,12,0,110,12,158
1,5,13,0,109,13,158
1,6,14,0,108,14,158
1,7,18,0,107,18,158
2,1,18,0,106,18,158
2,2,18,0,105,18,158
2,3,19,0,104,19,158
2,4,19,0,103,19,158
2,5,20,0,102,20,158
2,6,21,0,101,21,158
3,1,21,0,100,21,158
3,2,21,0,99,21,158
3,3,21,0,98,21,158
3,4,21,0,97,21,158
3,5,21,0,96,21,158
3,6,21,0,95,21,158
4,1,21,0,94,21,158
4,2,21,0,93,21,158
4,3,22,0,92,22,158
4,4,23,0,91,23,158
4,5,24,0,90,24,158
4,6,24,0,89,24,158
4,7,28,0,88,28,158
4,8,28,0,87,28,158
5,1,32,0,86,28,158
5,2,33,0,85,28,158
5,3,34,0,84,28,158
5,4,35,0,83,28,158
5,5,35,0,82,27,158
5,6,36,0,81,28,158
5,7,38,0,80,26,158
5,8,38,0,79,25,158
6,1,42,0,78,28,158
6,2,44,0,77,26,158
6,3,48,0,76,30,158
6,4,48,0,75,30,158
6,5,49,0,74,30,158
6,6,49,0,73,30,158
7,1,52,0,72,32,158
7,2,53,0,71,32,158
7,3,54,0,70,33,158
7,4,55,0,69,34,158
7,5,56,0,68,35,158
7,6,56,0,67,35,158
7,7,56,0,66,35,158
8,1,58,0,65,37,158
8,2,59,0,64,38,158
8,3,63,0,63,42,158
8,4,65,0,62,43,158
8,5,69,0,61,46,158
8,6,69,0,60,45,158
8,7,70,0,59,46,158
9,1,71,0,58,43,158
9,2,72,0,57,44,158
9,3,73,0,56,41,158
9,4,74,0,55,41,158
9,5,78,0,54,44,158
9,6,79,0,53,44,158
10,1,81,0,52,46,158
10,2,82,0,51,46,158
10,3,83,0,50,45,158
10,4,84,0,49,46,158
10,5,85,0,48,43,158
10,6,87,0,47,43,158
11,1,88,0,46,40,158
11,2,89,0,45,41,158
11,3,90,0,44,41,158
11,4,94,0,43,45,158
11,5,95,0,42,43,158
11,6,95,0,41,42,158
12,1,99,0,40,45,158
12,2,99,0,39,44,158
12,3,99,0,38,43,158
12,4,99,0,37,43,158
12,5,100,0,36,44,158
12,6,101,0,35,43,158
13,1,101,0,34,42,158
13,2,101,0,33,38,158
13,3,101,0,32,36,158
13,4,102,0,31,33,158
13,5,104,0,30,35,158
13,6,105,0,29,35,158
14,1,109,0,28,38,158
14,2,111,0,27,39,158
14,3,112,0,26,39,158
14,4,114,0,25,40,158
14,5,114,0,24,36,158
14,6,114,0,23,35,158
15,1,115,0,22,34,158
15,2,115,0,21,33,158
15,3,116,0,20,33,158
15,4,117,0,19,33,158
15,5,121,0,18,36,158
15,6,122,0,17,35,158
15,7,124,0,16,36,158
16,1,124,0,15,35,158
16,2,125,0,14,35,158
16,3,127,0,13,33,158
16,4,128,0,12,33,158
16,5,130,0,11,35,158
16,6,131,0,10,32,158
16,7,133,0,9,34,158
17,1,134,0,8,35,158
17,2,134,0,7,35,158
17,3,134,0,6,34,158
17,4,135,0,5,34,158
17,5,136,0,4,35,158
17,6,142,0,3,41,158
18,1,144,0,2,43,158
18,2,145,0,1,43,158
18,3,146,0,0,42,158
18,4,147,0,-1,42,158
18,5,148,0,-2,39,158
18,6,148,0,-3,37,158
18,7,148,0,-4,36,158
19,1,148,0,-5,34,158
19,2,149,0,-6,35,158
19,3,150,0,-7,36,158
19,4,152,0,-8,37,158
19,5,156,0,-9,41,158
19,6,158,0,-10,42,158
0,1,1,0,119,1,104
0,2,1,0,118,1,104
0,3,2,0,117,2,104
0,4,2,0,116,2,104
0,5,2,0,115,2,104
0,6,3,0,114,3,104
0,7,4,0,113,4,104
0,8,5,0,112,5,104
0,9,5,0,111,5,104
1,1,5,0,110,5,104
1,2,5,0,109,5,104
1,3,5,0,108,5,104
1,4,5,0,107,5,104
1,5,5,0,106,5,104
1,6,6,0,105,6,104
2,1,6,0,104,6,104
2,2,6,0,103,6,104
2,3,7,0,102,7,104
2,4,11,0,101,11,104
2,5,11,0,100,11,104
2,6,12,0,99,12,104
3,1,12,0,98,12,104
3,2,12,0,97,12,104
3,3,12,0,96,12,104
3,4,12,0,95,12,104
3,5,12,0,94,12,104
3,6,14,0,93,14,104
4,1,14,0,92,14,104
4,2,14,0,91,14,104
4,3,14,0,90,14,104
4,4,16,0,89,15,104
4,5,17,0,88,16,104
4,6,17,0,87,15,104
4,7,21,0,86,19,104
5,1,21,0,85,19,104
5,2,22,0,84,19,104
5,3,26,0,83,22,104
5,4,26,0,82,21,104
5,5,27,0,81,22,104
5,6,27,0,80,22,104
6,1,28,0,79,23,104
6,2,28,0,78,23,104
6,3,29,0,77,24,104
6,4,31,0,76,26,104
6,5,31,0,75,25,104
6,6,31,0,74,25,104
7,1,31,0,73,25,104
7,2,31,0,72,24,104
7,3,31,0,71,20,104
7,4,32,0,70,21,104
7,5,33,0,69,21,104
7,6,33,0,68,21,104
8,1,33,0,67,21,104
8,2,33,0,66,21,104
8,3,34,0,65,22,104
8,4,34,0,64,22,104
8,5,34,0,63,20,104
8,6,36,0,62,22,104
9,1,37,0,61,23,104
9,2,37,0,60,23,104
9,3,37,0,59,21,104
9,4,38,0,58,21,104
9,5,39,0,57,22,104
9,6,40,0,56,19,104
9,7,41,0,55,20,104
10,1,42,0,54,20,104
10,2,42,0,53,16,104
10,3,42,0,52,16,104
10,4,42,0,51,15,104
10,5,42,0,50,15,104
10,6,43,0,49,15,104
11,1,43,0,48,15,104
11,2,44,0,47,15,104
11,3,45,0,46,14,104
11,4,45,0,45,14,104
11,5,46,0,44,15,104
11,6,46,0,43,15,104
12,1,47,0,42,16,104
12,2,48,0,41,17,104
12,3,49,0,40,17,104
12,4,50,0,39,17,104
12,5,50,0,38,17,104
12,6,50,0,37,17,104
13,1,51,0,36,18,104
13,2,52,0,35,18,104
13,3,53,0,34,19,104
13,4,54,0,33,20,104
13,5,54,0,32,18,104
13,6,54,0,31,17,104
14,1,55,0,30,18,104
14,2,56,0,29,19,104
14,3,56,0,28,18,104
14,4,60,0,27,21,104
14,5,60,0,26,20,104
14,6,61,0,25,20,104
15,1,62,0,24,20,104
15,2,62,0,23,20,104
15,3,66,0,22,24,104
15,4,68,0,21,26,104
15,5,69,0,20,27,104
15,6,70,0,19,27,104
15,7,70,0,18,27,104
16,1,70,0,17,26,104
16,2,72,0,16,27,104
16,3,74,0,15,29,104
16,4,75,0,14,29,104
16,5,76,0,13,30,104
16,6,76,0,12,29,104
17,1,76,0,11,28,104
17,2,76,0,10,27,104
17,3,76,0,9,26,104
17,4,77,0,8,27,104
17,5,77,0,7,27,104
17,6,81,0,6,30,104
18,1,87,0,5,35,104
18,2,87,0,4,34,104
18,3,88,0,3,34,104
18,4,89,0,2,35,104
18,5,90,0,1,36,104
18,6,91,0,0,36,104
18,7,93,0,-1,37,104
19,1,97,0,-2,41,104
19,2,98,0,-3,38,104
19,3,99,0,-4,39,104
19,4,100,0,-5,39,104
19,5,100,0,-6,38,104
19,6,104,0,-7,42,104
0,1,4,0,119,4,214
0,2,8,0,118,8,214
0,3,11,0,117,11,214
0,4,11,0,116,11,214
0,5,11,0,115,11,214
0,6,11,0,114,11,214
1,1,12,0,113,12,214
1,2,12,0,112,12,214
1,3,12,0,111,12,214
1,4,12,0,110,12,214
1,5,12,0,109,12,214
1,6,12,0,108,12,214
2,1,13,0,107,13,214
2,2,17,0,106,17,214
2,3,19,0,105,19,214
2,4,20,0,104,20,214
2,5,26,0,103,26,214
2,6,27,0,102,27,214
3,1,27,0,101,27,214
3,2,31,0,100,31,214
3,3,31,0,99,31,214
3,4,37,0,98,37,214
3,5,37,0,97,37,214
3,6,38,0,96,38,214
4,1,39,0,95,39,214
4,2,39,0,94,39,214
4,3,39,0,93,39,214
4,4,39,0,92,39,214
4,5,39,0,91,39,214
4,6,43,0,90,43,214
5,1,44,0,89,40,214
5,2,50,0,88,42,214
5,3,54,0,87,43,214
5,4,54,0,86,43,214
5,5,58,0,85,47,214
5,6,62,0,84,51,214
6,1,66,0,83,54,214
6,2,72,0,82,60,214
6,3,73,0,81,61,214
6,4,74,0,80,62,214
6,5,75,0,79,63,214
6,6,77,0,78,65,214
7,1,81,0,77,68,214
7,2,82,0,76,65,214
7,3,84,0,75,65,214
7,4,86,0,74,66,214
7,5,86,0,73,60,214
7,6,90,0,72,63,214
8,1,92,0,71,65,214
8,2,94,0,70,63,214
8,3,98,0,69,67,214
8,4,100,0,68,63,214
8,5,104,0,67,67,214
8,6,105,0,66,67,214
9,1,106,0,65,67,214
9,2,107,0,64,68,214
9,3,107,0,63,68,214
9,4,108,0,62,69,214
9,5,109,0,61,70,214
9,6,110,0,60,67,214
10,1,111,0,59,67,214
10,2,115,0,58,65,214
10,3,117,0,57,63,214
10,4,121,0,56,67,214
10,5,122,0,55,64,214
10,6,123,0,54,61,214
11,1,125,0,53,59,214
11,2,127,0,52,55,214
11,3,127,0,51,54,214
11,4,128,0,50,54,214
11,5,129,0,49,54,214
11,6,130,0,48,53,214
12,1,132,0,47,51,214
12,2,133,0,46,51,214
12,3,134,0,45,50,214
12,4,135,0,44,49,214
12,5,135,0,43,49,214
12,6,137,0,42,47,214
12,7,138,0,41,46,214
13,1,138,0,40,44,214
13,2,140,0,39,42,214
13,3,142,0,38,42,214
13,4,143,0,37,39,214
13,5,147,0,36,42,214
13,6,148,0,35,42,214
14,1,148,0,34,41,214
14,2,149,0,33,42,214
14,3,149,0,32,41,214
14,4,149,0,31,40,214
14,5,151,0,30,41,214
14,6,153,0,29,42,214
15,1,153,0,28,38,214
15,2,155,0,27,38,214
15,3,157,0,26,36,214
15,4,159,0,25,37,214
15,5,161,0,24,38,214
15,6,163,0,23,38,214
16,1,165,0,22,38,214
16,2,171,0,21,44,214
16,3,171,0,20,43,214
16,4,173,0,19,44,214
16,5,176,0,18,46,214
16,6,177,0,17,45,214
17,1,179,0,16,46,214
17,2,185,0,15,51,214
17,3,189,0,14,54,214
17,4,191,0,13,56,214
17,5,192,0,12,55,214
17,6,192,0,11,54,214
18,1,193,0,10,55,214
18,2,195,0,9,55,214
18,3,195,0,8,53,214
18,4,197,0,7,54,214
18,5,200,0,6,53,214
18,6,204,0,5,56,214
18,7,204,0,4,56,214
19,1,206,0,3,57,214
19,2,208,0,2,59,214
19,3,210,0,1,61,214
19,4,211,0,0,60,214
19,5,212,0,-1,59,214
19,6,214,0,-2,61,214
0,1,0,0,119,0,89
0,2,0,0,118,0,89
0,3,0,0,117,0,89
0,4,0,0,116,0,89
0,5,0,0,115,0,89
0,6,0,0,114,0,89
1,1,0,0,113,0,89
1,2,4,0,112,4,89
1,3,5,0,111,5,89
1,4,6,0,110,6,89
1,5,7,0,109,7,89
1,6,7,0,108,7,89
1,7,8,0,107,8,89
1,8,8,0,106,8,89
1,9,8,0,105,8,89
2,1,9,0,104,9,89
2,2,10,0,103,10,89
2,3,10,0,102,10,89
2,4,10,0,101,10,89
2,5,10,0,100,10,89
2,6,10,0,99,10,89
2,7,10,0,98,10,89
3,1,10,0,97,10,89
3,2,10,0,96,10,89
3,3,11,0,95,11,89
3,4,12,0,94,12,89
3,5,12,0,93,12,89
3,6,13,0,92,13,89
4,1,13,0,91,13,89
4,2,13,0,90,13,89
4,3,13,0,89,13,89
4,4,13,0,88,13,89
4,5,13,0,87,13,89
4,6,13,0,86,13,89
5,1,14,0,85,14,89
5,2,14,0,84,14,89
5,3,18,0,83,18,89
5,4,18,0,82,14,89
5,5,18,0,81,13,89
5,6,18,0,80,12,89
6,1,19,0,79,12,89
6,2,23,0,78,16,89
6,3,27,0,77,19,89
6,4,27,0,76,19,89
6,5,27,0,75,19,89
6,6,28,0,74,19,89
7,1,29,0,73,19,89
7,2,29,0,72,19,89
7,3,30,0,71,20,89
7,4,30,0,70,20,89
7,5,31,0,69,21,89
7,6,31,0,68,21,89
8,1,31,0,67,21,89
8,2,31,0,66,21,89
8,3,31,0,65,20,89
8,4,32,0,64,20,89
8,5,33,0,63,21,89
8,6,35,0,62,22,89
9,1,35,0,61,22,89
9,2,35,0,60,22,89
9,3,36,0,59,23,89
9,4,40,0,58,27,89
9,5,40,0,57,27,89
9,6,40,0,56,27,89
9,7,40,0,55,26,89
10,1,40,0,54,26,89
10,2,40,0,53,22,89
10,3,40,0,52,22,89
10,4,41,0,51,23,89
10,5,42,0,50,24,89
10,6,42,0,49,23,89
11,1,42,0,48,19,89
11,2,43,0,47,16,89
11,3,43,0,46,16,89
11,4,43,0,45,16,89
11,5,43,0,44,15,89
11,6,43,0,43,14,89
12,1,43,0,42,14,89
12,2,44,0,41,14,89
12,3,44,0,40,14,89
12,4,44,0,39,13,89
12,5,44,0,38,13,89
12,6,46,0,37,15,89
13,1,47,0,36,16,89
13,2,47,0,35,16,89
13,3,48,0,34,16,89
13,4,48,0,33,15,89
13,5,48,0,32,13,89
13,6,49,0,31,14,89
13,7,50,0,30,15,89
14,1,50,0,29,14,89
14,2,51,0,28,11,89
14,3,52,0,27,12,89
14,4,53,0,26,13,89
14,5,53,0,25,13,89
14,6,53,0,24,13,89
15,1,59,0,23,19,89
15,2,59,0,22,19,89
15,3,59,0,21,18,89
15,4,61,0,20,19,89
15,5,61,0,19,19,89
15,6,61,0,18,19,89
16,1,61,0,17,18,89
16,2,62,0,16,19,89
16,3,63,0,15,20,89
16,4,64,0,14,21,89
16,5,65,0,13,22,89
16,6,67,0,12,24,89
17,1,69,0,11,25,89
17,2,69,0,10,25,89
17,3,69,0,9,25,89
17,4,71,0,8,27,89
17,5,72,0,7,26,89
17,6,72,0,6,25,89
18,1,72,0,5,25,89
18,2,73,0,4,25,89
18,3,73,0,3,25,89
18,4,78,0,2,30,89
18,5,78,0,1,29,89
18,6,82,0,0,32,89
19,1,83,0,-1,33,89
19,2,83,0,-2,32,89
19,3,83,0,-3,31,89
19,4,84,0,-4,31,89
19,5,85,0,-5,32,89
19,6,89,0,-6,36,89
0,1,0,0,119,0,128
0,2,1,0,118,1,128
0,3,3,0,117,3,128
0,4,3,0,116,3,128
0,5,3,0,115,3,128
0,6,4,0,114,4,128
0,7,5,0,113,5,128
1,1,6,0,112,6,128
1,2,6,0,111,6,128
1,3,7,0,110,7,128
1,4,8,0,109,8,128
1,5,9,0,108,9,128
1,6,9,0,107,9,128
1,7,10,0,106,10,128
1,8,11,0,105,11,128
2,1,12,0,104,12,128
2,2,12,0,103,12,128
2,3,12,0,102,12,128
2,4,13,0,101,13,128
2,5,14,0,100,14,128
2,6,15,0,99,15,128
2,7,15,0,98,15,128
2,8,15,0,97,15,128
3,1,19,0,96,19,128
3,2,20,0,95,20,128
3,3,20,0,94,20,128
3,4,20,0,93,20,128
3,5,20,0,92,20,128
3,6,20,0,91,20,128
3,7,20,0,90,20,128
4,1,20,0,89,20,128
4,2,24,0,88,23,128
4,3,24,0,87,21,128
4,4,28,0,86,25,128
4,5,28,0,85,25,128
4,6,28,0,84,24,128
5,1,28,0,83,23,128
5,2,28,0,82,22,128
5,3,29,0,81,23,128
5,4,30,0,80,23,128
5,5,31,0,79,23,128
5,6,35,0,78,26,128
6,1,36,0,77,27,128
6,2,37,0,76,27,128
6,3,37,0,75,26,128
6,4,41,0,74,29,128
6,5,41,0,73,29,128
6,6,41,0,72,29,128
7,1,43,0,71,30,128
7,2,44,0,70,30,128
7,3,44,0,69,29,128
7,4,45,0,68,30,128
7,5,46,0,67,31,128
7,6,47,0,66,28,128
8,1,51,0,65,31,128
8,2,52,0,64,32,128
8,3,53,0,63,33,128
8,4,54,0,62,34,128
8,5,55,0,61,35,128
8,6,55,0,60,35,128
9,1,56,0,59,36,128
9,2,57,0,58,33,128
9,3,58,0,57,34,128
9,4,59,0,56,31,128
9,5,60,0,55,32,128
9,6,61,0,54,33,128
10,1,62,0,53,34,128
10,2,63,0,52,35,128
10,3,64,0,51,35,128
10,4,65,0,50,35,128
10,5,69,0,49,38,128
10,6,70,0,48,35,128
11,1,70,0,47,34,128
11,2,71,0,46,34,128
11,3,75,0,45,38,128
11,4,76,0,44,35,128
11,5,77,0,43,36,128
11,6,77,0,42,36,128
12,1,78,0,41,35,128
12,2,80,0,40,36,128
12,3,80,0,39,36,128
12,4,81,0,38,36,128
12,5,82,0,37,36,128
12,6,82,0,36,35,128
13,1,82,0,35,31,128
13,2,82,0,34,30,128
13,3,82,0,33,29,128
13,4,86,0,32,32,128
13,5,87,0,31,32,128
13,6,88,0,30,33,128
14,1,88,0,29,32,128
14,2,89,0,28,32,128
14,3,89,0,27,31,128
14,4,90,0,26,31,128
14,5,91,0,25,31,128
14,6,94,0,24,33,128
15,1,95,0,23,33,128
15,2,95,0,22,32,128
15,3,96,0,21,32,128
15,4,97,0,20,32,128
15,5,99,0,19,30,128
15,6,99,0,18,29,128
16,1,100,0,17,30,128
16,2,101,0,16,30,128
16,3,102,0,15,27,128
16,4,104,0,14,28,128
16,5,105,0,13,28,128
16,6,106,0,12,29,128
17,1,108,0,11,30,128
17,2,109,0,10,29,128
17,3,113,0,9,33,128
17,4,117,0,8,36,128
17,5,117,0,7,35,128
17,6,118,0,6,36,128
18,1,120,0,5,38,128
18,2,121,0,4,39,128
18,3,122,0,3,40,128
18,4,122,0,2,36,128
18,5,123,0,1,36,128
18,6,124,0,0,36,128
18,7,124,0,-1,36,128
18,8,124,0,-2,35,128
19,1,125,0,-3,36,128
19,2,126,0,-4,36,128
19,3,128,0,-5,37,128
19,4,128,0,-6,34,128
19,5,128,0,-7,33,128
19,6,128,0,-8,33,128
0,1,0,0,119,0,99
0,2,0,0,118,0,99
0,3,0,0,117,0,99
0,4,0,0,116,0,99
0,5,1,0,115,1,99
0,6,1,0,114,1,99
1,1,1,0,113,1,99
1,2,5,0,112,5,99
1,3,6,0,111,6,99
1,4,6,0,110,6,99
1,5,6,0,109,6,99
1,6,7,0,108,7,99
2,1,7,0,107,7,99
2,2,7,0,106,7,99
2,3,8,0,105,8,99
2,4,8,0,104,8,99
2,5,8,0,103,8,99
2,6,8,0,102,8,99
3,1,8,0,101,8,99
3,2,10,0,100,10,99
3,3,11,0,99,11,99
3,4,11,0,98,11,99
3,5,11,0,97,11,99
3,6,15,0,96,15,99
4,1,15,0,95,15,99
4,2,16,0,94,16,99
4,3,16,0,93,16,99
4,4,16,0,92,16,99
4,5,16,0,91,16,99
4,6,16,0,90,16,99
5,1,18,0,89,18,99
5,2,18,0,88,18,99
5,3,18,0,87,18,99
5,4,18,0,86,18,99
5,5,18,0,85,17,99
5,6,19,0,84,18,99
6,1,19,0,83,18,99
6,2,19,0,82,14,99
6,3,19,0,81,13,99
6,4,19,0,80,13,99
6,5,19,0,79,13,99
6,6,20,0,78,13,99
7,1,21,0,77,14,99
7,2,22,0,76,15,99
7,3,24,0,75,16,99
7,4,25,0,74,17,99
7,5,27,0,73,19,99
7,6,27,0,72,19,99
8,1,27,0,71,19,99
8,2,29,0,70,19,99
8,3,29,0,69,18,99
8,4,29,0,68,18,99
8,5,33,0,67,22,99
8,6,33,0,66,18,99
9,1,33,0,65,18,99
9,2,37,0,64,21,99
9,3,38,0,63,22,99
9,4,38,0,62,22,99
9,5,39,0,61,23,99
9,6,41,0,60,25,99
10,1,41,0,59,23,99
10,2,41,0,58,23,99
10,3,41,0,57,23,99
10,4,41,0,56,23,99
10,5,41,0,55,23,99
10,6,42,0,54,23,99
11,1,42,0,53,23,99
11,2,42,0,52,23,99
11,3,42,0,51,23,99
11,4,42,0,50,23,99
11,5,42,0,49,23,99
11,6,43,0,48,23,99
12,1,43,0,47,22,99
12,2,43,0,46,21,99
12,3,44,0,45,20,99
12,4,45,0,44,20,99
12,5,45,0,43,18,99
12,6,47,0,42,20,99
13,1,48,0,41,21,99
13,2,49,0,40,20,99
13,3,52,0,39,23,99
13,4,52,0,38,23,99
13,5,52,0,37,19,99
13,6,56,0,36,23,99
14,1,57,0,35,24,99
14,2,61,0,34,24,99
14,3,67,0,33,29,99
14,4,68,0,32,30,99
14,5,69,0,31,30,99
14,6,71,0,30,30,99
15,1,72,0,29,31,99
15,2,72,0,28,31,99
15,3,72,0,27,31,99
15,4,72,0,26,31,99
15,5,72,0,25,31,99
15,6,72,0,24,30,99
16,1,76,0,23,34,99
16,2,77,0,22,35,99
16,3,78,0,21,36,99
16,4,78,0,20,36,99
16,5,80,0,19,38,99
16,6,82,0,18,39,99
17,1,82,0,17,39,99
17,2,83,0,16,40,99
17,3,83,0,15,39,99
17,4,83,0,14,38,99
17,5,84,0,13,39,99
17,6,85,0,12,38,99
18,1,86,0,11,38,99
18,2,87,0,10,38,99
18,3,87,0,9,35,99
18,4,87,0,8,35,99
18,5,87,0,7,35,99
18,6,89,0,6,33,99
19,1,91,0,5,34,99
19,2,95,0,4,34,99
19,3,95,0,3,28,99
19,4,95,0,2,27,99
19,5,99,0,1,30,99
19,6,99,0,0,28,99
0,1,1,0,119,1,180
0,2,2,0,118,2,180
0,3,2,0,117,2,180
0,4,2,0,116,2,180
0,5,6,0,115,6,180
0,6,6,0,114,6,180
1,1,6,0,113,6,180
1,2,6,0,112,6,180
1,3,10,0,111,10,180
1,4,11,0,110,11,180
1,5,11,0,109,11,180
1,6,11,0,108,11,180
2,1,11,0,107,11,180
2,2,12,0,106,12,180
2,3,12,0,105,12,180
2,4,13,0,104,13,180
2,5,15,0,103,15,180
2,6,19,0,102,19,180
3,1,19,0,101,19,180
3,2,25,0,100,25,180
3,3,29,0,99,29,180
3,4,33,0,98,33,180
3,5,34,0,97,34,180
3,6,34,0,96,34,180
4,1,34,0,95,34,180
4,2,34,0,94,34,180
4,3,34,0,93,34,180
4,4,35,0,92,35,180
4,5,36,0,91,36,180
4,6,36,0,90,36,180
4,7,40,0,89,39,180
5,1,40,0,88,38,180
5,2,41,0,87,39,180
5,3,45,0,86,43,180
5,4,46,0,85,40,180
5,5,48,0,84,42,180
5,6,52,0,83,46,180
6,1,53,0,82,47,180
6,2,57,0,81,47,180
6,3,57,0,80,46,180
6,4,58,0,79,47,180
6,5,58,0,78,47,180
6,6,59,0,77,48,180
6,7,59,0,76,47,180
7,1,59,0,75,47,180
7,2,60,0,74,47,180
7,3,60,0,73,45,180
7,4,60,0,72,41,180
7,5,60,0,71,41,180
7,6,62,0,70,37,180
8,1,62,0,69,33,180
8,2,64,0,68,31,180
8,3,64,0,67,30,180
8,4,65,0,66,31,180
8,5,65,0,65,31,180
8,6,66,0,64,32,180
9,1,70,0,63,36,180
9,2,70,0,62,35,180
9,3,76,0,61,40,180
9,4,80,0,60,44,180
9,5,82,0,59,42,180
9,6,84,0,58,44,180
10,1,86,0,57,45,180
10,2,87,0,56,42,180
10,3,87,0,55,41,180
10,4,88,0,54,40,180
10,5,89,0,53,37,180
10,6,89,0,52,36,180
10,7,89,0,51,32,180
11,1,93,0,50,36,180
11,2,94,0,49,36,180
11,3,94,0,48,36,180
11,4,94,0,47,35,180
11,5,95,0,46,36,180
11,6,95,0,45,36,180
12,1,95,0,44,35,180
12,2,99,0,43,39,180
12,3,103,0,42,43,180
12,4,103,0,41,43,180
12,5,104,0,40,42,180
12,6,105,0,39,43,180
13,1,108,0,38,44,180
13,2,109,0,37,45,180
13,3,110,0,36,45,180
13,4,110,0,35,45,180
13,5,114,0,34,48,180
13,6,115,0,33,45,180
13,7,119,0,32,49,180
14,1,120,0,31,44,180
14,2,121,0,30,41,180
14,3,121,0,29,39,180
14,4,121,0,28,37,180
14,5,125,0,27,39,180
14,6,129,0,26,42,180
15,1,131,0,25,44,180
15,2,132,0,24,44,180
15,3,132,0,23,43,180
15,4,133,0,22,44,180
15,5,133,0,21,44,180
15,6,139,0,20,46,180
16,1,140,0,19,46,180
16,2,141,0,18,47,180
16,3,141,0,17,47,180
16,4,142,0,16,47,180
16,5,142,0,15,47,180
16,6,142,0,14,47,180
17,1,142,0,13,43,180
17,2,146,0,12,43,180
17,3,147,0,11,44,180
17,4,147,0,10,43,180
17,5,153,0,9,48,180
17,6,159,0,8,51,180
18,1,160,0,7,51,180
18,2,161,0,6,51,180
18,3,161,0,5,51,180
18,4,162,0,4,48,180
18,5,163,0,3,48,180
18,6,165,0,2,46,180
18,7,169,0,1,49,180
19,1,173,0,0,52,180
19,2,173,0,-1,52,180
19,3,174,0,-2,53,180
19,4,178,0,-3,53,180
19,5,178,0,-4,49,180
19,6,180,0,-5,49,180
0,1,2,0,119,2,116
0,2,2,0,118,2,116
0,3,3,0,117,3,116
0,4,3,0,116,3,116
0,5,3,0,115,3,116
0,6,4,0,114,4,116
0,7,4,0,113,4,116
1,1,4,0,112,4,116
1,2,4,0,111,4,116
1,3,4,0,110,4,116
1,4,4,0,109,4,116
1,5,8,0,108,8,116
1,6,8,0,107,8,116
2,1,8,0,106,8,116
2,2,14,0,105,14,116
2,3,14,0,104,14,116
2,4,14,0,103,14,116
2,5,14,0,102,14,116
2,6,15,0,101,15,116
3,1,15,0,100,15,116
3,2,15,0,99,15,116
3,3,19,0,98,19,116
3,4,20,0,97,20,116
3,5,21,0,96,21,116
3,6,21,0,95,21,116
3,7,24,0,94,24,116
4,1,24,0,93,24,116
4,2,25,0,92,25,116
4,3,26,0,91,26,116
4,4,27,0,90,27,116
4,5,27,0,89,25,116
4,6,27,0,88,25,116
5,1,31,0,87,28,116
5,2,32,0,86,29,116
5,3,36,0,85,33,116
5,4,36,0,84,32,116
5,5,36,0,83,32,116
5,6,40,0,82,36,116
6,1,43,0,81,39,116
6,2,43,0,80,39,116
6,3,44,0,79,40,116
6,4,45,0,78,37,116
6,5,45,0,77,37,116
6,6,45,0,76,37,116
7,1,46,0,75,32,116
7,2,46,0,74,32,116
7,3,46,0,73,32,116
7,4,47,0,72,33,116
7,5,47,0,71,32,116
7,6,48,0,70,33,116
8,1,48,0,69,33,116
8,2,54,0,68,35,116
8,3,55,0,67,35,116
8,4,56,0,66,35,116
8,5,56,0,65,35,116
8,6,62,0,64,38,116
9,1,64,0,63,40,116
9,2,64,0,62,39,116
9,3,65,0,61,39,116
9,4,65,0,60,38,116
9,5,66,0,59,39,116
9,6,67,0,58,40,116
10,1,71,0,57,40,116
10,2,71,0,56,39,116
10,3,71,0,55,35,116
10,4,72,0,54,36,116
10,5,73,0,53,37,116
10,6,74,0,52,34,116
10,7,76,0,51,33,116
10,8,76,0,50,33,116
11,1,77,0,49,33,116
11,2,77,0,48,32,116
11,3,77,0,47,32,116
11,4,78,0,46,33,116
11,5,79,0,45,33,116
11,6,80,0,44,34,116
12,1,80,0,43,34,116
12,2,84,0,42,37,116
12,3,88,0,41,41,116
12,4,89,0,40,41,116
12,5,89,0,39,41,116
12,6,90,0,38,36,116
13,1,90,0,37,35,116
13,2,91,0,36,35,116
13,3,91,0,35,35,116
13,4,92,0,34,30,116
13,5,92,0,33,28,116
13,6,92,0,32,28,116
13,7,93,0,31,28,116
14,1,93,0,30,28,116
14,2,93,0,29,27,116
14,3,93,0,28,26,116
14,4,93,0,27,22,116
14,5,93,0,26,22,116
14,6,97,0,25,26,116
15,1,99,0,24,27,116
15,2,100,0,23,27,116
15,3,100,0,22,26,116
15,4,101,0,21,25,116
15,5,101,0,20,25,116
15,6,105,0,19,28,116
15,7,105,0,18,28,116
16,1,105,0,17,28,116
16,2,106,0,16,28,116
16,3,107,0,15,28,116
16,4,107,0,14,27,116
16,5,107,0,13,27,116
16,6,108,0,12,24,116
17,1,108,0,11,20,116
17,2,108,0,10,19,116
17,3,109,0,9,20,116
17,4,109,0,8,19,116
17,5,110,0,7,20,116
17,6,110,0,6,19,116
18,1,110,0,5,19,116
18,2,114,0,4,22,116
18,3,114,0,3,22,116
18,4,114,0,2,22,116
18,5,114,0,1,21,116
18,6,115,0,0,22,116
19,1,115,0,-1,22,116
19,2,115,0,-2,22,116
19,3,115,0,-3,22,116
19,4,115,0,-4,22,116
19,5,115,0,-5,18,116
19,6,116,0,-6,17,116
19,7,116,0,-7,16,116
0,1,2,0,119,2,136
0,2,3,0,118,3,136
0,3,3,0,117,3,136
0,4,3,0,116,3,136
0,5,3,0,115,3,136
0,6,3,0,114,3,136
0,7,4,0,113,4,136
0,8,4,0,112,4,136
1,1,4,0,111,4,136
1,2,4,0,110,4,136
1,3,5,0,109,5,136
1,4,5,0,108,5,136
1,5,9,0,107,9,136
1,6,9,0,106,9,136
2,1,9,0,105,9,136
2,2,9,0,104,9,136
2,3,10,0,103,10,136
2,4,10,0,102,10,136
2,5,12,0,101,12,136
2,6,12,0,100,12,136
3,1,12,0,99,12,136
3,2,12,0,98,12,136
3,3,13,0,97,13,136
3,4,13,0,96,13,136
3,5,17,0,95,17,136
3,6,17,0,94,17,136
4,1,21,0,93,21,136
4,2,21,0,92,21,136
4,3,22,0,91,22,136
4,4,22,0,90,22,136
4,5,22,0,89,20,136
4,6,26,0,88,23,136
5,1,27,0,87,24,136
5,2,27,0,86,24,136
5,3,29,0,85,26,136
5,4,30,0,84,27,136
5,5,30,0,83,26,136
5,6,31,0,82,27,136
5,7,31,0,81,27,136
6,1,32,0,80,28,136
6,2,33,0,79,28,136
6,3,33,0,78,28,136
6,4,33,0,77,24,136
6,5,33,0,76,24,136
6,6,33,0,75,24,136
7,1,33,0,74,24,136
7,2,33,0,73,23,136
7,3,33,0,72,23,136
7,4,34,0,71,22,136
7,5,34,0,70,22,136
7,6,38,0,69,26,136
8,1,38,0,68,26,136
8,2,39,0,67,26,136
8,3,39,0,66,26,136
8,4,40,0,65,23,136
8,5,41,0,64,24,136
8,6,42,0,63,21,136
8,7,42,0,62,21,136
9,1,43,0,61,21,136
9,2,44,0,60,22,136
9,3,45,0,59,23,136
9,4,49,0,58,23,136
9,5,50,0,57,23,136
9,6,52,0,56,25,136
10,1,52,0,55,23,136
10,2,52,0,54,22,136
10,3,53,0,53,23,136
10,4,57,0,52,26,136
10,5,59,0,51,28,136
10,6,60,0,50,28,136
11,1,60,0,49,27,136
11,2,60,0,48,27,136
11,3,64,0,47,31,136
11,4,65,0,46,32,136
11,5,65,0,45,32,136
11,6,65,0,44,32,136
12,1,65,0,43,32,136
12,2,67,0,42,34,136
12,3,67,0,41,33,136
12,4,68,0,40,34,136
12,5,69,0,39,31,136
12,6,71,0,38,33,136
13,1,72,0,37,33,136
13,2,73,0,36,34,136
13,3,74,0,35,34,136
13,4,78,0,34,37,136
13,5,78,0,33,36,136
13,6,78,0,32,36,136
14,1,78,0,31,35,136
14,2,78,0,30,34,136
14,3,78,0,29,33,136
14,4,79,0,28,30,136
14,5,80,0,27,30,136
14,6,81,0,26,29,136
15,1,83,0,25,31,136
15,2,89,0,24,37,136
15,3,90,0,23,37,136
15,4,90,0,22,33,136
15,5,91,0,21,32,136
15,6,93,0,20,33,136
16,1,94,0,19,34,136
16,2,96,0,18,36,136
16,3,96,0,17,32,136
16,4,97,0,16,32,136
16,5,98,0,15,33,136
16,6,104,0,14,39,136
17,1,105,0,13,40,136
17,2,106,0,12,39,136
17,3,106,0,11,39,136
17,4,107,0,10,39,136
17,5,111,0,9,42,136
17,6,112,0,8,41,136
17,7,113,0,7,41,136
18,1,115,0,6,42,136
18,2,116,0,5,42,136
18,3,122,0,4,44,136
18,4,124,0,3,46,136
18,5,124,0,2,46,136
18,6,126,0,1,48,136
19,1,127,0,0,49,136
19,2,128,0,-1,50,136
19,3,129,0,-2,50,136
19,4,131,0,-3,51,136
19,5,132,0,-4,51,136
19,6,136,0,-5,53,136
0,1,1,0,119,1,154
0,2,2,0,118,2,154
0,3,2,0,117,2,154
0,4,2,0,116,2,154
0,5,3,0,115,3,154
0,6,4,0,114,4,154
0,7,4,0,113,4,154
0,8,4,0,112,4,154
1,1,4,0,111,4,154
1,2,4,0,110,4,154
1,3,5,0,109,5,154
1,4,5,0,108,5,154
1,5,5,0,107,5,154
1,6,6,0,106,6,154
2,1,7,0,105,7,154
2,2,7,0,104,7,154
2,3,7,0,103,7,154
2,4,8,0,102,8,154
2,5,12,0,101,12,154
2,6,13,0,100,13,154
2,7,14,0,99,14,154
3,1,15,0,98,15,154
3,2,15,0,97,15,154
3,3,15,0,96,15,154
3,4,15,0,95,15,154
3,5,15,0,94,15,154
3,6,19,0,93,19,154
4,1,19,0,92,19,154
4,2,20,0,91,20,154
4,3,21,0,90,21,154
4,4,22,0,89,21,154
4,5,23,0,88,21,154
4,6,24,0,87,22,154
4,7,25,0,86,23,154
4,8,26,0,85,23,154
5,1,26,0,84,22,154
5,2,30,0,83,26,154
5,3,32,0,82,28,154
5,4,38,0,81,34,154
5,5,42,0,80,38,154
5,6,43,0,79,38,154
6,1,44,0,78,39,154
6,2,45,0,77,40,154
6,3,46,0,76,40,154
6,4,47,0,75,40,154
6,5,51,0,74,44,154
6,6,52,0,73,45,154
6,7,53,0,72,45,154
6,8,54,0,71,42,154
7,1,55,0,70,42,154
7,2,59,0,69,45,154
7,3,59,0,68,44,154
7,4,60,0,67,45,154
7,5,64,0,66,49,154
7,6,65,0,65,50,154
7,7,66,0,64,51,154
7,8,68,0,63,49,154
7,9,68,0,62,49,154
8,1,68,0,61,48,154
8,2,68,0,60,47,154
8,3,68,0,59,46,154
8,4,68,0,58,45,154
8,5,69,0,57,45,154
8,6,75,0,56,50,154
9,1,76,0,55,50,154
9,2,78,0,54,52,154
9,3,78,0,53,48,154
9,4,78,0,52,46,154
9,5,79,0,51,41,154
9,6,79,0,50,37,154
10,1,79,0,49,36,154
10,2,80,0,48,36,154
10,3,81,0,47,36,154
10,4,82,0,46,36,154
10,5,84,0,45,37,154
10,6,85,0,44,34,154
11,1,85,0,43,33,154
11,2,85,0,42,32,154
11,3,85,0,41,31,154
11,4,86,0,40,31,154
11,5,88,0,39,29,154
11,6,88,0,38,29,154
12,1,92,0,37,32,154
12,2,93,0,36,29,154
12,3,93,0,35,28,154
12,4,93,0,34,27,154
12,5,93,0,33,25,154
12,6,93,0,32,25,154
13,1,93,0,31,25,154
13,2,94,0,30,26,154
13,3,95,0,29,27,154
13,4,96,0,28,28,154
13,5,97,0,27,28,154
13,6,98,0,26,23,154
14,1,99,0,25,23,154
14,2,100,0,24,22,154
14,3,101,0,23,23,154
14,4,101,0,22,23,154
14,5,101,0,21,22,154
14,6,101,0,20,22,154
15,1,102,0,19,23,154
15,2,102,0,18,22,154
15,3,108,0,17,27,154
15,4,109,0,16,27,154
15,5,115,0,15,31,154
15,6,115,0,14,30,154
16,1,116,0,13,31,154
16,2,116,0,12,31,154
16,3,120,0,11,35,154
16,4,121,0,10,35,154
16,5,122,0,9,34,154
16,6,123,0,8,35,154
17,1,124,0,7,32,154
17,2,130,0,6,37,154
17,3,131,0,5,38,154
17,4,137,0,4,44,154
17,5,138,0,3,45,154
17,6,138,0,2,45,154
17,7,140,0,1,47,154
18,1,142,0,0,48,154
18,2,142,0,-1,47,154
18,3,143,0,-2,47,154
18,4,143,0,-3,46,154
18,5,145,0,-4,47,154
18,6,145,0,-5,46,154
19,1,146,0,-6,46,154
19,2,147,0,-7,46,154
19,3,147,0,-8,46,154
19,4,151,0,-9,50,154
19,5,153,0,-10,52,154
19,6,154,0,-11,52,154
0,1,2,0,119,2,157
0,2,2,0,118,2,157
0,3,6,0,117,6,157
0,4,7,0,116,7,157
0,5,7,0,115,7,157
0,6,7,0,114,7,157
1,1,7,0,113,7,157
1,2,7,0,112,7,157
1,3,7,0,111,7,157
1,4,7,0,110,7,157
1,5,8,0,109,8,157
1,6,12,0,108,12,157
1,7,12,0,107,12,157
2,1,12,0,106,12,157
2,2,13,0,105,13,157
2,3,14,0,104,14,157
2,4,15,0,103,15,157
2,5,15,0,102,15,157
2,6,16,0,101,16,157
3,1,17,0,100,17,157
3,2,17,0,99,17,157
3,3,18,0,98,18,157
3,4,19,0,97,19,157
3,5,22,0,96,22,157
3,6,23,0,95,23,157
4,1,23,0,94,23,157
4,2,27,0,93,27,157
4,3,28,0,92,28,157
4,4,28,0,91,28,157
4,5,28,0,90,28,157
4,6,29,0,89,27,157
5,1,31,0,88,29,157
5,2,33,0,87,27,157
5,3,33,0,86,26,157
5,4,34,0,85,27,157
5,5,38,0,84,31,157
5,6,39,0,83,32,157
6,1,40,0,82,33,157
6,2,40,0,81,33,157
6,3,41,0,80,34,157
6,4,41,0,79,33,157
6,5,47,0,78,35,157
6,6,51,0,77,39,157
6,7,53,0,76,41,157
7,1,54,0,75,41,157
7,2,54,0,74,40,157
7,3,55,0,73,40,157
7,4,55,0,72,40,157
7,5,56,0,71,40,157
7,6,56,0,70,39,157
7,7,57,0,69,40,157
8,1,58,0,68,40,157
8,2,59,0,67,40,157
8,3,59,0,66,37,157
8,4,61,0,65,38,157
8,5,61,0,64,38,157
8,6,61,0,63,34,157
9,1,63,0,62,35,157
9,2,65,0,61,37,157
9,3,66,0,60,38,157
9,4,66,0,59,37,157
9,5,69,0,58,38,157
9,6,70,0,57,37,157
10,1,70,0,56,37,157
10,2,76,0,55,42,157
10,3,76,0,54,38,157
10,4,77,0,53,38,157
10,5,78,0,52,38,157
10,6,79,0,51,39,157
11,1,82,0,50,41,157
11,2,82,0,49,41,157
11,3,86,0,48,39,157
11,4,88,0,47,37,157
11,5,88,0,46,35,157
11,6,88,0,45,34,157
12,1,89,0,44,35,157
12,2,89,0,43,34,157
12,3,93,0,42,38,157
12,4,93,0,41,37,157
12,5,93,0,40,37,157
12,6,94,0,39,37,157
13,1,95,0,38,37,157
13,2,96,0,37,37,157
13,3,100,0,36,41,157
13,4,101,0,35,40,157
13,5,101,0,34,40,157
13,6,103,0,33,42,157
14,1,104,0,32,41,157
14,2,105,0,31,40,157
14,3,109,0,30,43,157
14,4,111,0,29,45,157
14,5,113,0,28,44,157
14,6,113,0,27,43,157
14,7,115,0,26,45,157
14,8,119,0,25,43,157
15,1,120,0,24,44,157
15,2,120,0,23,43,157
15,3,122,0,22,44,157
15,4,123,0,21,44,157
15,5,124,0,20,42,157
15,6,124,0,19,42,157
16,1,124,0,18,38,157
16,2,125,0,17,37,157
16,3,125,0,16,37,157
16,4,126,0,15,38,157
16,5,132,0,14,43,157
16,6,133,0,13,44,157
17,1,134,0,12,41,157
17,2,136,0,11,43,157
17,3,137,0,10,44,157
17,4,140,0,9,46,157
17,5,141,0,8,46,157
17,6,142,0,7,46,157
18,1,142,0,6,42,157
18,2,143,0,5,42,157
18,3,144,0,4,43,157
18,4,144,0,3,41,157
18,5,145,0,2,41,157
18,6,147,0,1,42,157
19,1,148,0,0,39,157
19,2,152,0,-1,41,157
19,3,154,0,-2,41,157
19,4,155,0,-3,42,157
19,5,156,0,-4,41,157
19,6,157,0,-5,38,157
0,1,0,0,119,0,156
0,2,1,0,118,1,156
0,3,1,0,117,1,156
0,4,2,0,116,2,156
0,5,2,0,115,2,156
0,6,3,0,114,3,156
1,1,7,0,113,7,156
1,2,8,0,112,8,156
1,3,8,0,111,8,156
1,4,8,0,110,8,156
1,5,10,0,109,10,156
1,6,10,0,108,10,156
2,1,11,0,107,11,156
2,2,13,0,106,13,156
2,3,13,0,105,13,156
2,4,14,0,104,14,156
2,5,16,0,103,16,156
2,6,17,0,102,17,156
3,1,17,0,101,17,156
3,2,21,0,100,21,156
3,3,23,0,99,23,156
3,4,24,0,98,24,156
3,5,24,0,97,24,156
3,6,30,0,96,30,156
4,1,34,0,95,34,156
4,2,35,0,94,35,156
4,3,38,0,93,38,156
4,4,38,0,92,38,156
4,5,38,0,91,38,156
4,6,39,0,90,39,156
5,1,40,0,89,40,156
5,2,40,0,88,39,156
5,3,41,0,87,40,156
5,4,41,0,86,39,156
5,5,42,0,85,40,156
5,6,43,0,84,40,156
6,1,43,0,83,36,156
6,2,44,0,82,36,156
6,3,48,0,81,40,156
6,4,48,0,80,40,156
6,5,49,0,79,39,156
6,6,55,0,78,45,156
7,1,56,0,77,45,156
7,2,58,0,76,45,156
7,3,58,0,75,45,156
7,4,59,0,74,45,156
7,5,59,0,73,43,156
7,6,59,0,72,42,156
8,1,60,0,71,43,156
8,2,61,0,70,40,156
8,3,61,0,69,38,156
8,4,61,0,68,37,156
8,5,62,0,67,38,156
8,6,63,0,66,33,156
8,7,66,0,65,32,156
9,1,72,0,64,37,156
9,2,73,0,63,35,156
9,3,74,0,62,36,156
9,4,75,0,61,37,156
9,5,75,0,60,36,156
9,6,76,0,59,36,156
10,1,80,0,58,40,156
10,2,80,0,57,39,156
10,3,81,0,56,40,156
10,4,87,0,55,45,156
10,5,88,0,54,45,156
10,6,89,0,53,46,156
11,1,89,0,52,45,156
11,2,91,0,51,43,156
11,3,92,0,50,44,156
11,4,98,0,49,49,156
11,5,98,0,48,43,156
11,6,99,0,47,43,156
12,1,101,0,46,43,156
12,2,107,0,45,49,156
12,3,108,0,44,49,156
12,4,109,0,43,50,156
12,5,109,0,42,50,156
12,6,109,0,41,49,156
13,1,109,0,40,48,156
13,2,110,0,39,49,156
13,3,114,0,38,53,156
13,4,116,0,37,54,156
13,5,116,0,36,53,156
13,6,117,0,35,51,156
13,7,118,0,34,46,156
14,1,118,0,33,45,156
14,2,118,0,32,44,156
14,3,118,0,31,43,156
14,4,119,0,30,44,156
14,5,119,0,29,43,156
14,6,121,0,28,41,156
15,1,122,0,27,42,156
15,2,123,0,26,42,156
15,3,124,0,25,37,156
15,4,125,0,24,37,156
15,5,126,0,23,37,156
15,6,126,0,22,37,156
16,1,127,0,21,36,156
16,2,128,0,20,36,156
16,3,128,0,19,30,156
16,4,128,0,18,30,156
16,5,129,0,17,30,156
16,6,129,0,16,28,156
17,1,129,0,15,22,156
17,2,131,0,14,23,156
17,3,133,0,13,24,156
17,4,133,0,12,24,156
17,5,134,0,11,25,156
17,6,135,0,10,26,156
18,1,136,0,9,26,156
18,2,137,0,8,23,156
18,3,138,0,7,22,156
18,4,142,0,6,26,156
18,5,143,0,5,26,156
18,6,144,0,4,26,156
19,1,148,0,3,30,156
19,2,150,0,2,32,156
19,3,156,0,1,38,156
19,4,156,0,0,37,156
19,5,156,0,-1,37,156
0,1,0,0,119,0,145
0,2,1,0,118,1,145
0,3,3,0,117,3,145
0,4,3,0,116,3,145
0,5,3,0,115,3,145
0,6,3,0,114,3,145
1,1,5,0,113,5,145
1,2,5,0,112,5,145
1,3,6,0,111,6,145
1,4,6,0,110,6,145
1,5,7,0,109,7,145
1,6,8,0,108,8,145
1,7,9,0,107,9,145
2,1,13,0,106,13,145
2,2,13,0,105,13,145
2,3,13,0,104,13,145
2,4,13,0,103,13,145
2,5,13,0,102,13,145
2,6,14,0,101,14,145
3,1,18,0,100,18,145
3,2,18,0,99,18,145
3,3,19,0,98,19,145
3,4,19,0,97,19,145
3,5,19,0,96,19,145
3,6,19,0,95,19,145
4,1,19,0,94,19,145
4,2,23,0,93,23,145
4,3,23,0,92,23,145
4,4,23,0,91,23,145
4,5,25,0,90,25,145
4,6,25,0,89,25,145
5,1,26,0,88,25,145
5,2,30,0,87,27,145
5,3,34,0,86,31,145
5,4,35,0,85,32,145
5,5,35,0,84,32,145
5,6,36,0,83,31,145
5,7,37,0,82,32,145
6,1,37,0,81,31,145
6,2,38,0,80,32,145
6,3,38,0,79,31,145
6,4,38,0,78,30,145
6,5,39,0,77,30,145
6,6,39,0,76,26,145
7,1,40,0,75,27,145
7,2,40,0,74,27,145
7,3,41,0,73,28,145
7,4,42,0,72,29,145
7,5,48,0,71,34,145
7,6,48,0,70,30,145
8,1,49,0,69,31,145
8,2,55,0,68,36,145
8,3,56,0,67,37,145
8,4,56,0,66,37,145
8,5,56,0,65,37,145
8,6,56,0,64,37,145
8,7,60,0,63,37,145
9,1,60,0,62,37,145
9,2,61,0,61,38,145
9,3,62,0,60,37,145
9,4,62,0,59,37,145
9,5,63,0,58,37,145
9,6,63,0,57,33,145
10,1,64,0,56,30,145
10,2,65,0,55,30,145
10,3,71,0,54,36,145
10,4,71,0,53,35,145
10,5,72,0,52,35,145
10,6,73,0,51,36,145
10,7,73,0,50,35,145
11,1,73,0,49,35,145
11,2,73,0,48,35,145
11,3,73,0,47,34,145
11,4,79,0,46,40,145
11,5,79,0,45,39,145
11,6,79,0,44,39,145
12,1,79,0,43,38,145
12,2,79,0,42,37,145
12,3,80,0,41,32,145
12,4,80,0,40,32,145
12,5,80,0,39,31,145
12,6,80,0,38,25,145
13,1,81,0,37,25,145
13,2,82,0,36,26,145
13,3,86,0,35,30,145
13,4,86,0,34,30,145
13,5,86,0,33,26,145
13,6,87,0,32,27,145
14,1,93,0,31,32,145
14,2,94,0,30,32,145
14,3,95,0,29,33,145
14,4,95,0,28,32,145
14,5,96,0,27,33,145
14,6,96,0,26,32,145
15,1,97,0,25,32,145
15,2,97,0,24,26,145
15,3,98,0,23,27,145
15,4,99,0,22,27,145
15,5,105,0,21,32,145
15,6,105,0,20,32,145
16,1,106,0,19,33,145
16,2,106,0,18,33,145
16,3,107,0,17,34,145
16,4,111,0,16,32,145
16,5,112,0,15,33,145
16,6,118,0,14,39,145
17,1,124,0,13,45,145
17,2,124,0,12,45,145
17,3,125,0,11,45,145
17,4,125,0,10,45,145
17,5,126,0,9,46,145
17,6,126,0,8,46,145
17,7,127,0,7,46,145
18,1,129,0,6,47,145
18,2,131,0,5,45,145
18,3,132,0,4,46,145
18,4,133,0,3,47,145
18,5,134,0,2,47,145
18,6,135,0,1,42,145
19,1,136,0,0,42,145
19,2,138,0,-1,43,145
19,3,139,0,-2,44,145
19,4,139,0,-3,43,145
19,5,143,0,-4,47,145
19,6,145,0,-5,48,145
0,1,1,0,119,1,100
0,2,1,0,118,1,100
0,3,1,0,117,1,100
0,4,2,0,116,2,100
0,5,3,0,115,3,100
0,6,5,0,114,5,100
0,7,5,0,113,5,100
1,1,5,0,112,5,100
1,2,6,0,111,6,100
1,3,6,0,110,6,100
1,4,6,0,109,6,100
1,5,7,0,108,7,100
1,6,7,0,107,7,100
2,1,7,0,106,7,100
2,2,7,0,105,7,100
2,3,7,0,104,7,100
2,4,8,0,103,8,100
2,5,12,0,102,12,100
2,6,13,0,101,13,100
2,7,14,0,100,14,100
3,1,18,0,99,18,100
3,2,18,0,98,18,100
3,3,22,0,97,22,100
3,4,22,0,96,22,100
3,5,22,0,95,22,100
3,6,23,0,94,23,100
4,1,24,0,93,24,100
4,2,25,0,92,25,100
4,3,26,0,91,26,100
4,4,32,0,90,32,100
4,5,33,0,89,32,100
4,6,34,0,88,33,100
4,7,34,0,87,33,100
5,1,35,0,86,33,100
5,2,35,0,85,32,100
5,3,36,0,84,31,100
5,4,36,0,83,31,100
5,5,36,0,82,31,100
5,6,37,0,81,31,100
6,1,38,0,80,32,100
6,2,39,0,79,33,100
6,3,40,0,78,33,100
6,4,40,0,77,33,100
6,5,41,0,76,34,100
6,6,41,0,75,34,100
7,1,42,0,74,35,100
7,2,42,0,73,34,100
7,3,42,0,72,30,100
7,4,43,0,71,30,100
7,5,43,0,70,29,100
7,6,43,0,69,25,100
8,1,43,0,68,25,100
8,2,45,0,67,23,100
8,3,45,0,66,23,100
8,4,45,0,65,23,100
8,5,45,0,64,22,100
8,6,45,0,63,21,100
8,7,46,0,62,21,100
9,1,47,0,61,21,100
9,2,49,0,60,17,100
9,3,50,0,59,17,100
9,4,51,0,58,17,100
9,5,51,0,57,17,100
9,6,51,0,56,16,100
10,1,52,0,55,17,100
10,2,52,0,54,16,100
10,3,52,0,53,16,100
10,4,53,0,52,17,100
10,5,53,0,51,16,100
10,6,53,0,50,15,100
11,1,57,0,49,18,100
11,2,59,0,48,19,100
11,3,59,0,47,19,100
11,4,61,0,46,20,100
11,5,63,0,45,22,100
11,6,64,0,44,22,100
12,1,64,0,43,22,100
12,2,68,0,42,26,100
12,3,69,0,41,26,100
12,4,70,0,40,27,100
12,5,70,0,39,27,100
12,6,71,0,38,28,100
12,7,73,0,37,28,100
13,1,73,0,36,28,100
13,2,74,0,35,29,100
13,3,74,0,34,29,100
13,4,75,0,33,30,100
13,5,79,0,32,33,100
13,6,80,0,31,33,100
13,7,80,0,30,31,100
14,1,80,0,29,30,100
14,2,81,0,28,30,100
14,3,83,0,27,32,100
14,4,84,0,26,33,100
14,5,86,0,25,34,100
14,6,86,0,24,34,100
15,1,87,0,23,35,100
15,2,89,0,22,36,100
15,3,89,0,21,36,100
15,4,90,0,20,37,100
15,5,92,0,19,35,100
15,6,92,0,18,33,100
16,1,92,0,17,33,100
16,2,93,0,16,32,100
16,3,93,0,15,30,100
16,4,95,0,14,31,100
16,5,96,0,13,32,100
16,6,97,0,12,29,100
17,1,97,0,11,28,100
17,2,98,0,10,28,100
17,3,99,0,9,29,100
17,4,100,0,8,29,100
17,5,100,0,7,27,100
17,6,100,0,6,27,100
0,1,1,0,119,1,103
0,2,1,0,118,1,103
0,3,1,0,117,1,103
0,4,2,0,116,2,103
0,5,2,0,115,2,103
0,6,2,0,114,2,103
0,7,2,0,113,2,103
1,1,3,0,112,3,103
1,2,3,0,111,3,103
1,3,4,0,110,4,103
1,4,8,0,109,8,103
1,5,8,0,108,8,103
1,6,8,0,107,8,103
1,7,8,0,106,8,103
2,1,12,0,105,12,103
2,2,16,0,104,16,103
2,3,16,0,103,16,103
2,4,16,0,102,16,103
2,5,17,0,101,17,103
2,6,18,0,100,18,103
3,1,19,0,99,19,103
3,2,23,0,98,23,103
3,3,23,0,97,23,103
3,4,24,0,96,24,103
3,5,24,0,95,24,103
3,6,24,0,94,24,103
3,7,24,0,93,24,103
4,1,25,0,92,25,103
4,2,25,0,91,25,103
4,3,26,0,90,26,103
4,4,30,0,89,29,103
4,5,31,0,88,30,103
4,6,31,0,87,30,103
5,1,31,0,86,29,103
5,2,31,0,85,29,103
5,3,32,0,84,30,103
5,4,36,0,83,34,103
5,5,36,0,82,33,103
5,6,40,0,81,37,103
6,1,42,0,80,38,103
6,2,46,0,79,38,103
6,3,46,0,78,38,103
6,4,47,0,77,39,103
6,5,48,0,76,40,103
6,6,48,0,75,36,103
6,7,48,0,74,32,103
7,1,48,0,73,32,103
7,2,49,0,72,33,103
7,3,50,0,71,33,103
7,4,50,0,70,32,103
7,5,51,0,69,32,103
7,6,52,0,68,29,103
7,7,52,0,67,29,103
8,1,54,0,66,30,103
8,2,56,0,65,32,103
8,3,57,0,64,33,103
8,4,58,0,63,34,103
8,5,59,0,62,34,103
8,6,59,0,61,34,103
8,7,59,0,60,33,103
9,1,60,0,59,30,103
9,2,61,0,58,30,103
9,3,63,0,57,32,103
9,4,64,0,56,33,103
9,5,65,0,55,34,103
9,6,66,0,54,34,103
10,1,66,0,53,30,103
10,2,67,0,52,31,103
10,3,67,0,51,27,103
10,4,68,0,50,26,103
10,5,68,0,49,22,103
10,6,68,0,48,22,103
11,1,69,0,47,22,103
11,2,73,0,46,25,103
11,3,73,0,45,25,103
11,4,73,0,44,25,103
11,5,74,0,43,26,103
11,6,75,0,42,26,103
12,1,76,0,41,26,103
12,2,77,0,40,27,103
12,3,77,0,39,26,103
12,4,77,0,38,25,103
12,5,77,0,37,25,103
12,6,77,0,36,23,103
13,1,79,0,35,23,103
13,2,83,0,34,26,103
13,3,84,0,33,26,103
13,4,85,0,32,26,103
13,5,85,0,31,26,103
13,6,85,0,30,26,103
14,1,85,0,29,25,103
14,2,86,0,28,25,103
14,3,87,0,27,24,103
14,4,87,0,26,23,103
14,5,88,0,25,23,103
14,6,89,0,24,23,103
14,7,90,0,23,24,103
15,1,91,0,22,24,103
15,2,92,0,21,25,103
15,3,93,0,20,25,103
15,4,94,0,19,26,103
15,5,94,0,18,26,103
15,6,95,0,17,26,103
15,7,95,0,16,22,103
16,1,96,0,15,23,103
16,2,96,0,14,23,103
16,3,97,0,13,23,103
16,4,98,0,12,23,103
16,5,99,0,11,23,103
16,6,100,0,10,23,103
17,1,100,0,9,23,103
17,2,101,0,8,24,103
17,3,103,0,7,26,103
17,4,103,0,6,26,103
17,5,103,0,5,24,103
0,1,0,0,119,0,72
0,2,0,0,118,0,72
0,3,0,0,117,0,72
0,4,1,0,116,1,72
0,5,1,0,115,1,72
0,6,2,0,114,2,72
1,1,6,0,113,6,72
1,2,6,0,112,6,72
1,3,7,0,111,7,72
1,4,7,0,110,7,72
1,5,7,0,109,7,72
1,6,8,0,108,8,72
2,1,8,0,107,8,72
2,2,12,0,106,12,72
2,3,13,0,105,13,72
2,4,13,0,104,13,72
2,5,13,0,103,13,72
2,6,13,0,102,13,72
3,1,13,0,101,13,72
3,2,14,0,100,14,72
3,3,14,0,99,14,72
3,4,14,0,98,14,72
3,5,15,0,97,15,72
3,6,16,0,96,16,72
4,1,16,0,95,16,72
4,2,17,0,94,17,72
4,3,17,0,93,17,72
4,4,18,0,92,18,72
4,5,18,0,91,18,72
4,6,18,0,90,18,72
4,7,19,0,89,19,72
4,8,19,0,88,19,72
5,1,19,0,87,19,72
5,2,20,0,86,19,72
5,3,20,0,85,19,72
5,4,21,0,84,19,72
5,5,21,0,83,15,72
5,6,21,0,82,15,72
6,1,22,0,81,15,72
6,2,23,0,80,16,72
6,3,27,0,79,20,72
6,4,27,0,78,19,72
6,5,27,0,77,19,72
6,6,27,0,76,15,72
6,7,28,0,75,15,72
6,8,28,0,74,15,72
7,1,28,0,73,15,72
7,2,28,0,72,15,72
7,3,28,0,71,15,72
7,4,28,0,70,14,72
7,5,28,0,69,14,72
7,6,29,0,68,15,72
8,1,29,0,67,14,72
8,2,29,0,66,13,72
8,3,30,0,65,14,72
8,4,34,0,64,17,72
8,5,34,0,63,17,72
8,6,35,0,62,17,72
9,1,35,0,61,17,72
9,2,35,0,60,17,72
9,3,36,0,59,17,72
9,4,37,0,58,18,72
9,5,37,0,57,18,72
9,6,38,0,56,18,72
10,1,39,0,55,19,72
10,2,39,0,54,18,72
10,3,40,0,53,19,72
10,4,41,0,52,20,72
10,5,42,0,51,20,72
10,6,43,0,50,20,72
10,7,43,0,49,16,72
11,1,44,0,48,17,72
11,2,44,0,47,17,72
11,3,44,0,46,17,72
11,4,45,0,45,17,72
11,5,46,0,44,18,72
11,6,47,0,43,19,72
11,7,48,0,42,20,72
12,1,49,0,41,21,72
12,2,49,0,40,21,72
12,3,50,0,39,22,72
12,4,51,0,38,22,72
12,5,51,0,37,22,72
12,6,55,0,36,26,72
12,7,55,0,35,25,72
13,1,56,0,34,22,72
13,2,56,0,33,22,72
13,3,57,0,32,22,72
13,4,57,0,31,22,72
13,5,57,0,30,22,72
13,6,58,0,29,22,72
13,7,58,0,28,21,72
14,1,59,0,27,22,72
14,2,59,0,26,21,72
14,3,60,0,25,21,72
14,4,61,0,24,22,72
14,5,63,0,23,23,72
14,6,64,0,22,23,72
14,7,65,0,21,23,72
14,8,65,0,20,22,72
14,9,65,0,19,22,72
15,1,66,0,18,22,72
15,2,66,0,17,22,72
15,3,66,0,16,22,72
15,4,67,0,15,22,72
15,5,68,0,14,22,72
15,6,68,0,13,21,72
15,7,69,0,12,21,72
16,1,69,0,11,20,72
16,2,69,0,10,20,72
16,3,69,0,9,19,72
16,4,69,0,8,18,72
16,5,69,0,7,18,72
16,6,70,0,6,15,72
17,1,70,0,5,15,72
17,2,70,0,4,14,72
17,3,72,0,3,16,72
17,4,72,0,2,15,72
17,5,72,0,1,15,72
0,1,0,0,119,0,118
0,2,0,0,118,0,118
0,3,1,0,117,1,118
0,4,3,0,116,3,118
0,5,3,0,115,3,118
0,6,4,0,114,4,118
0,7,4,0,113,4,118
1,1,4,0,112,4,118
1,2,4,0,111,4,118
1,3,8,0,110,8,118
1,4,9,0,109,9,118
1,5,10,0,108,10,118
1,6,10,0,107,10,118
2,1,10,0,106,10,118
2,2,10,0,105,10,118
2,3,10,0,104,10,118
2,4,10,0,103,10,118
2,5,12,0,102,12,118
2,6,12,0,101,12,118
3,1,13,0,100,13,118
3,2,14,0,99,14,118
3,3,14,0,98,14,118
3,4,14,0,97,14,118
3,5,14,0,96,14,118
3,6,16,0,95,16,118
4,1,16,0,94,16,118
4,2,16,0,93,16,118
4,3,16,0,92,16,118
4,4,16,0,91,16,118
4,5,16,0,90,16,118
4,6,16,0,89,16,118
5,1,17,0,88,17,118
5,2,18,0,87,17,118
5,3,18,0,86,15,118
5,4,18,0,85,15,118
5,5,22,0,84,18,118
5,6,22,0,83,18,118
6,1,23,0,82,19,118
6,2,23,0,81,19,118
6,3,27,0,80,19,118
6,4,27,0,79,18,118
6,5,27,0,78,17,118
6,6,27,0,77,17,118
7,1,27,0,76,17,118
7,2,28,0,75,18,118
7,3,28,0,74,18,118
7,4,29,0,73,19,118
7,5,30,0,72,18,118
7,6,30,0,71,18,118
8,1,31,0,70,18,118
8,2,31,0,69,17,118
8,3,32,0,68,18,118
8,4,32,0,67,18,118
8,5,32,0,66,18,118
8,6,32,0,65,16,118
9,1,32,0,64,16,118
9,2,33,0,63,17,118
9,3,33,0,62,17,118
9,4,37,0,61,21,118
9,5,38,0,60,22,118
9,6,39,0,59,23,118
9,7,43,0,58,26,118
9,8,43,0,57,25,118
10,1,45,0,56,27,118
10,2,46,0,55,28,118
10,3,48,0,54,26,118
10,4,48,0,53,26,118
10,5,48,0,52,25,118
10,6,50,0,51,27,118
11,1,51,0,50,24,118
11,2,51,0,49,24,118
11,3,51,0,48,24,118
11,4,51,0,47,24,118
11,5,52,0,46,25,118
11,6,52,0,45,24,118
12,1,55,0,44,27,118
12,2,59,0,43,30,118
12,3,60,0,42,30,118
12,4,66,0,41,36,118
12,5,67,0,40,36,118
12,6,67,0,39,36,118
12,7,71,0,38,39,118
12,8,72,0,37,40,118
13,1,73,0,36,41,118
13,2,74,0,35,42,118
13,3,75,0,34,43,118
13,4,75,0,33,42,118
13,5,76,0,32,43,118
13,6,76,0,31,39,118
14,1,76,0,30,38,118
14,2,77,0,29,38,118
14,3,77,0,28,34,118
14,4,83,0,27,40,118
14,5,83,0,26,38,118
14,6,83,0,25,37,118
15,1,83,0,24,35,118
15,2,85,0,23,37,118
15,3,86,0,22,38,118
15,4,86,0,21,36,118
15,5,86,0,20,35,118
15,6,88,0,19,37,118
16,1,89,0,18,38,118
16,2,89,0,17,38,118
16,3,91,0,16,39,118
16,4,93,0,15,41,118
16,5,95,0,14,40,118
16,6,95,0,13,36,118
17,1,95,0,12,35,118
17,2,95,0,11,29,118
17,3,99,0,10,32,118
17,4,100,0,9,33,118
17,5,100,0,8,29,118
17,6,102,0,7,30,118
17,7,102,0,6,29,118
18,1,104,0,5,30,118
18,2,104,0,4,29,118
18,3,106,0,3,31,118
18,4,110,0,2,34,118
18,5,110,0,1,34,118
18,6,111,0,0,35,118
19,1,113,0,-1,36,118
19,2,117,0,-2,40,118
19,3,117,0,-3,34,118
19,4,117,0,-4,34,118
19,5,117,0,-5,34,118
19,6,118,0,-6,35,118
0,1,0,0,119,0,138
0,2,0,0,118,0,138
0,3,0,0,117,0,138
0,4,1,0,116,1,138
0,5,2,0,115,2,138
0,6,2,0,114,2,138
0,7,8,0,113,8,138
0,8,8,0,112,8,138
1,1,8,0,111,8,138
1,2,8,0,110,8,138
1,3,10,0,109,10,138
1,4,10,0,108,10,138
1,5,10,0,107,10,138
1,6,10,0,106,10,138
2,1,10,0,105,10,138
2,2,11,0,104,11,138
2,3,13,0,103,13,138
2,4,15,0,102,15,138
2,5,15,0,101,15,138
2,6,16,0,100,16,138
3,1,16,0,99,16,138
3,2,20,0,98,20,138
3,3,21,0,97,21,138
3,4,21,0,96,21,138
3,5,25,0,95,25,138
3,6,29,0,94,29,138
4,1,29,0,93,29,138
4,2,31,0,92,31,138
4,3,31,0,91,31,138
4,4,33,0,90,33,138
4,5,34,0,89,34,138
4,6,35,0,88,35,138
5,1,35,0,87,35,138
5,2,39,0,86,38,138
5,3,39,0,85,37,138
5,4,39,0,84,37,138
5,5,40,0,83,32,138
5,6,40,0,82,32,138
6,1,41,0,81,33,138
6,2,45,0,80,37,138
6,3,47,0,79,37,138
6,4,49,0,78,39,138
6,5,50,0,77,40,138
6,6,51,0,76,41,138
7,1,51,0,75,41,138
7,2,52,0,74,41,138
7,3,53,0,73,40,138
7,4,54,0,72,39,138
7,5,55,0,71,40,138
7,6,56,0,70,40,138
8,1,56,0,69,40,138
8,2,57,0,68,37,138
8,3,57,0,67,36,138
8,4,58,0,66,37,138
8,5,59,0,65,34,138
8,6,60,0,64,31,138
9,1,62,0,63,33,138
9,2,63,0,62,32,138
9,3,64,0,61,33,138
9,4,65,0,60,32,138
9,5,65,0,59,31,138
9,6,66,0,58,31,138
10,1,66,0,57,31,138
10,2,66,0,56,27,138
10,3,66,0,55,27,138
10,4,67,0,54,28,138
10,5,68,0,53,28,138
10,6,69,0,52,29,138
11,1,69,0,51,28,138
11,2,75,0,50,30,138
11,3,75,0,49,28,138
11,4,81,0,48,32,138
11,5,82,0,47,32,138
11,6,83,0,46,32,138
12,1,84,0,45,33,138
12,2,84,0,44,32,138
12,3,90,0,43,37,138
12,4,94,0,42,40,138
12,5,94,0,41,39,138
12,6,95,0,40,39,138
13,1,95,0,39,39,138
13,2,96,0,38,39,138
13,3,100,0,37,43,138
13,4,101,0,36,43,138
13,5,101,0,35,42,138
13,6,102,0,34,42,138
14,1,108,0,33,46,138
14,2,109,0,32,46,138
14,3,110,0,31,46,138
14,4,114,0,30,49,138
14,5,115,0,29,50,138
14,6,117,0,28,51,138
15,1,119,0,27,53,138
15,2,120,0,26,54,138
15,3,120,0,25,54,138
15,4,121,0,24,54,138
15,5,122,0,23,54,138
15,6,122,0,22,53,138
16,1,122,0,21,53,138
16,2,126,0,20,51,138
16,3,127,0,19,52,138
16,4,127,0,18,46,138
16,5,128,0,17,46,138
16,6,128,0,16,45,138
17,1,128,0,15,44,138
17,2,129,0,14,45,138
17,3,129,0,13,39,138
17,4,133,0,12,39,138
17,5,133,0,11,39,138
17,6,133,0,10,38,138
18,1,133,0,9,38,138
18,2,134,0,8,38,138
18,3,134,0,7,34,138
18,4,134,0,6,33,138
18,5,135,0,5,34,138
18,6,135,0,4,33,138
19,1,136,0,3,28,138
19,2,137,0,2,28,138
19,3,137,0,1,27,138
19,4,137,0,0,23,138
19,5,138,0,-1,23,138
19,6,138,0,-2,21,138
0,1,4,0,119,4,127
0,2,5,0,118,5,127
0,3,5,0,117,5,127
0,4,9,0,116,9,127
0,5,9,0,115,9,127
0,6,9,0,114,9,127
0,7,9,0,113,9,127
1,1,9,0,112,9,127
1,2,9,0,111,9,127
1,3,13,0,110,13,127
1,4,13,0,109,13,127
1,5,13,0,108,13,127
1,6,14,0,107,14,127
2,1,14,0,106,14,127
2,2,15,0,105,15,127
2,3,17,0,104,17,127
2,4,18,0,103,18,127
2,5,19,0,102,19,127
2,6,20,0,101,20,127
2,7,21,0,100,21,127
2,8,22,0,99,22,127
3,1,23,0,98,23,127
3,2,24,0,97,24,127
3,3,24,0,96,24,127
3,4,24,0,95,24,127
3,5,24,0,94,24,127
3,6,24,0,93,24,127
4,1,24,0,92,24,127
4,2,25,0,91,25,127
4,3,25,0,90,25,127
4,4,26,0,89,22,127
4,5,27,0,88,22,127
4,6,27,0,87,22,127
5,1,28,0,86,19,127
5,2,29,0,85,20,127
5,3,30,0,84,21,127
5,4,30,0,83,21,127
5,5,31,0,82,22,127
5,6,31,0,81,22,127
6,1,31,0,80,18,127
6,2,31,0,79,18,127
6,3,32,0,78,19,127
6,4,33,0,77,19,127
6,5,33,0,76,19,127
6,6,34,0,75,19,127
7,1,35,0,74,18,127
7,2,36,0,73,18,127
7,3,40,0,72,21,127
7,4,41,0,71,21,127
7,5,43,0,70,22,127
7,6,44,0,69,22,127
7,7,45,0,68,22,127
8,1,45,0,67,21,127
8,2,46,0,66,22,127
8,3,47,0,65,23,127
8,4,47,0,64,23,127
8,5,47,0,63,23,127
8,6,48,0,62,24,127
9,1,48,0,61,23,127
9,2,52,0,60,27,127
9,3,53,0,59,27,127
9,4,53,0,58,26,127
9,5,54,0,57,27,127
9,6,58,0,56,30,127
10,1,59,0,55,30,127
10,2,60,0,54,30,127
10,3,61,0,53,31,127
10,4,61,0,52,30,127
10,5,62,0,51,31,127
10,6,63,0,50,32,127
11,1,64,0,49,33,127
11,2,68,0,48,36,127
11,3,70,0,47,37,127
11,4,70,0,46,37,127
11,5,71,0,45,37,127
11,6,72,0,44,37,127
11,7,72,0,43,36,127
11,8,72,0,42,32,127
11,9,73,0,41,32,127
12,1,74,0,40,31,127
12,2,78,0,39,34,127
12,3,78,0,38,33,127
12,4,84,0,37,39,127
12,5,84,0,36,38,127
12,6,84,0,35,37,127
13,1,85,0,34,38,127
13,2,89,0,33,42,127
13,3,90,0,32,42,127
13,4,91,0,31,43,127
13,5,92,0,30,40,127
13,6,93,0,29,40,127
13,7,94,0,28,41,127
13,8,94,0,27,40,127
14,1,94,0,26,36,127
14,2,95,0,25,36,127
14,3,95,0,24,35,127
14,4,95,0,23,34,127
14,5,96,0,22,35,127
14,6,97,0,21,35,127
15,1,97,0,20,34,127
15,2,98,0,19,34,127
15,3,99,0,18,31,127
15,4,99,0,17,29,127
15,5,100,0,16,30,127
15,6,101,0,15,30,127
15,7,101,0,14,29,127
16,1,102,0,13,30,127
16,2,103,0,12,31,127
16,3,104,0,11,31,127
16,4,108,0,10,34,127
16,5,108,0,9,30,127
16,6,109,0,8,31,127
16,7,110,0,7,26,127
17,1,111,0,6,27,127
17,2,111,0,5,27,127
17,3,112,0,4,27,127
17,4,112,0,3,23,127
17,5,114,0,2,24,127
17,6,115,0,1,24,127
18,1,116,0,0,24,127
18,2,117,0,-1,24,127
18,3,117,0,-2,23,127
18,4,118,0,-3,24,127
18,5,118,0,-4,24,127
18,6,120,0,-5,25,127
19,1,122,0,-6,27,127
19,2,123,0,-7,28,127
19,3,124,0,-8,28,127
19,4,125,0,-9,28,127
19,5,127,0,-10,30,127
19,6,127,0,-11,29,127
0,1,2,0,119,2,150
0,2,2,0,118,2,150
0,3,2,0,117,2,150
0,4,2,0,116,2,150
0,5,6,0,115,6,150
0,6,6,0,114,6,150
1,1,6,0,113,6,150
1,2,6,0,112,6,150
1,3,6,0,111,6,150
1,4,6,0,110,6,150
1,5,6,0,109,6,150
1,6,6,0,108,6,150
2,1,8,0,107,8,150
2,2,8,0,106,8,150
2,3,8,0,105,8,150
2,4,8,0,104,8,150
2,5,8,0,103,8,150
2,6,13,0,102,13,150
2,7,13,0,101,13,150
3,1,13,0,100,13,150
3,2,13,0,99,13,150
3,3,13,0,98,13,150
3,4,13,0,97,13,150
3,5,17,0,96,17,150
3,6,17,0,95,17,150
4,1,18,0,94,18,150
4,2,18,0,93,18,150
4,3,18,0,92,18,150
4,4,19,0,91,19,150
4,5,19,0,90,19,150
4,6,20,0,89,18,150
4,7,20,0,88,18,150
5,1,20,0,87,18,150
5,2,21,0,86,19,150
5,3,21,0,85,15,150
5,4,22,0,84,16,150
5,5,23,0,83,17,150
5,6,23,0,82,17,150
5,7,27,0,81,21,150
6,1,28,0,80,22,150
6,2,29,0,79,23,150
6,3,30,0,78,24,150
6,4,30,0,77,22,150
6,5,31,0,76,23,150
6,6,31,0,75,23,150
6,7,32,0,74,24,150
6,8,32,0,73,24,150
7,1,33,0,72,20,150
7,2,34,0,71,21,150
7,3,35,0,70,22,150
7,4,39,0,69,26,150
7,5,43,0,68,30,150
7,6,47,0,67,34,150
7,7,48,0,66,31,150
7,8,49,0,65,32,150
8,1,53,0,64,35,150
8,2,53,0,63,35,150
8,3,53,0,62,35,150
8,4,54,0,61,35,150
8,5,54,0,60,35,150
8,6,60,0,59,40,150
9,1,61,0,58,41,150
9,2,62,0,57,42,150
9,3,62,0,56,41,150
9,4,62,0,55,41,150
9,5,66,0,54,44,150
9,6,66,0,53,43,150
9,7,67,0,52,44,150
10,1,68,0,51,41,150
10,2,69,0,50,41,150
10,3,69,0,49,40,150
10,4,70,0,48,40,150
10,5,71,0,47,41,150
10,6,72,0,46,41,150
11,1,72,0,45,41,150
11,2,72,0,44,40,150
11,3,73,0,43,41,150
11,4,73,0,42,40,150
11,5,74,0,41,40,150
11,6,75,0,40,40,150
12,1,75,0,39,36,150
12,2,76,0,38,33,150
12,3,76,0,37,29,150
12,4,76,0,36,28,150
12,5,76,0,35,27,150
12,6,77,0,34,24,150
13,1,78,0,33,25,150
13,2,78,0,32,25,150
13,3,82,0,31,28,150
13,4,83,0,30,29,150
13,5,89,0,29,29,150
13,6,90,0,28,29,150
14,1,91,0,27,29,150
14,2,92,0,26,30,150
14,3,93,0,25,31,150
14,4,93,0,24,27,150
14,5,94,0,23,28,150
14,6,98,0,22,31,150
14,7,98,0,21,30,150
14,8,100,0,20,31,150
15,1,100,0,19,31,150
15,2,101,0,18,31,150
15,3,105,0,17,34,150
15,4,106,0,16,34,150
15,5,110,0,15,38,150
15,6,110,0,14,38,150
16,1,116,0,13,43,150
16,2,116,0,12,43,150
16,3,122,0,11,48,150
16,4,122,0,10,47,150
16,5,122,0,9,47,150
16,6,128,0,8,52,150
17,1,129,0,7,53,150
17,2,129,0,6,53,150
17,3,129,0,5,53,150
17,4,130,0,4,53,150
17,5,131,0,3,53,150
17,6,131,0,2,53,150
18,1,135,0,1,53,150
18,2,139,0,0,56,150
18,3,140,0,-1,51,150
18,4,142,0,-2,52,150
18,5,143,0,-3,52,150
18,6,144,0,-4,52,150
19,1,145,0,-5,52,150
19,2,147,0,-6,54,150
19,3,147,0,-7,53,150
19,4,148,0,-8,50,150
19,5,149,0,-9,51,150
19,6,149,0,-10,49,150
19,7,150,0,-11,50,150
19,8,150,0,-12,49,150
0,1,0,0,119,0,183
0,2,0,0,118,0,183
0,3,1,0,117,1,183
0,4,1,0,116,1,183
0,5,1,0,115,1,183
0,6,1,0,114,1,183
1,1,5,0,113,5,183
1,2,6,0,112,6,183
1,3,7,0,111,7,183
1,4,7,0,110,7,183
1,5,9,0,109,9,183
1,6,10,0,108,10,183
1,7,10,0,107,10,183
2,1,10,0,106,10,183
2,2,10,0,105,10,183
2,3,10,0,104,10,183
2,4,10,0,103,10,183
2,5,14,0,102,14,183
2,6,15,0,101,15,183
3,1,15,0,100,15,183
3,2,15,0,99,15,183
3,3,15,0,98,15,183
3,4,15,0,97,15,183
3,5,19,0,96,19,183
3,6,20,0,95,20,183
4,1,20,0,94,20,183
4,2,24,0,93,24,183
4,3,24,0,92,24,183
4,4,24,0,91,24,183
4,5,28,0,90,28,183
4,6,30,0,89,30,183
5,1,31,0,88,31,183
5,2,32,0,87,31,183
5,3,33,0,86,32,183
5,4,34,0,85,33,183
5,5,35,0,84,34,183
5,6,36,0,83,31,183
6,1,36,0,82,30,183
6,2,37,0,81,30,183
6,3,38,0,80,31,183
6,4,38,0,79,29,183
6,5,39,0,78,29,183
6,6,43,0,77,33,183
7,1,49,0,76,39,183
7,2,50,0,75,40,183
7,3,50,0,74,40,183
7,4,54,0,73,44,183
7,5,55,0,72,41,183
7,6,55,0,71,40,183
8,1,55,0,70,40,183
8,2,56,0,69,41,183
8,3,60,0,68,45,183
8,4,61,0,67,46,183
8,5,61,0,66,42,183
8,6,61,0,65,41,183
9,1,63,0,64,43,183
9,2,67,0,63,43,183
9,3,67,0,62,43,183
9,4,68,0,61,44,183
9,5,68,0,60,40,183
9,6,68,0,59,38,183
10,1,74,0,58,43,183
10,2,78,0,57,46,183
10,3,78,0,56,45,183
10,4,78,0,55,44,183
10,5,78,0,54,43,183
10,6,79,0,53,43,183
11,1,85,0,52,49,183
11,2,91,0,51,54,183
11,3,97,0,50,59,183
11,4,97,0,49,59,183
11,5,98,0,48,59,183
11,6,99,0,47,56,183
12,1,99,0,46,50,183
12,2,100,0,45,50,183
12,3,101,0,44,51,183
12,4,105,0,43,51,183
12,5,105,0,42,50,183
12,6,109,0,41,54,183
13,1,109,0,40,54,183
13,2,115,0,39,59,183
13,3,116,0,38,56,183
13,4,116,0,37,55,183
13,5,117,0,36,56,183
13,6,118,0,35,57,183
14,1,122,0,34,59,183
14,2,123,0,33,56,183
14,3,129,0,32,62,183
14,4,130,0,31,62,183
14,5,131,0,30,63,183
14,6,131,0,29,63,183
15,1,132,0,28,58,183
15,2,132,0,27,54,183
15,3,133,0,26,55,183
15,4,135,0,25,57,183
15,5,139,0,24,61,183
15,6,145,0,23,66,183
16,1,146,0,22,61,183
16,2,152,0,21,61,183
16,3,158,0,20,61,183
16,4,159,0,19,62,183
16,5,159,0,18,61,183
16,6,160,0,17,61,183
16,7,160,0,16,61,183
17,1,160,0,15,60,183
17,2,160,0,14,59,183
17,3,160,0,13,55,183
17,4,161,0,12,56,183
17,5,163,0,11,54,183
17,6,163,0,10,54,183
18,1,163,0,9,48,183
18,2,164,0,8,48,183
18,3,165,0,7,49,183
18,4,166,0,6,49,183
18,5,166,0,5,48,183
18,6,172,0,4,50,183
19,1,174,0,3,51,183
19,2,175,0,2,46,183
19,3,175,0,1,45,183
19,4,176,0,0,45,183
19,5,177,0,-1,46,183
19,6,183,0,-2,51,183
0,1,4,0,119,4,121
0,2,5,0,118,5,121
0,3,5,0,117,5,121
0,4,6,0,116,6,121
0,5,6,0,115,6,121
0,6,10,0,114,10,121
0,7,13,0,113,13,121
0,8,14,0,112,14,121
0,9,15,0,111,15,121
1,1,16,0,110,16,121
1,2,17,0,109,17,121
1,3,18,0,108,18,121
1,4,18,0,107,18,121
1,5,18,0,106,18,121
1,6,18,0,105,18,121
1,7,19,0,104,19,121
1,8,20,0,103,20,121
2,1,20,0,102,20,121
2,2,24,0,101,24,121
2,3,25,0,100,25,121
2,4,25,0,99,25,121
2,5,25,0,98,25,121
2,6,25,0,97,25,121
3,1,26,0,96,26,121
3,2,27,0,95,27,121
3,3,28,0,94,28,121
3,4,28,0,93,28,121
3,5,28,0,92,28,121
3,6,28,0,91,28,121
3,7,28,0,90,28,121
3,8,29,0,89,25,121
4,1,30,0,88,25,121
4,2,30,0,87,25,121
4,3,30,0,86,24,121
4,4,31,0,85,25,121
4,5,35,0,84,25,121
4,6,35,0,83,22,121
5,1,35,0,82,21,121
5,2,36,0,81,21,121
5,3,37,0,80,21,121
5,4,37,0,79,20,121
5,5,37,0,78,19,121
5,6,38,0,77,20,121
5,7,39,0,76,21,121
6,1,39,0,75,21,121
6,2,39,0,74,20,121
6,3,40,0,73,20,121
6,4,41,0,72,21,121
6,5,41,0,71,17,121
6,6,41,0,70,16,121
7,1,41,0,69,16,121
7,2,41,0,68,16,121
7,3,43,0,67,18,121
7,4,44,0,66,18,121
7,5,45,0,65,18,121
7,6,47,0,64,19,121
7,7,47,0,63,19,121
8,1,47,0,62,19,121
8,2,48,0,61,20,121
8,3,48,0,60,20,121
8,4,49,0,59,20,121
8,5,50,0,58,20,121
8,6,50,0,57,20,121
9,1,50,0,56,20,121
9,2,50,0,55,19,121
9,3,50,0,54,15,121
9,4,52,0,53,17,121
9,5,52,0,52,17,121
9,6,52,0,51,16,121
10,1,53,0,50,16,121
10,2,53,0,49,16,121
10,3,54,0,48,17,121
10,4,54,0,47,16,121
10,5,54,0,46,15,121
10,6,54,0,45,15,121
11,1,54,0,44,15,121
11,2,54,0,43,14,121
11,3,54,0,42,13,121
11,4,54,0,41,13,121
11,5,54,0,40,13,121
11,6,55,0,39,14,121
11,7,56,0,38,15,121
12,1,57,0,37,14,121
12,2,58,0,36,14,121
12,3,59,0,35,14,121
12,4,59,0,34,12,121
12,5,59,0,33,12,121
12,6,60,0,32,13,121
12,7,60,0,31,12,121
13,1,60,0,30,12,121
13,2,64,0,29,15,121
13,3,65,0,28,15,121
13,4,67,0,27,17,121
13,5,68,0,26,18,121
13,6,69,0,25,19,121
14,1,69,0,24,19,121
14,2,70,0,23,18,121
14,3,70,0,22,18,121
14,4,70,0,21,18,121
14,5,72,0,20,19,121
14,6,73,0,19,20,121
15,1,74,0,18,20,121
15,2,74,0,17,20,121
15,3,75,0,16,21,121
15,4,77,0,15,23,121
15,5,78,0,14,24,121
15,6,79,0,13,25,121
15,7,81,0,12,27,121
16,1,81,0,11,27,121
16,2,83,0,10,29,121
16,3,84,0,9,29,121
16,4,84,0,8,28,121
16,5,84,0,7,27,121
16,6,85,0,6,27,121
17,1,86,0,5,27,121
17,2,87,0,4,28,121
17,3,93,0,3,34,121
17,4,94,0,2,34,121
17,5,95,0,1,35,121
17,6,96,0,0,36,121
18,1,97,0,-1,33,121
18,2,103,0,-2,38,121
18,3,109,0,-3,42,121
18,4,110,0,-4,42,121
18,5,111,0,-5,42,121
18,6,113,0,-6,44,121
19,1,113,0,-7,43,121
19,2,113,0,-8,43,121
19,3,117,0,-9,47,121
19,4,118,0,-10,46,121
19,5,119,0,-11,46,121
19,6,121,0,-12,47,121
0,1,1,0,119,1,148
0,2,1,0,118,1,148
0,3,1,0,117,1,148
0,4,1,0,116,1,148
0,5,1,0,115,1,148
0,6,2,0,114,2,148
0,7,3,0,113,3,148
1,1,5,0,112,5,148
1,2,5,0,111,5,148
1,3,6,0,110,6,148
1,4,9,0,109,9,148
1,5,9,0,108,9,148
1,6,9,0,107,9,148
2,1,10,0,106,10,148
2,2,11,0,105,11,148
2,3,11,0,104,11,148
2,4,11,0,103,11,148
2,5,11,0,102,11,148
2,6,12,0,101,12,148
3,1,14,0,100,14,148
3,2,14,0,99,14,148
3,3,19,0,98,19,148
3,4,20,0,97,20,148
3,5,21,0,96,21,148
3,6,25,0,95,25,148
3,7,26,0,94,26,148
3,8,27,0,93,27,148
3,9,28,0,92,28,148
4,1,29,0,91,29,148
4,2,30,0,90,30,148
4,3,34,0,89,33,148
4,4,35,0,88,34,148
4,5,35,0,87,34,148
4,6,36,0,86,35,148
4,7,36,0,85,35,148
5,1,36,0,84,34,148
5,2,36,0,83,33,148
5,3,37,0,82,32,148
5,4,37,0,81,32,148
5,5,37,0,80,31,148
5,6,41,0,79,32,148
6,1,42,0,78,33,148
6,2,42,0,77,33,148
6,3,42,0,76,32,148
6,4,42,0,75,31,148
6,5,42,0,74,31,148
6,6,42,0,73,31,148
7,1,42,0,72,31,148
7,2,43,0,71,31,148
7,3,44,0,70,30,148
7,4,46,0,69,32,148
7,5,47,0,68,28,148
7,6,47,0,67,27,148
7,7,48,0,66,27,148
7,8,49,0,65,24,148
8,1,50,0,64,24,148
8,2,50,0,63,23,148
8,3,50,0,62,22,148
8,4,51,0,61,22,148
8,5,52,0,60,22,148
8,6,53,0,59,19,148
9,1,53,0,58,18,148
9,2,55,0,57,20,148
9,3,55,0,56,19,148
9,4,55,0,55,19,148
9,5,55,0,54,19,148
9,6,56,0,53,20,148
10,1,58,0,52,21,148
10,2,59,0,51,22,148
10,3,60,0,50,23,148
10,4,60,0,49,19,148
10,5,62,0,48,20,148
10,6,65,0,47,23,148
11,1,69,0,46,27,148
11,2,70,0,45,28,148
11,3,70,0,44,28,148
11,4,70,0,43,28,148
11,5,72,0,42,30,148
11,6,73,0,41,30,148
12,1,73,0,40,29,148
12,2,74,0,39,28,148
12,3,74,0,38,27,148
12,4,74,0,37,27,148
12,5,76,0,36,28,148
12,6,82,0,35,33,148
13,1,83,0,34,33,148
13,2,84,0,33,34,148
13,3,84,0,32,34,148
13,4,84,0,31,33,148
13,5,85,0,30,33,148
13,6,86,0,29,33,148
13,7,87,0,28,34,148
14,1,87,0,27,32,148
14,2,88,0,26,33,148
14,3,89,0,25,34,148
14,4,89,0,24,34,148
14,5,90,0,23,34,148
14,6,90,0,22,32,148
15,1,91,0,21,32,148
15,2,97,0,20,37,148
15,3,97,0,19,37,148
15,4,101,0,18,39,148
15,5,107,0,17,42,148
15,6,113,0,16,44,148
16,1,113,0,15,43,148
16,2,114,0,14,44,148
16,3,116,0,13,46,148
16,4,118,0,12,46,148
16,5,119,0,11,46,148
16,6,121,0,10,48,148
17,1,121,0,9,47,148
17,2,122,0,8,48,148
17,3,122,0,7,48,148
17,4,126,0,6,50,148
17,5,126,0,5,44,148
17,6,127,0,4,44,148
18,1,127,0,3,43,148
18,2,127,0,2,43,148
18,3,128,0,1,44,148
18,4,128,0,0,43,148
18,5,129,0,-1,43,148
18,6,130,0,-2,43,148
19,1,130,0,-3,43,148
19,2,136,0,-4,48,148
19,3,142,0,-5,53,148
19,4,144,0,-6,55,148
19,5,148,0,-7,58,148
19,6,148,0,-8,58,148
0,1,0,0,119,0,137
0,2,0,0,118,0,137
0,3,0,0,117,0,137
0,4,0,0,116,0,137
0,5,1,0,115,1,137
0,6,1,0,114,1,137
1,1,3,0,113,3,137
1,2,3,0,112,3,137
1,3,4,0,111,4,137
1,4,4,0,110,4,137
1,5,4,0,109,4,137
1,6,8,0,108,8,137
2,1,9,0,107,9,137
2,2,10,0,106,10,137
2,3,10,0,105,10,137
2,4,10,0,104,10,137
2,5,10,0,103,10,137
2,6,12,0,102,12,137
2,7,12,0,101,12,137
3,1,12,0,100,12,137
3,2,12,0,99,12,137
3,3,13,0,98,13,137
3,4,14,0,97,14,137
3,5,15,0,96,15,137
3,6,15,0,95,15,137
3,7,16,0,94,16,137
4,1,17,0,93,17,137
4,2,18,0,92,18,137
4,3,18,0,91,18,137
4,4,20,0,90,20,137
4,5,20,0,89,20,137
4,6,21,0,88,21,137
4,7,22,0,87,22,137
5,1,23,0,86,23,137
5,2,23,0,85,22,137
5,3,23,0,84,22,137
5,4,23,0,83,20,137
5,5,24,0,82,21,137
5,6,25,0,81,21,137
5,7,26,0,80,22,137
6,1,26,0,79,22,137
6,2,27,0,78,19,137
6,3,27,0,77,18,137
6,4,28,0,76,18,137
6,5,29,0,75,19,137
6,6,30,0,74,20,137
7,1,32,0,73,22,137
7,2,33,0,72,21,137
7,3,33,0,71,21,137
7,4,34,0,70,22,137
7,5,36,0,69,24,137
7,6,38,0,68,25,137
7,7,39,0,67,25,137
8,1,39,0,66,24,137
8,2,40,0,65,25,137
8,3,41,0,64,25,137
8,4,42,0,63,25,137
8,5,43,0,62,25,137
8,6,44,0,61,26,137
9,1,46,0,60,26,137
9,2,47,0,59,27,137
9,3,48,0,58,27,137
9,4,49,0,57,27,137
9,5,50,0,56,27,137
9,6,51,0,55,28,137
9,7,52,0,54,29,137
10,1,52,0,53,29,137
10,2,52,0,52,28,137
10,3,53,0,51,28,137
10,4,53,0,50,27,137
10,5,54,0,49,28,137
10,6,54,0,48,27,137
11,1,55,0,47,28,137
11,2,59,0,46,31,137
11,3,60,0,45,31,137
11,4,61,0,44,31,137
11,5,62,0,43,30,137
11,6,63,0,42,30,137
12,1,64,0,41,31,137
12,2,64,0,40,30,137
12,3,65,0,39,29,137
12,4,66,0,38,28,137
12,5,67,0,37,28,137
12,6,68,0,36,29,137
13,1,70,0,35,30,137
13,2,71,0,34,30,137
13,3,72,0,33,30,137
13,4,78,0,32,35,137
13,5,82,0,31,38,137
13,6,82,0,30,36,137
14,1,83,0,29,36,137
14,2,84,0,28,36,137
14,3,88,0,27,39,137
14,4,90,0,26,40,137
14,5,91,0,25,40,137
14,6,91,0,24,39,137
14,7,91,0,23,39,137
15,1,91,0,22,39,137
15,2,97,0,21,44,137
15,3,98,0,20,45,137
15,4,98,0,19,44,137
15,5,98,0,18,44,137
15,6,99,0,17,44,137
16,1,100,0,16,41,137
16,2,102,0,15,42,137
16,3,102,0,14,41,137
16,4,106,0,13,44,137
16,5,106,0,12,43,137
16,6,110,0,11,46,137
17,1,111,0,10,47,137
17,2,113,0,9,48,137
17,3,119,0,8,53,137
17,4,120,0,7,53,137
17,5,121,0,6,53,137
17,6,122,0,5,52,137
17,7,122,0,4,51,137
18,1,123,0,3,51,137
18,2,123,0,2,45,137
18,3,123,0,1,41,137
18,4,124,0,0,42,137
18,5,124,0,-1,41,137
18,6,126,0,-2,42,137
19,1,126,0,-3,38,137
19,2,132,0,-4,42,137
19,3,133,0,-5,42,137
19,4,134,0,-6,43,137
19,5,136,0,-7,45,137
19,6,137,0,-8,46,137
0,1,0,0,119,0,100
0,2,1,0,118,1,100
0,3,1,0,117,1,100
0,4,1,0,116,1,100
0,5,1,0,115,1,100
0,6,1,0,114,1,100
1,1,2,0,113,2,100
1,2,2,0,112,2,100
1,3,2,0,111,2,100
1,4,2,0,110,2,100
1,5,3,0,109,3,100
1,6,3,0,108,3,100
2,1,3,0,107,3,100
2,2,3,0,106,3,100
2,3,3,0,105,3,100
2,4,3,0,104,3,100
2,5,3,0,103,3,100
2,6,4,0,102,4,100
3,1,5,0,101,5,100
3,2,5,0,100,5,100
3,3,6,0,99,6,100
3,4,6,0,98,6,100
3,5,10,0,97,10,100
3,6,11,0,96,11,100
3,7,15,0,95,15,100
4,1,16,0,94,16,100
4,2,16,0,93,16,100
4,3,16,0,92,16,100
4,4,16,0,91,16,100
4,5,16,0,90,16,100
4,6,17,0,89,17,100
5,1,17,0,88,16,100
5,2,18,0,87,17,100
5,3,19,0,86,18,100
5,4,19,0,85,18,100
5,5,19,0,84,18,100
5,6,19,0,83,17,100
6,1,20,0,82,18,100
6,2,24,0,81,22,100
6,3,24,0,80,22,100
6,4,24,0,79,21,100
6,5,25,0,78,22,100
6,6,25,0,77,22,100
6,7,25,0,76,22,100
7,1,25,0,75,22,100
7,2,25,0,74,22,100
7,3,25,0,73,22,100
7,4,25,0,72,21,100
7,5,25,0,71,20,100
7,6,26,0,70,21,100
8,1,26,0,69,20,100
8,2,27,0,68,21,100
8,3,28,0,67,18,100
8,4,28,0,66,17,100
8,5,30,0,65,15,100
8,6,36,0,64,20,100
9,1,37,0,63,21,100
9,2,39,0,62,23,100
9,3,40,0,61,24,100
9,4,41,0,60,25,100
9,5,41,0,59,24,100
9,6,42,0,58,25,100
10,1,45,0,57,27,100
10,2,45,0,56,26,100
10,3,46,0,55,27,100
10,4,48,0,54,29,100
10,5,50,0,53,31,100
10,6,51,0,52,31,100
11,1,53,0,51,29,100
11,2,53,0,50,29,100
11,3,59,0,49,35,100
11,4,60,0,48,35,100
11,5,60,0,47,35,100
11,6,60,0,46,35,100
12,1,60,0,45,35,100
12,2,61,0,44,36,100
12,3,62,0,43,37,100
12,4,62,0,42,37,100
12,5,64,0,41,39,100
12,6,64,0,40,38,100
13,1,65,0,39,39,100
13,2,69,0,38,42,100
13,3,70,0,37,42,100
13,4,71,0,36,43,100
13,5,71,0,35,41,100
13,6,75,0,34,39,100
14,1,76,0,33,39,100
14,2,76,0,32,37,100
14,3,77,0,31,37,100
14,4,77,0,30,36,100
14,5,78,0,29,37,100
14,6,78,0,28,36,100
15,1,78,0,27,33,100
15,2,78,0,26,33,100
15,3,78,0,25,32,100
15,4,78,0,24,30,100
15,5,79,0,23,29,100
15,6,79,0,22,28,100
16,1,79,0,21,26,100
16,2,79,0,20,26,100
16,3,80,0,19,21,100
16,4,80,0,18,20,100
16,5,82,0,17,22,100
16,6,83,0,16,23,100
17,1,84,0,15,24,100
17,2,86,0,14,25,100
17,3,86,0,13,24,100
17,4,87,0,12,25,100
17,5,88,0,11,24,100
17,6,88,0,10,24,100
18,1,89,0,9,24,100
18,2,90,0,8,21,100
18,3,90,0,7,20,100
18,4,90,0,6,19,100
18,5,91,0,5,20,100
18,6,95,0,4,20,100
19,1,99,0,3,23,100
19,2,100,0,2,24,100
19,3,100,0,1,23,100
0,1,0,0,119,0,145
0,2,0,0,118,0,145
0,3,0,0,117,0,145
0,4,1,0,116,1,145
0,5,2,0,115,2,145
0,6,3,0,114,3,145
0,7,4,0,113,4,145
1,1,5,0,112,5,145
1,2,5,0,111,5,145
1,3,6,0,110,6,145
1,4,7,0,109,7,145
1,5,8,0,108,8,145
1,6,8,0,107,8,145
2,1,9,0,106,9,145
2,2,9,0,105,9,145
2,3,11,0,104,11,145
2,4,11,0,103,11,145
2,5,15,0,102,15,145
2,6,15,0,101,15,145
3,1,16,0,100,16,145
3,2,20,0,99,20,145
3,3,24,0,98,24,145
3,4,24,0,97,24,145
3,5,24,0,96,24,145
3,6,25,0,95,25,145
4,1,29,0,94,29,145
4,2,30,0,93,30,145
4,3,30,0,92,30,145
4,4,30,0,91,30,145
4,5,30,0,90,30,145
4,6,30,0,89,30,145
5,1,31,0,88,31,145
5,2,31,0,87,31,145
5,3,32,0,86,31,145
5,4,36,0,85,34,145
5,5,37,0,84,34,145
5,6,38,0,83,34,145
6,1,39,0,82,34,145
6,2,39,0,81,34,145
6,3,41,0,80,35,145
6,4,41,0,79,34,145
6,5,42,0,78,34,145
6,6,43,0,77,35,145
7,1,45,0,76,36,145
7,2,46,0,75,37,145
7,3,47,0,74,36,145
7,4,48,0,73,37,145
7,5,48,0,72,33,145
7,6,48,0,71,33,145
7,7,51,0,70,35,145
8,1,51,0,69,31,145
8,2,52,0,68,28,145
8,3,53,0,67,29,145
8,4,54,0,66,30,145
8,5,54,0,65,29,145
8,6,55,0,64,26,145
8,7,59,0,63,29,145
8,8,60,0,62,30,145
9,1,61,0,61,31,145
9,2,62,0,60,32,145
9,3,62,0,59,32,145
9,4,63,0,58,32,145
9,5,64,0,57,33,145
9,6,64,0,56,32,145
10,1,65,0,55,29,145
10,2,69,0,54,32,145
10,3,69,0,53,31,145
10,4,70,0,52,31,145
10,5,71,0,51,32,145
10,6,71,0,50,30,145
11,1,73,0,49,32,145
11,2,74,0,48,32,145
11,3,74,0,47,31,145
11,4,74,0,46,29,145
11,5,75,0,45,29,145
11,6,77,0,44,30,145
12,1,77,0,43,29,145
12,2,78,0,42,30,145
12,3,79,0,41,31,145
12,4,80,0,40,29,145
12,5,81,0,39,30,145
12,6,82,0,38,30,145
12,7,86,0,37,33,145
13,1,90,0,36,36,145
13,2,91,0,35,37,145
13,3,95,0,34,40,145
13,4,96,0,33,37,145
13,5,96,0,32,36,145
13,6,96,0,31,35,145
14,1,96,0,30,34,145
14,2,96,0,29,34,145
14,3,97,0,28,34,145
14,4,97,0,27,33,145
14,5,98,0,26,34,145
14,6,99,0,25,34,145
15,1,100,0,24,31,145
15,2,101,0,23,32,145
15,3,102,0,22,32,145
15,4,102,0,21,31,145
15,5,103,0,20,32,145
15,6,103,0,19,30,145
16,1,106,0,18,32,145
16,2,107,0,17,33,145
16,3,107,0,16,33,145
16,4,110,0,15,35,145
16,5,112,0,14,35,145
16,6,112,0,13,35,145
16,7,113,0,12,35,145
17,1,113,0,11,34,145
17,2,114,0,10,34,145
17,3,114,0,9,33,145
17,4,118,0,8,36,145
17,5,120,0,7,34,145
17,6,122,0,6,32,145
18,1,124,0,5,33,145
18,2,126,0,4,31,145
18,3,130,0,3,34,145
18,4,134,0,2,38,145
18,5,135,0,1,39,145
18,6,139,0,0,43,145
18,7,139,0,-1,43,145
19,1,139,0,-2,42,145
19,2,140,0,-3,43,145
19,3,140,0,-4,42,145
19,4,142,0,-5,43,145
19,5,143,0,-6,43,145
19,6,145,0,-7,44,145
0,1,1,0,119,1,146
0,2,1,0,118,1,146
0,3,1,0,117,1,146
0,4,1,0,116,1,146
0,5,1,0,115,1,146
0,6,2,0,114,2,146
0,7,2,0,113,2,146
1,1,2,0,112,2,146
1,2,6,0,111,6,146
1,3,7,0,110,7,146
1,4,9,0,109,9,146
1,5,9,0,108,9,146
1,6,9,0,107,9,146
2,1,13,0,106,13,146
2,2,13,0,105,13,146
2,3,15,0,104,15,146
2,4,15,0,103,15,146
2,5,15,0,102,15,146
2,6,19,0,101,19,146
3,1,20,0,100,20,146
3,2,24,0,99,24,146
3,3,26,0,98,26,146
3,4,26,0,97,26,146
3,5,27,0,96,27,146
3,6,27,0,95,27,146
4,1,27,0,94,27,146
4,2,28,0,93,28,146
4,3,32,0,92,32,146
4,4,32,0,91,32,146
4,5,36,0,90,36,146
4,6,36,0,89,35,146
4,7,37,0,88,36,146
5,1,41,0,87,40,146
5,2,42,0,86,41,146
5,3,42,0,85,41,146
5,4,44,0,84,42,146
5,5,44,0,83,42,146
5,6,45,0,82,43,146
5,7,46,0,81,40,146
5,8,48,0,80,41,146
6,1,49,0,79,40,146
6,2,53,0,78,44,146
6,3,53,0,77,44,146
6,4,53,0,76,40,146
6,5,57,0,75,44,146
6,6,57,0,74,42,146
6,7,57,0,73,42,146
7,1,58,0,72,43,146
7,2,58,0,71,39,146
7,3,59,0,70,39,146
7,4,60,0,69,36,146
7,5,60,0,68,34,146
7,6,64,0,67,38,146
8,1,64,0,66,37,146
8,2,66,0,65,39,146
8,3,66,0,64,39,146
8,4,70,0,63,42,146
8,5,71,0,62,39,146
8,6,71,0,61,39,146
9,1,71,0,60,35,146
9,2,72,0,59,36,146
9,3,76,0,58,39,146
9,4,77,0,57,36,146
9,5,77,0,56,35,146
9,6,81,0,55,39,146
10,1,83,0,54,39,146
10,2,85,0,53,41,146
10,3,85,0,52,40,146
10,4,85,0,51,39,146
10,5,87,0,50,39,146
10,6,88,0,49,39,146
11,1,90,0,48,37,146
11,2,94,0,47,41,146
11,3,95,0,46,42,146
11,4,95,0,45,38,146
11,5,95,0,44,38,146
11,6,96,0,43,39,146
11,7,96,0,42,38,146
12,1,96,0,41,38,146
12,2,97,0,40,38,146
12,3,97,0,39,37,146
12,4,98,0,38,38,146
12,5,100,0,37,36,146
12,6,102,0,36,38,146
13,1,103,0,35,37,146
13,2,103,0,34,37,146
13,3,103,0,33,33,146
13,4,104,0,32,33,146
13,5,104,0,31,33,146
13,6,105,0,30,34,146
13,7,105,0,29,33,146
14,1,106,0,28,30,146
14,2,107,0,27,30,146
14,3,108,0,26,31,146
14,4,108,0,25,27,146
14,5,108,0,24,25,146
14,6,108,0,23,23,146
15,1,112,0,22,27,146
15,2,113,0,21,28,146
15,3,113,0,20,26,146
15,4,113,0,19,25,146
15,5,115,0,18,25,146
15,6,116,0,17,22,146
16,1,118,0,16,23,146
16,2,119,0,15,24,146
16,3,119,0,14,24,146
16,4,121,0,13,25,146
16,5,125,0,12,29,146
16,6,127,0,11,31,146
16,7,127,0,10,30,146
17,1,128,0,9,31,146
17,2,129,0,8,31,146
17,3,133,0,7,33,146
17,4,134,0,6,32,146
17,5,134,0,5,31,146
17,6,135,0,4,32,146
18,1,136,0,3,33,146
18,2,137,0,2,33,146
18,3,137,0,1,33,146
18,4,137,0,0,32,146
18,5,138,0,-1,33,146
18,6,139,0,-2,33,146
19,1,140,0,-3,33,146
19,2,140,0,-4,32,146
19,3,142,0,-5,34,146
19,4,144,0,-6,36,146
19,5,145,0,-7,37,146
19,6,146,0,-8,34,146
0,1,0,0,119,0,21
0,2,0,0,118,0,21
0,3,0,0,117,0,21
0,4,0,0,116,0,21
0,5,1,0,115,1,21
0,6,1,0,114,1,21
1,1,1,0,113,1,21
1,2,2,0,112,2,21
1,3,2,0,111,2,21
1,4,2,0,110,2,21
1,5,2,0,109,2,21
1,6,2,0,108,2,21
2,1,2,0,107,2,21
2,2,2,0,106,2,21
2,3,2,0,105,2,21
2,4,3,0,104,3,21
2,5,4,0,103,4,21
2,6,4,0,102,4,21
3,1,4,0,101,4,21
3,2,4,0,100,4,21
3,3,4,0,99,4,21
3,4,4,0,98,4,21
3,5,4,0,97,4,21
3,6,4,0,96,4,21
4,1,4,0,95,4,21
4,2,4,0,94,4,21
4,3,4,0,93,4,21
4,4,5,0,92,5,21
4,5,5,0,91,5,21
4,6,5,0,90,5,21
4,7,5,0,89,5,21
5,1,5,0,88,5,21
5,2,5,0,87,5,21
5,3,5,0,86,5,21
5,4,6,0,85,5,21
5,5,6,0,84,5,21
5,6,6,0,83,5,21
6,1,6,0,82,4,21
6,2,6,0,81,4,21
6,3,6,0,80,4,21
6,4,6,0,79,4,21
6,5,6,0,78,4,21
6,6,6,0,77,4,21
7,1,6,0,76,4,21
7,2,6,0,75,4,21
7,3,6,0,74,3,21
7,4,7,0,73,3,21
7,5,7,0,72,3,21
7,6,7,0,71,3,21
8,1,7,0,70,3,21
8,2,7,0,69,3,21
8,3,7,0,68,3,21
8,4,7,0,67,3,21
8,5,7,0,66,3,21
8,6,11,0,65,7,21
9,1,11,0,64,7,21
9,2,11,0,63,7,21
9,3,11,0,62,6,21
9,4,11,0,61,6,21
9,5,11,0,60,6,21
9,6,11,0,59,6,21
10,1,11,0,58,6,21
10,2,11,0,57,6,21
10,3,11,0,56,6,21
10,4,11,0,55,5,21
10,5,11,0,54,5,21
10,6,11,0,53,5,21
11,1,11,0,52,5,21
11,2,11,0,51,5,21
11,3,11,0,50,5,21
11,4,11,0,49,5,21
11,5,11,0,48,5,21
11,6,11,0,47,5,21
12,1,11,0,46,5,21
12,2,11,0,45,5,21
12,3,11,0,44,5,21
12,4,11,0,43,4,21
12,5,12,0,42,5,21
12,6,13,0,41,6,21
13,1,13,0,40,6,21
13,2,13,0,39,6,21
13,3,13,0,38,6,21
13,4,13,0,37,6,21
13,5,14,0,36,7,21
13,6,14,0,35,3,21
14,1,14,0,34,3,21
14,2,14,0,33,3,21
14,3,15,0,32,4,21
14,4,15,0,31,4,21
14,5,15,0,30,4,21
14,6,15,0,29,4,21
14,7,15,0,28,4,21
15,1,15,0,27,4,21
15,2,15,0,26,4,21
15,3,19,0,25,8,21
15,4,19,0,24,8,21
15,5,20,0,23,9,21
15,6,20,0,22,9,21
16,1,20,0,21,9,21
16,2,20,0,20,9,21
16,3,20,0,19,9,21
16,4,21,0,18,10,21
16,5,21,0,17,10,21
16,6,21,0,16,10,21
17,1,21,0,15,10,21
17,2,21,0,14,10,21
17,3,21,0,13,10,21
17,4,21,0,12,9,21
17,5,21,0,11,8,21
17,6,21,0,10,8,21
18,1,21,0,9,8,21
0,1,1,0,119,1,103
0,2,1,0,118,1,103
0,3,1,0,117,1,103
0,4,1,0,116,1,103
0,5,1,0,115,1,103
0,6,2,0,114,2,103
1,1,2,0,113,2,103
1,2,2,0,112,2,103
1,3,2,0,111,2,103
1,4,2,0,110,2,103
1,5,2,0,109,2,103
1,6,3,0,108,3,103
2,1,4,0,107,4,103
2,2,8,0,106,8,103
2,3,9,0,105,9,103
2,4,9,0,104,9,103
2,5,10,0,103,10,103
2,6,11,0,102,11,103
2,7,11,0,101,11,103
3,1,11,0,100,11,103
3,2,11,0,99,11,103
3,3,11,0,98,11,103
3,4,11,0,97,11,103
3,5,13,0,96,13,103
3,6,14,0,95,14,103
4,1,14,0,94,14,103
4,2,15,0,93,15,103
4,3,16,0,92,16,103
4,4,17,0,91,17,103
4,5,21,0,90,21,103
4,6,23,0,89,22,103
4,7,23,0,88,22,103
4,8,25,0,87,24,103
4,9,26,0,86,25,103
5,1,27,0,85,26,103
5,2,27,0,84,25,103
5,3,27,0,83,25,103
5,4,27,0,82,25,103
5,5,28,0,81,26,103
5,6,28,0,80,26,103
5,7,28,0,79,26,103
5,8,28,0,78,25,103
6,1,33,0,77,29,103
6,2,34,0,76,26,103
6,3,34,0,75,25,103
6,4,38,0,74,29,103
6,5,38,0,73,28,103
6,6,38,0,72,27,103
6,7,39,0,71,28,103
7,1,39,0,70,28,103
7,2,40,0,69,29,103
7,3,40,0,68,29,103
7,4,40,0,67,29,103
7,5,41,0,66,28,103
7,6,42,0,65,28,103
8,1,43,0,64,29,103
8,2,43,0,63,28,103
8,3,44,0,62,28,103
8,4,44,0,61,27,103
8,5,44,0,60,23,103
8,6,44,0,59,21,103
9,1,45,0,58,22,103
9,2,46,0,57,21,103
9,3,46,0,56,20,103
9,4,46,0,55,19,103
9,5,46,0,54,19,103
9,6,47,0,53,20,103
9,7,47,0,52,20,103
10,1,48,0,51,20,103
10,2,49,0,50,21,103
10,3,49,0,49,21,103
10,4,49,0,48,21,103
10,5,49,0,47,16,103
10,6,53,0,46,19,103
11,1,54,0,45,20,103
11,2,54,0,44,16,103
11,3,56,0,43,18,103
11,4,56,0,42,18,103
11,5,57,0,41,18,103
11,6,58,0,40,19,103
12,1,59,0,39,19,103
12,2,59,0,38,19,103
12,3,59,0,37,19,103
12,4,60,0,36,19,103
12,5,60,0,35,18,103
12,6,61,0,34,18,103
13,1,61,0,33,18,103
13,2,61,0,32,17,103
13,3,61,0,31,17,103
13,4,63,0,30,19,103
13,5,63,0,29,19,103
13,6,63,0,28,18,103
14,1,63,0,27,17,103
14,2,64,0,26,18,103
14,3,64,0,25,18,103
14,4,64,0,24,18,103
14,5,64,0,23,17,103
14,6,64,0,22,17,103
15,1,64,0,21,16,103
15,2,64,0,20,15,103
15,3,68,0,19,19,103
15,4,69,0,18,20,103
15,5,71,0,17,22,103
15,6,71,0,16,18,103
16,1,71,0,15,17,103
16,2,71,0,14,17,103
16,3,72,0,13,16,103
16,4,76,0,12,20,103
16,5,76,0,11,19,103
16,6,76,0,10,18,103
17,1,76,0,9,17,103
17,2,76,0,8,17,103
17,3,77,0,7,18,103
17,4,78,0,6,18,103
17,5,80,0,5,20,103
17,6,80,0,4,19,103
18,1,86,0,3,25,103
18,2,86,0,2,25,103
18,3,87,0,1,26,103
18,4,88,0,0,25,103
18,5,91,0,-1,28,103
18,6,91,0,-2,28,103
19,1,91,0,-3,28,103
19,2,91,0,-4,27,103
19,3,93,0,-5,29,103
19,4,95,0,-6,31,103
19,5,99,0,-7,35,103
19,6,103,0,-8,39,103
0,1,0,0,119,0,72
0,2,0,0,118,0,72
0,3,0,0,117,0,72
0,4,0,0,116,0,72
0,5,0,0,115,0,72
0,6,1,0,114,1,72
1,1,1,0,113,1,72
1,2,1,0,112,1,72
1,3,2,0,111,2,72
1,4,3,0,110,3,72
1,5,3,0,109,3,72
1,6,4,0,108,4,72
2,1,8,0,107,8,72
2,2,9,0,106,9,72
2,3,11,0,105,11,72
2,4,15,0,104,15,72
2,5,17,0,103,17,72
2,6,18,0,102,18,72
3,1,19,0,101,19,72
3,2,20,0,100,20,72
3,3,21,0,99,21,72
3,4,25,0,98,25,72
3,5,26,0,97,26,72
3,6,27,0,96,27,72
4,1,27,0,95,27,72
4,2,32,0,94,32,72
4,3,32,0,93,32,72
4,4,34,0,92,34,72
4,5,36,0,91,36,72
4,6,36,0,90,36,72
4,7,37,0,89,37,72
5,1,37,0,88,37,72
5,2,38,0,87,38,72
5,3,40,0,86,40,72
5,4,42,0,85,42,72
5,5,43,0,84,42,72
5,6,47,0,83,46,72
6,1,48,0,82,47,72
6,2,49,0,81,47,72
6,3,51,0,80,48,72
6,4,52,0,79,49,72
6,5,53,0,78,49,72
6,6,55,0,77,47,72
6,7,56,0,76,47,72
7,1,57,0,75,46,72
7,2,59,0,74,44,72
7,3,60,0,73,43,72
7,4,61,0,72,43,72
7,5,61,0,71,42,72
7,6,61,0,70,41,72
8,1,62,0,69,41,72
8,2,64,0,68,39,72
8,3,68,0,67,42,72
8,4,69,0,66,42,72
8,5,70,0,65,43,72
8,6,72,0,64,40,72
0,1,3,0,119,3,97
0,2,4,0,118,4,97
0,3,5,0,117,5,97
0,4,6,0,116,6,97
0,5,6,0,115,6,97
0,6,6,0,114,6,97
0,7,6,0,113,6,97
0,8,7,0,112,7,97
0,9,7,0,111,7,97
0,1,7,0,110,7,97
1,1,9,0,109,9,97
1,2,9,0,108,9,97
1,3,9,0,107,9,97
1,4,9,0,106,9,97
1,5,10,0,105,10,97
1,6,10,0,104,10,97
2,1,11,0,103,11,97
2,2,12,0,102,12,97
2,3,12,0,101,12,97
2,4,12,0,100,12,97
2,5,12,0,99,12,97
2,6,13,0,98,13,97
2,7,13,0,97,13,97
2,8,14,0,96,14,97
2,9,14,0,95,14,97
3,1,14,0,94,14,97
3,2,14,0,93,14,97
3,3,15,0,92,15,97
3,4,19,0,91,19,97
3,5,19,0,90,19,97
3,6,19,0,89,16,97
4,1,20,0,88,16,97
4,2,24,0,87,19,97
4,3,25,0,86,19,97
4,4,25,0,85,19,97
4,5,29,0,84,23,97
4,6,29,0,83,23,97
4,7,29,0,82,22,97
5,1,29,0,81,22,97
5,2,29,0,80,22,97
5,3,30,0,79,21,97
5,4,30,0,78,21,97
5,5,30,0,77,21,97
5,6,31,0,76,22,97
6,1,31,0,75,21,97
6,2,34,0,74,24,97
6,3,34,0,73,23,97
6,4,35,0,72,23,97
6,5,35,0,71,23,97
6,6,37,0,70,25,97
6,7,38,0,69,26,97
7,1,39,0,68,26,97
7,2,40,0,67,27,97
7,3,41,0,66,27,97
7,4,42,0,65,28,97
7,5,43,0,64,29,97
7,6,44,0,63,30,97
7,7,44,0,62,29,97
7,8,44,0,61,25,97
8,1,44,0,60,25,97
8,2,44,0,59,25,97
8,3,44,0,58,24,97
8,4,45,0,57,21,97
8,5,46,0,56,21,97
8,6,47,0,55,22,97
8,7,48,0,54,19,97
8,8,49,0,53,20,97
8,9,49,0,52,20,97
8,1,49,0,51,20,97
9,1,49,0,50,20,97
9,2,51,0,49,21,97
9,3,51,0,48,21,97
9,4,52,0,47,22,97
9,5,53,0,46,22,97
9,6,53,0,45,22,97
9,7,53,0,44,19,97
10,1,54,0,43,20,97
10,2,54,0,42,19,97
10,3,55,0,41,20,97
10,4,59,0,40,22,97
10,5,60,0,39,22,97
10,6,61,0,38,22,97
10,7,62,0,37,22,97
10,8,62,0,36,21,97
11,1,63,0,35,21,97
11,2,63,0,34,20,97
11,3,63,0,33,19,97
11,4,63,0,32,19,97
11,5,64,0,31,20,97
11,6,64,0,30,20,97
11,7,64,0,29,20,97
12,1,64,0,28,20,97
12,2,64,0,27,19,97
12,3,64,0,26,18,97
12,4,64,0,25,17,97
12,5,64,0,24,16,97
12,6,64,0,23,15,97
13,1,64,0,22,15,97
13,2,64,0,21,15,97
13,3,64,0,20,15,97
13,4,66,0,19,15,97
13,5,66,0,18,15,97
13,6,68,0,17,16,97
14,1,68,0,16,15,97
14,2,68,0,15,15,97
14,3,68,0,14,15,97
14,4,68,0,13,14,97
14,5,68,0,12,14,97
14,6,71,0,11,16,97
15,1,71,0,10,12,97
15,2,71,0,9,11,97
15,3,71,0,8,10,97
15,4,71,0,7,9,97
15,5,72,0,6,10,97
15,6,75,0,5,12,97
16,1,76,0,4,13,97
16,2,76,0,3,13,97
16,3,76,0,2,13,97
16,4,76,0,1,12,97
16,5,77,0,0,13,97
16,6,81,0,-1,17,97
16,7,81,0,-2,17,97
17,1,82,0,-3,18,97
17,2,83,0,-4,19,97
17,3,83,0,-5,19,97
17,4,83,0,-6,19,97
17,5,84,0,-7,20,97
17,6,85,0,-8,21,97
17,7,85,0,-9,21,97
17,8,87,0,-10,23,97
18,1,88,0,-11,22,97
18,2,88,0,-12,22,97
18,3,88,0,-13,20,97
18,4,88,0,-14,20,97
18,5,88,0,-15,20,97
18,6,89,0,-16,21,97
19,1,90,0,-17,22,97
19,2,91,0,-18,23,97
19,3,92,0,-19,21,97
19,4,93,0,-20,22,97
19,5,94,0,-21,23,97
19,6,96,0,-22,25,97
19,7,97,0,-23,26,97
0,1,0,0,119,0,58
0,2,0,0,118,0,58
0,3,1,0,117,1,58
0,4,5,0,116,5,58
0,5,5,0,115,5,58
0,6,5,0,114,5,58
0,7,5,0,113,5,58
1,1,5,0,112,5,58
1,2,5,0,111,5,58
1,3,5,0,110,5,58
1,4,5,0,109,5,58
1,5,5,0,108,5,58
1,6,5,0,107,5,58
2,1,5,0,106,5,58
2,2,5,0,105,5,58
2,3,5,0,104,5,58
2,4,6,0,103,6,58
2,5,6,0,102,6,58
2,6,6,0,101,6,58
2,7,6,0,100,6,58
3,1,6,0,99,6,58
3,2,6,0,98,6,58
3,3,6,0,97,6,58
3,4,6,0,96,6,58
3,5,8,0,95,8,58
3,6,8,0,94,8,58
3,7,8,0,93,8,58
4,1,8,0,92,8,58
4,2,8,0,91,8,58
4,3,8,0,90,8,58
4,4,8,0,89,8,58
4,5,8,0,88,8,58
4,6,8,0,87,7,58
5,1,8,0,86,3,58
5,2,8,0,85,3,58
5,3,9,0,84,4,58
5,4,10,0,83,5,58
5,5,10,0,82,5,58
5,6,10,0,81,5,58
6,1,10,0,80,5,58
6,2,11,0,79,6,58
6,3,11,0,78,6,58
6,4,12,0,77,7,58
6,5,13,0,76,8,58
6,6,14,0,75,9,58
7,1,14,0,74,9,58
7,2,15,0,73,9,58
7,3,16,0,72,10,58
7,4,19,0,71,13,58
7,5,20,0,70,14,58
7,6,20,0,69,14,58
7,7,22,0,68,16,58
7,8,22,0,67,16,58
7,9,26,0,66,20,58
8,1,27,0,65,19,58
8,2,28,0,64,20,58
8,3,29,0,63,21,58
8,4,30,0,62,22,58
8,5,31,0,61,23,58
8,6,31,0,60,23,58
9,1,32,0,59,24,58
9,2,33,0,58,25,58
9,3,33,0,57,25,58
9,4,33,0,56,25,58
9,5,33,0,55,25,58
9,6,33,0,54,24,58
9,7,33,0,53,23,58
9,8,33,0,52,23,58
10,1,33,0,51,23,58
10,2,33,0,50,23,58
10,3,33,0,49,22,58
10,4,34,0,48,23,58
10,5,34,0,47,22,58
10,6,34,0,46,21,58
11,1,34,0,45,20,58
11,2,34,0,44,20,58
11,3,34,0,43,19,58
11,4,35,0,42,19,58
11,5,35,0,41,16,58
11,6,36,0,40,16,58
11,7,36,0,39,16,58
11,8,36,0,38,14,58
12,1,36,0,37,14,58
12,2,36,0,36,10,58
12,3,36,0,35,9,58
12,4,36,0,34,8,58
12,5,37,0,33,8,58
12,6,37,0,32,7,58
13,1,37,0,31,6,58
13,2,37,0,30,6,58
13,3,38,0,29,6,58
13,4,38,0,28,5,58
13,5,42,0,27,9,58
13,6,46,0,26,13,58
14,1,46,0,25,13,58
14,2,46,0,24,13,58
14,3,46,0,23,13,58
14,4,46,0,22,13,58
14,5,47,0,21,14,58
14,6,47,0,20,14,58
14,7,47,0,19,14,58
15,1,51,0,18,17,58
15,2,52,0,17,18,58
15,3,52,0,16,18,58
15,4,52,0,15,18,58
15,5,52,0,14,18,58
15,6,52,0,13,18,58
15,7,52,0,12,17,58
16,1,52,0,11,17,58
16,2,52,0,10,16,58
16,3,52,0,9,16,58
16,4,52,0,8,16,58
16,5,52,0,7,16,58
16,6,52,0,6,16,58
17,1,52,0,5,16,58
17,2,52,0,4,16,58
17,3,52,0,3,15,58
17,4,52,0,2,15,58
17,5,56,0,1,19,58
17,6,56,0,0,19,58
18,1,57,0,-1,19,58
18,2,57,0,-2,19,58
18,3,58,0,-3,16,58
18,4,58,0,-4,12,58
0,1,0,0,119,0,157
0,2,0,0,118,0,157
0,3,4,0,117,4,157
0,4,4,0,116,4,157
0,5,8,0,115,8,157
0,6,9,0,114,9,157
1,1,9,0,113,9,157
1,2,11,0,112,11,157
1,3,11,0,111,11,157
1,4,15,0,110,15,157
1,5,19,0,109,19,157
1,6,19,0,108,19,157
2,1,20,0,107,20,157
2,2,24,0,106,24,157
2,3,26,0,105,26,157
2,4,27,0,104,27,157
2,5,31,0,103,31,157
2,6,32,0,102,32,157
2,7,36,0,101,36,157
3,1,36,0,100,36,157
3,2,36,0,99,36,157
3,3,38,0,98,38,157
3,4,39,0,97,39,157
3,5,39,0,96,39,157
3,6,39,0,95,39,157
4,1,41,0,94,41,157
4,2,41,0,93,41,157
4,3,42,0,92,42,157
4,4,42,0,91,42,157
4,5,42,0,90,42,157
4,6,43,0,89,43,157
4,7,47,0,88,47,157
5,1,47,0,87,43,157
5,2,47,0,86,43,157
5,3,48,0,85,40,157
5,4,49,0,84,40,157
5,5,49,0,83,40,157
5,6,50,0,82,39,157
5,7,54,0,81,43,157
6,1,54,0,80,39,157
6,2,55,0,79,36,157
6,3,55,0,78,36,157
6,4,56,0,77,36,157
6,5,58,0,76,34,157
6,6,58,0,75,32,157
6,7,58,0,74,31,157
7,1,58,0,73,27,157
7,2,59,0,72,27,157
7,3,60,0,71,24,157
7,4,62,0,70,26,157
7,5,63,0,69,27,157
7,6,63,0,68,25,157
7,7,65,0,67,26,157
8,1,65,0,66,26,157
8,2,68,0,65,29,157
8,3,69,0,64,28,157
8,4,70,0,63,29,157
8,5,71,0,62,29,157
8,6,76,0,61,34,157
8,7,76,0,60,34,157
8,8,77,0,59,34,157
9,1,78,0,58,31,157
9,2,79,0,57,32,157
9,3,79,0,56,32,157
9,4,81,0,55,33,157
9,5,82,0,54,33,157
9,6,83,0,53,34,157
9,7,84,0,52,34,157
9,8,85,0,51,31,157
10,1,85,0,50,31,157
10,2,85,0,49,30,157
10,3,85,0,48,30,157
10,4,85,0,47,29,157
10,5,85,0,46,27,157
10,6,86,0,45,28,157
11,1,90,0,44,32,157
11,2,92,0,43,34,157
11,3,93,0,42,34,157
11,4,93,0,41,33,157
11,5,93,0,40,31,157
11,6,93,0,39,30,157
12,1,94,0,38,31,157
12,2,94,0,37,29,157
12,3,95,0,36,30,157
12,4,99,0,35,31,157
12,5,99,0,34,30,157
12,6,100,0,33,30,157
13,1,101,0,32,30,157
13,2,102,0,31,26,157
13,3,103,0,30,27,157
13,4,104,0,29,27,157
13,5,106,0,28,28,157
13,6,106,0,27,27,157
13,7,107,0,26,28,157
13,8,107,0,25,26,157
14,1,108,0,24,26,157
14,2,109,0,23,26,157
14,3,109,0,22,25,157
14,4,110,0,21,25,157
14,5,116,0,20,31,157
14,6,117,0,19,32,157
15,1,118,0,18,33,157
15,2,118,0,17,33,157
15,3,120,0,16,35,157
15,4,120,0,15,34,157
15,5,122,0,14,32,157
15,6,122,0,13,30,157
16,1,123,0,12,30,157
16,2,123,0,11,30,157
16,3,124,0,10,31,157
16,4,125,0,9,32,157
16,5,127,0,8,33,157
16,6,128,0,7,34,157
16,7,129,0,6,34,157
16,8,130,0,5,31,157
16,9,133,0,4,34,157
16,1,134,0,3,34,157
17,1,135,0,2,34,157
17,2,137,0,1,35,157
17,3,141,0,0,38,157
17,4,145,0,-1,41,157
17,5,146,0,-2,40,157
17,6,148,0,-3,42,157
18,1,150,0,-4,43,157
18,2,152,0,-5,45,157
18,3,154,0,-6,46,157
18,4,156,0,-7,47,157
18,5,157,0,-8,48,157
18,6,157,0,-9,47,157
0,1,1,0,119,1,136
0,2,1,0,118,1,136
0,3,3,0,117,3,136
0,4,3,0,116,3,136
0,5,7,0,115,7,136
0,6,7,0,114,7,136
0,7,7,0,113,7,136
1,1,8,0,112,8,136
1,2,8,0,111,8,136
1,3,9,0,110,9,136
1,4,11,0,109,11,136
1,5,14,0,108,14,136
1,6,15,0,107,15,136
1,7,15,0,106,15,136
2,1,16,0,105,16,136
2,2,16,0,104,16,136
2,3,16,0,103,16,136
2,4,20,0,102,20,136
2,5,21,0,101,21,136
2,6,21,0,100,21,136
3,1,22,0,99,22,136
3,2,23,0,98,23,136
3,3,27,0,97,27,136
3,4,27,0,96,27,136
3,5,31,0,95,31,136
3,6,32,0,94,32,136
3,7,33,0,93,33,136
3,8,34,0,92,34,136
4,1,36,0,91,36,136
4,2,37,0,90,37,136
4,3,38,0,89,37,136
4,4,39,0,88,38,136
4,5,39,0,87,36,136
4,6,39,0,86,36,136
5,1,39,0,85,32,136
5,2,40,0,84,33,136
5,3,40,0,83,33,136
5,4,40,0,82,32,136
5,5,42,0,81,34,136
5,6,43,0,80,34,136
6,1,47,0,79,36,136
6,2,49,0,78,35,136
6,3,53,0,77,38,136
6,4,53,0,76,38,136
6,5,54,0,75,38,136
6,6,54,0,74,38,136
7,1,56,0,73,40,136
7,2,57,0,72,37,136
7,3,57,0,71,36,136
7,4,58,0,70,37,136
7,5,59,0,69,37,136
7,6,60,0,68,37,136
8,1,61,0,67,34,136
8,2,63,0,66,36,136
8,3,64,0,65,33,136
8,4,65,0,64,33,136
8,5,65,0,63,32,136
8,6,66,0,62,32,136
9,1,66,0,61,30,136
9,2,67,0,60,30,136
9,3,69,0,59,31,136
9,4,70,0,58,31,136
9,5,70,0,57,31,136
9,6,70,0,56,31,136
10,1,72,0,55,33,136
10,2,72,0,54,32,136
10,3,73,0,53,33,136
10,4,74,0,52,34,136
10,5,74,0,51,32,136
10,6,76,0,50,33,136
11,1,76,0,49,29,136
11,2,76,0,48,27,136
11,3,77,0,47,24,136
11,4,78,0,46,25,136
11,5,79,0,45,25,136
11,6,79,0,44,25,136
12,1,80,0,43,24,136
12,2,81,0,42,24,136
12,3,83,0,41,26,136
12,4,85,0,40,27,136
12,5,85,0,39,26,136
12,6,86,0,38,26,136
13,1,87,0,37,26,136
13,2,87,0,36,24,136
13,3,88,0,35,24,136
13,4,88,0,34,23,136
13,5,89,0,33,24,136
13,6,90,0,32,24,136
14,1,91,0,31,25,136
14,2,91,0,30,24,136
14,3,93,0,29,24,136
14,4,94,0,28,24,136
14,5,98,0,27,28,136
14,6,98,0,26,28,136
14,7,99,0,25,27,136
14,8,100,0,24,28,136
15,1,101,0,23,28,136
15,2,101,0,22,27,136
15,3,102,0,21,28,136
15,4,102,0,20,26,136
15,5,106,0,19,30,136
15,6,107,0,18,31,136
16,1,108,0,17,31,136
16,2,109,0,16,31,136
16,3,110,0,15,31,136
16,4,110,0,14,31,136
16,5,111,0,13,31,136
16,6,112,0,12,31,136
17,1,113,0,11,30,136
17,2,114,0,10,29,136
17,3,114,0,9,29,136
17,4,115,0,8,29,136
17,5,117,0,7,30,136
17,6,118,0,6,31,136
18,1,120,0,5,32,136
18,2,124,0,4,36,136
18,3,126,0,3,37,136
18,4,128,0,2,38,136
18,5,129,0,1,38,136
18,6,130,0,0,39,136
19,1,131,0,-1,38,136
19,2,132,0,-2,38,136
19,3,132,0,-3,34,136
19,4,134,0,-4,36,136
19,5,135,0,-5,36,136
19,6,136,0,-6,36,136
0,1,0,0,119,0,166
0,2,0,0,118,0,166
0,3,0,0,117,0,166
0,4,1,0,116,1,166
0,5,2,0,115,2,166
0,6,3,0,114,3,166
0,7,7,0,113,7,166
1,1,7,0,112,7,166
1,2,8,0,111,8,166
1,3,9,0,110,9,166
1,4,9,0,109,9,166
1,5,15,0,108,15,166
1,6,19,0,107,19,166
2,1,21,0,106,21,166
2,2,22,0,105,22,166
2,3,23,0,104,23,166
2,4,24,0,103,24,166
2,5,25,0,102,25,166
2,6,25,0,101,25,166
3,1,27,0,100,27,166
3,2,27,0,99,27,166
3,3,29,0,98,29,166
3,4,30,0,97,30,166
3,5,31,0,96,31,166
3,6,31,0,95,31,166
4,1,31,0,94,31,166
4,2,33,0,93,33,166
4,3,37,0,92,37,166
4,4,38,0,91,38,166
4,5,42,0,90,42,166
4,6,46,0,89,46,166
5,1,46,0,88,46,166
5,2,47,0,87,47,166
5,3,53,0,86,52,166
5,4,53,0,85,51,166
5,5,54,0,84,51,166
5,6,58,0,83,51,166
6,1,59,0,82,52,166
6,2,60,0,81,52,166
6,3,64,0,80,55,166
6,4,64,0,79,55,166
6,5,66,0,78,51,166
6,6,67,0,77,48,166
6,7,69,0,76,48,166
7,1,70,0,75,48,166
7,2,71,0,74,48,166
7,3,77,0,73,53,166
7,4,77,0,72,52,166
7,5,78,0,71,53,166
7,6,79,0,70,52,166
8,1,81,0,69,54,166
8,2,81,0,68,52,166
8,3,82,0,67,52,166
8,4,84,0,66,53,166
8,5,84,0,65,53,166
8,6,85,0,64,54,166
9,1,85,0,63,52,166
9,2,86,0,62,49,166
9,3,87,0,61,49,166
9,4,88,0,60,46,166
9,5,88,0,59,42,166
9,6,88,0,58,42,166
10,1,89,0,57,42,166
10,2,91,0,56,38,166
10,3,92,0,55,39,166
10,4,93,0,54,39,166
10,5,94,0,53,36,166
10,6,95,0,52,36,166
11,1,96,0,51,36,166
11,2,97,0,50,33,166
11,3,99,0,49,35,166
11,4,101,0,48,35,166
11,5,102,0,47,35,166
11,6,102,0,46,33,166
12,1,103,0,45,33,166
12,2,104,0,44,33,166
12,3,105,0,43,28,166
12,4,106,0,42,29,166
12,5,107,0,41,29,166
12,6,108,0,40,29,166
13,1,109,0,39,28,166
13,2,110,0,38,29,166
13,3,111,0,37,29,166
13,4,112,0,36,28,166
13,5,112,0,35,28,166
13,6,113,0,34,28,166
14,1,115,0,33,30,166
14,2,116,0,32,30,166
14,3,116,0,31,29,166
14,4,117,0,30,29,166
14,5,118,0,29,30,166
14,6,119,0,28,31,166
15,1,121,0,27,32,166
15,2,122,0,26,31,166
15,3,123,0,25,31,166
15,4,129,0,24,36,166
15,5,130,0,23,36,166
15,6,131,0,22,36,166
16,1,133,0,21,37,166
16,2,134,0,20,37,166
16,3,134,0,19,35,166
16,4,134,0,18,33,166
16,5,134,0,17,32,166
16,6,135,0,16,33,166
17,1,135,0,15,32,166
17,2,137,0,14,33,166
17,3,138,0,13,33,166
17,4,140,0,12,34,166
17,5,141,0,11,34,166
17,6,143,0,10,35,166
18,1,147,0,9,38,166
18,2,148,0,8,38,166
18,3,149,0,7,38,166
18,4,151,0,6,39,166
18,5,152,0,5,40,166
18,6,153,0,4,40,166
19,1,154,0,3,39,166
19,2,154,0,2,38,166
19,3,154,0,1,38,166
19,4,160,0,0,43,166
19,5,164,0,-1,46,166
19,6,166,0,-2,47,166
0,1,0,0,119,0,88
0,2,0,0,118,0,88
0,3,0,0,117,0,88
0,4,0,0,116,0,88
0,5,1,0,115,1,88
0,6,1,0,114,1,88
1,1,2,0,113,2,88
1,2,3,0,112,3,88
1,3,4,0,111,4,88
1,4,5,0,110,5,88
1,5,5,0,109,5,88
1,6,5,0,108,5,88
1,7,5,0,107,5,88
2,1,5,0,106,5,88
2,2,5,0,105,5,88
2,3,9,0,104,9,88
2,4,9,0,103,9,88
2,5,11,0,102,11,88
2,6,11,0,101,11,88
3,1,11,0,100,11,88
3,2,12,0,99,12,88
3,3,12,0,98,12,88
3,4,13,0,97,13,88
3,5,13,0,96,13,88
3,6,14,0,95,14,88
4,1,14,0,94,14,88
4,2,15,0,93,15,88
4,3,16,0,92,16,88
4,4,17,0,91,17,88
4,5,18,0,90,18,88
4,6,18,0,89,18,88
5,1,18,0,88,18,88
5,2,18,0,87,18,88
5,3,18,0,86,18,88
5,4,18,0,85,17,88
5,5,20,0,84,19,88
5,6,20,0,83,18,88
6,1,20,0,82,17,88
6,2,22,0,81,18,88
6,3,23,0,80,18,88
6,4,23,0,79,18,88
6,5,24,0,78,19,88
6,6,24,0,77,19,88
7,1,24,0,76,19,88
7,2,24,0,75,19,88
7,3,24,0,74,15,88
7,4,24,0,73,15,88
7,5,24,0,72,13,88
7,6,25,0,71,14,88
8,1,25,0,70,14,88
8,2,25,0,69,13,88
8,3,25,0,68,13,88
8,4,26,0,67,13,88
8,5,26,0,66,13,88
8,6,26,0,65,12,88
9,1,26,0,64,12,88
9,2,28,0,63,13,88
9,3,29,0,62,13,88
9,4,29,0,61,12,88
9,5,30,0,60,12,88
9,6,31,0,59,13,88
9,7,32,0,58,14,88
10,1,34,0,57,16,88
10,2,35,0,56,17,88
10,3,36,0,55,18,88
10,4,37,0,54,17,88
10,5,38,0,53,18,88
10,6,39,0,52,19,88
11,1,39,0,51,17,88
11,2,39,0,50,16,88
11,3,39,0,49,16,88
11,4,40,0,48,16,88
11,5,40,0,47,16,88
11,6,41,0,46,17,88
12,1,42,0,45,18,88
12,2,43,0,44,19,88
12,3,43,0,43,19,88
12,4,44,0,42,20,88
12,5,45,0,41,20,88
12,6,46,0,40,21,88
13,1,47,0,39,22,88
13,2,48,0,38,23,88
13,3,49,0,37,23,88
13,4,49,0,36,23,88
13,5,49,0,35,23,88
13,6,49,0,34,23,88
14,1,50,0,33,22,88
14,2,51,0,32,22,88
14,3,51,0,31,22,88
14,4,51,0,30,21,88
14,5,51,0,29,20,88
14,6,53,0,28,21,88
15,1,53,0,27,19,88
15,2,54,0,26,19,88
15,3,55,0,25,19,88
15,4,55,0,24,18,88
15,5,56,0,23,18,88
15,6,57,0,22,18,88
16,1,61,0,21,22,88
16,2,62,0,20,23,88
16,3,64,0,19,25,88
16,4,66,0,18,26,88
16,5,68,0,17,28,88
16,6,68,0,16,27,88
17,1,69,0,15,27,88
17,2,70,0,14,27,88
17,3,71,0,13,28,88
17,4,72,0,12,28,88
17,5,73,0,11,28,88
17,6,74,0,10,28,88
18,1,74,0,9,27,88
18,2,78,0,8,30,88
18,3,79,0,7,30,88
18,4,79,0,6,30,88
18,5,79,0,5,30,88
18,6,79,0,4,30,88
19,1,80,0,3,30,88
19,2,81,0,2,30,88
19,3,81,0,1,30,88
19,4,81,0,0,30,88
19,5,82,0,-1,31,88
19,6,88,0,-2,35,88
0,1,0,0,119,0,79
0,2,0,0,118,0,79
0,3,0,0,117,0,79
0,4,1,0,116,1,79
0,5,1,0,115,1,79
0,6,2,0,114,2,79
1,1,3,0,113,3,79
1,2,3,0,112,3,79
1,3,3,0,111,3,79
1,4,4,0,110,4,79
1,5,4,0,109,4,79
1,6,4,0,108,4,79
2,1,4,0,107,4,79
2,2,5,0,106,5,79
2,3,5,0,105,5,79
2,4,6,0,104,6,79
2,5,6,0,103,6,79
2,6,6,0,102,6,79
3,1,10,0,101,10,79
3,2,11,0,100,11,79
3,3,11,0,99,11,79
3,4,12,0,98,12,79
3,5,13,0,97,13,79
3,6,14,0,96,14,79
3,7,16,0,95,16,79
4,1,16,0,94,16,79
4,2,20,0,93,20,79
4,3,22,0,92,22,79
4,4,23,0,91,23,79
4,5,24,0,90,24,79
4,6,24,0,89,24,79
5,1,25,0,88,25,79
5,2,25,0,87,25,79
5,3,25,0,86,24,79
5,4,26,0,85,25,79
5,5,27,0,84,25,79
5,6,27,0,83,24,79
5,7,28,0,82,25,79
5,8,28,0,81,25,79
6,1,29,0,80,25,79
6,2,29,0,79,25,79
6,3,29,0,78,25,79
6,4,30,0,77,26,79
6,5,30,0,76,25,79
6,6,31,0,75,26,79
7,1,31,0,74,25,79
7,2,31,0,73,25,79
7,3,31,0,72,25,79
7,4,31,0,71,21,79
7,5,31,0,70,20,79
7,6,31,0,69,20,79
8,1,31,0,68,19,79
8,2,31,0,67,18,79
8,3,31,0,66,17,79
8,4,31,0,65,15,79
8,5,32,0,64,16,79
8,6,32,0,63,12,79
9,1,33,0,62,11,79
9,2,39,0,61,16,79
9,3,39,0,60,15,79
9,4,39,0,59,15,79
9,5,39,0,58,14,79
9,6,39,0,57,14,79
10,1,41,0,56,16,79
10,2,41,0,55,15,79
10,3,42,0,54,15,79
10,4,43,0,53,16,79
10,5,43,0,52,15,79
10,6,43,0,51,15,79
11,1,43,0,50,14,79
11,2,43,0,49,14,79
11,3,43,0,48,14,79
11,4,44,0,47,14,79
11,5,44,0,46,14,79
11,6,46,0,45,15,79
12,1,46,0,44,15,79
12,2,48,0,43,17,79
12,3,49,0,42,18,79
12,4,50,0,41,19,79
12,5,50,0,40,19,79
12,6,54,0,39,23,79
13,1,54,0,38,23,79
13,2,55,0,37,24,79
13,3,57,0,36,26,79
13,4,59,0,35,28,79
13,5,60,0,34,28,79
13,6,61,0,33,29,79
14,1,61,0,32,28,79
14,2,65,0,31,26,79
14,3,65,0,30,26,79
14,4,66,0,29,27,79
14,5,66,0,28,27,79
14,6,67,0,27,28,79
15,1,68,0,26,27,79
15,2,68,0,25,27,79
15,3,68,0,24,26,79
15,4,68,0,23,25,79
15,5,68,0,22,25,79
15,6,69,0,21,26,79
16,1,69,0,20,26,79
16,2,69,0,19,26,79
16,3,70,0,18,27,79
16,4,70,0,17,26,79
16,5,71,0,16,27,79
16,6,73,0,15,27,79
17,1,74,0,14,28,79
17,2,75,0,13,27,79
17,3,76,0,12,27,79
17,4,76,0,11,26,79
17,5,76,0,10,26,79
17,6,76,0,9,22,79
18,1,76,0,8,22,79
18,2,77,0,7,22,79
18,3,78,0,6,21,79
18,4,78,0,5,19,79
18,5,78,0,4,18,79
18,6,78,0,3,17,79
19,1,78,0,2,17,79
19,2,79,0,1,14,79
19,3,79,0,0,14,79
19,4,79,0,-1,13,79
0,1,0,0,119,0,149
0,2,2,0,118,2,149
0,3,6,0,117,6,149
0,4,8,0,116,8,149
0,5,10,0,115,10,149
0,6,14,0,114,14,149
1,1,18,0,113,18,149
1,2,18,0,112,18,149
1,3,18,0,111,18,149
1,4,18,0,110,18,149
1,5,18,0,109,18,149
1,6,19,0,108,19,149
2,1,19,0,107,19,149
2,2,23,0,106,23,149
2,3,23,0,105,23,149
2,4,24,0,104,24,149
2,5,24,0,103,24,149
2,6,25,0,102,25,149
2,7,26,0,101,26,149
3,1,26,0,100,26,149
3,2,30,0,99,30,149
3,3,31,0,98,31,149
3,4,31,0,97,31,149
3,5,32,0,96,32,149
3,6,33,0,95,33,149
4,1,33,0,94,33,149
4,2,35,0,93,35,149
4,3,36,0,92,36,149
4,4,36,0,91,36,149
4,5,36,0,90,36,149
4,6,40,0,89,40,149
5,1,42,0,88,40,149
5,2,43,0,87,37,149
5,3,44,0,86,36,149
5,4,44,0,85,34,149
5,5,44,0,84,30,149
5,6,47,0,83,29,149
6,1,47,0,82,29,149
6,2,48,0,81,30,149
6,3,48,0,80,30,149
6,4,48,0,79,30,149
6,5,49,0,78,30,149
6,6,50,0,77,31,149
7,1,50,0,76,27,149
7,2,51,0,75,28,149
7,3,51,0,74,27,149
7,4,52,0,73,28,149
7,5,52,0,72,27,149
7,6,54,0,71,28,149
7,7,55,0,70,29,149
7,8,55,0,69,25,149
8,1,55,0,68,24,149
8,2,55,0,67,24,149
8,3,56,0,66,24,149
8,4,56,0,65,23,149
8,5,56,0,64,23,149
8,6,56,0,63,21,149
9,1,56,0,62,20,149
9,2,56,0,61,20,149
9,3,56,0,60,20,149
9,4,57,0,59,17,149
9,5,58,0,58,16,149
9,6,62,0,57,19,149
10,1,63,0,56,19,149
10,2,63,0,55,19,149
10,3,64,0,54,20,149
10,4,70,0,53,23,149
10,5,70,0,52,23,149
10,6,71,0,51,23,149
11,1,72,0,50,24,149
11,2,73,0,49,25,149
11,3,73,0,48,24,149
11,4,74,0,47,24,149
11,5,74,0,46,24,149
11,6,74,0,45,23,149
12,1,78,0,44,27,149
12,2,78,0,43,26,149
12,3,79,0,42,27,149
12,4,79,0,41,25,149
12,5,80,0,40,25,149
12,6,80,0,39,25,149
13,1,81,0,38,26,149
13,2,85,0,37,30,149
13,3,86,0,36,30,149
13,4,90,0,35,34,149
13,5,91,0,34,35,149
13,6,95,0,33,39,149
13,7,95,0,32,39,149
14,1,101,0,31,45,149
14,2,102,0,30,46,149
14,3,102,0,29,45,149
14,4,103,0,28,45,149
14,5,104,0,27,42,149
14,6,105,0,26,42,149
15,1,105,0,25,42,149
15,2,105,0,24,41,149
15,3,109,0,23,39,149
15,4,109,0,22,39,149
15,5,109,0,21,38,149
15,6,110,0,20,38,149
16,1,112,0,19,39,149
16,2,114,0,18,41,149
16,3,115,0,17,41,149
16,4,116,0,16,42,149
16,5,117,0,15,43,149
16,6,123,0,14,45,149
17,1,124,0,13,46,149
17,2,125,0,12,46,149
17,3,126,0,11,47,149
17,4,127,0,10,47,149
17,5,129,0,9,49,149
17,6,129,0,8,48,149
18,1,129,0,7,44,149
18,2,129,0,6,43,149
18,3,130,0,5,40,149
18,4,130,0,4,39,149
18,5,131,0,3,36,149
18,6,135,0,2,40,149
19,1,139,0,1,38,149
19,2,139,0,0,37,149
19,3,140,0,-1,38,149
19,4,140,0,-2,37,149
19,5,141,0,-3,37,149
19,6,143,0,-4,38,149
19,7,149,0,-5,44,149
0,1,0,0,119,0,110
0,2,0,0,118,0,110
0,3,1,0,117,1,110
0,4,1,0,116,1,110
0,5,2,0,115,2,110
0,6,3,0,114,3,110
1,1,3,0,113,3,110
1,2,4,0,112,4,110
1,3,4,0,111,4,110
1,4,6,0,110,6,110
1,5,7,0,109,7,110
1,6,7,0,108,7,110
2,1,11,0,107,11,110
2,2,12,0,106,12,110
2,3,12,0,105,12,110
2,4,12,0,104,12,110
2,5,12,0,103,12,110
2,6,12,0,102,12,110
3,1,12,0,101,12,110
3,2,12,0,100,12,110
3,3,12,0,99,12,110
3,4,16,0,98,16,110
3,5,17,0,97,17,110
3,6,17,0,96,17,110
4,1,18,0,95,18,110
4,2,19,0,94,19,110
4,3,20,0,93,20,110
4,4,20,0,92,20,110
4,5,20,0,91,20,110
4,6,20,0,90,20,110
5,1,20,0,89,20,110
5,2,22,0,88,22,110
5,3,22,0,87,21,110
5,4,22,0,86,21,110
5,5,22,0,85,20,110
5,6,22,0,84,19,110
6,1,23,0,83,20,110
6,2,23,0,82,19,110
6,3,24,0,81,20,110
6,4,25,0,80,19,110
6,5,29,0,79,22,110
6,6,29,0,78,22,110
7,1,29,0,77,18,110
7,2,29,0,76,17,110
7,3,29,0,75,17,110
7,4,29,0,74,17,110
7,5,30,0,73,18,110
8,1,30,0,72,18,110
8,2,31,0,71,19,110
8,3,32,0,70,20,110
8,4,33,0,69,21,110
8,5,34,0,68,18,110
8,6,34,0,67,17,110
9,1,34,0,66,17,110
9,2,35,0,65,17,110
9,3,39,0,64,20,110
9,4,40,0,63,20,110
9,5,40,0,62,20,110
9,6,41,0,61,21,110
9,7,42,0,60,22,110
10,1,42,0,59,22,110
10,2,43,0,58,21,110
10,3,44,0,57,22,110
10,4,44,0,56,22,110
10,5,45,0,55,23,110
10,6,45,0,54,23,110
11,1,46,0,53,23,110
11,2,46,0,52,23,110
11,3,46,0,51,22,110
11,4,47,0,50,22,110
11,5,48,0,49,19,110
11,6,50,0,48,21,110
12,1,50,0,47,21,110
12,2,51,0,46,22,110
12,3,51,0,45,22,110
12,4,51,0,44,22,110
12,5,51,0,43,21,110
12,6,51,0,42,21,110
13,1,52,0,41,21,110
13,2,56,0,40,24,110
13,3,57,0,39,24,110
13,4,61,0,38,27,110
13,5,63,0,37,29,110
13,6,64,0,36,30,110
14,1,64,0,35,29,110
14,2,65,0,34,26,110
14,3,65,0,33,25,110
14,4,65,0,32,25,110
14,5,66,0,31,25,110
14,6,67,0,30,25,110
15,1,71,0,29,29,110
15,2,77,0,28,34,110
15,3,78,0,27,34,110
15,4,81,0,26,37,110
15,5,82,0,25,37,110
15,6,86,0,24,41,110
16,1,86,0,23,40,110
16,2,90,0,22,44,110
16,3,91,0,21,45,110
16,4,91,0,20,44,110
16,5,92,0,19,44,110
16,6,93,0,18,43,110
17,1,93,0,17,43,110
17,2,94,0,16,43,110
17,3,94,0,15,43,110
17,4,94,0,14,43,110
17,5,95,0,13,44,110
17,6,96,0,12,45,110
18,1,98,0,11,46,110
18,2,98,0,10,42,110
18,3,100,0,9,43,110
18,4,102,0,8,41,110
18,5,102,0,7,39,110
18,6,103,0,6,39,110
19,1,104,0,5,40,110
19,2,105,0,4,40,110
19,3,105,0,3,40,110
19,4,106,0,2,41,110
19,5,108,0,1,42,110
19,6,110,0,0,43,110
0,1,0,0,119,0,176
0,2,0,0,118,0,176
0,3,0,0,117,0,176
0,4,0,0,116,0,176
0,5,0,0,115,0,176
0,6,1,0,114,1,176
1,1,1,0,113,1,176
1,2,5,0,112,5,176
1,3,5,0,111,5,176
1,4,6,0,110,6,176
1,5,6,0,109,6,176
1,6,10,0,108,10,176
2,1,11,0,107,11,176
2,2,15,0,106,15,176
2,3,16,0,105,16,176
2,4,17,0,104,17,176
2,5,17,0,103,17,176
2,6,19,0,102,19,176
3,1,20,0,101,20,176
3,2,21,0,100,21,176
3,3,22,0,99,22,176
3,4,26,0,98,26,176
3,5,30,0,97,30,176
3,6,34,0,96,34,176
4,1,35,0,95,35,176
4,2,36,0,94,36,176
4,3,36,0,93,36,176
4,4,40,0,92,40,176
4,5,44,0,91,44,176
4,6,45,0,90,45,176
4,7,45,0,89,45,176
5,1,49,0,88,49,176
5,2,49,0,87,49,176
5,3,50,0,86,50,176
5,4,51,0,85,51,176
5,5,51,0,84,50,176
5,6,51,0,83,50,176
6,1,51,0,82,46,176
6,2,52,0,81,47,176
6,3,53,0,80,47,176
6,4,53,0,79,47,176
6,5,57,0,78,47,176
6,6,58,0,77,47,176
7,1,58,0,76,43,176
7,2,62,0,75,46,176
7,3,63,0,74,46,176
7,4,64,0,73,47,176
7,5,68,0,72,49,176
7,6,68,0,71,48,176
8,1,69,0,70,48,176
8,2,69,0,69,47,176
8,3,73,0,68,47,176
8,4,74,0,67,44,176
8,5,75,0,66,41,176
8,6,76,0,65,41,176
9,1,77,0,64,41,176
9,2,78,0,63,42,176
9,3,78,0,62,38,176
9,4,78,0,61,34,176
9,5,79,0,60,34,176
9,6,80,0,59,35,176
10,1,80,0,58,31,176
10,2,84,0,57,35,176
10,3,85,0,56,35,176
10,4,86,0,55,35,176
10,5,87,0,54,36,176
10,6,93,0,53,42,176
11,1,93,0,52,42,176
11,2,93,0,51,41,176
11,3,94,0,50,41,176
11,4,95,0,49,42,176
11,5,96,0,48,39,176
11,6,100,0,47,42,176
12,1,100,0,46,42,176
12,2,100,0,45,38,176
12,3,101,0,44,38,176
12,4,102,0,43,38,176
12,5,102,0,42,34,176
12,6,102,0,41,34,176
13,1,103,0,40,34,176
13,2,105,0,39,36,176
13,3,106,0,38,33,176
13,4,106,0,37,32,176
13,5,107,0,36,32,176
13,6,107,0,35,31,176
14,1,108,0,34,31,176
14,2,109,0,33,31,176
14,3,110,0,32,32,176
14,4,110,0,31,32,176
14,5,114,0,30,35,176
14,6,118,0,29,38,176
15,1,124,0,28,44,176
15,2,125,0,27,41,176
15,3,126,0,26,41,176
15,4,127,0,25,41,176
15,5,127,0,24,40,176
15,6,127,0,23,34,176
16,1,128,0,22,35,176
16,2,129,0,21,36,176
16,3,131,0,20,37,176
16,4,132,0,19,37,176
16,5,136,0,18,40,176
16,6,136,0,17,36,176
17,1,136,0,16,36,176
17,2,141,0,15,41,176
17,3,143,0,14,42,176
17,4,147,0,13,45,176
17,5,149,0,12,47,176
17,6,153,0,11,51,176
18,1,154,0,10,51,176
18,2,160,0,9,55,176
18,3,161,0,8,55,176
18,4,161,0,7,55,176
18,5,162,0,6,55,176
18,6,162,0,5,55,176
19,1,163,0,4,55,176
19,2,169,0,3,60,176
19,3,169,0,2,59,176
19,4,173,0,1,63,176
19,5,175,0,0,61,176
19,6,176,0,-1,58,176
0,1,0,0,119,0,120
0,2,0,0,118,0,120
0,3,0,0,117,0,120
0,4,1,0,116,1,120
0,5,1,0,115,1,120
0,6,2,0,114,2,120
1,1,2,0,113,2,120
1,2,2,0,112,2,120
1,3,3,0,111,3,120
1,4,3,0,110,3,120
1,5,7,0,109,7,120
1,6,7,0,108,7,120
2,1,8,0,107,8,120
2,2,10,0,106,10,120
2,3,12,0,105,12,120
2,4,12,0,104,12,120
2,5,13,0,103,13,120
2,6,16,0,102,16,120
3,1,20,0,101,20,120
3,2,20,0,100,20,120
3,3,21,0,99,21,120
3,4,21,0,98,21,120
3,5,22,0,97,22,120
3,6,22,0,96,22,120
4,1,22,0,95,22,120
4,2,22,0,94,22,120
4,3,22,0,93,22,120
4,4,23,0,92,23,120
4,5,24,0,91,24,120
4,6,24,0,90,24,120
5,1,25,0,89,25,120
5,2,25,0,88,25,120
5,3,25,0,87,25,120
5,4,26,0,86,25,120
5,5,26,0,85,25,120
5,6,28,0,84,26,120
6,1,29,0,83,27,120
6,2,31,0,82,29,120
6,3,32,0,81,29,120
6,4,36,0,80,33,120
6,5,37,0,79,30,120
6,6,38,0,78,31,120
6,7,38,0,77,30,120
7,1,40,0,76,30,120
7,2,41,0,75,29,120
7,3,43,0,74,31,120
7,4,44,0,73,31,120
7,5,46,0,72,30,120
7,6,47,0,71,27,120
8,1,48,0,70,28,120
8,2,50,0,69,29,120
8,3,52,0,68,31,120
8,4,53,0,67,31,120
8,5,54,0,66,32,120
8,6,55,0,65,33,120
8,7,56,0,64,34,120
9,1,57,0,63,35,120
9,2,58,0,62,35,120
9,3,59,0,61,35,120
9,4,60,0,60,36,120
9,5,61,0,59,36,120
9,6,62,0,58,37,120
10,1,62,0,57,37,120
10,2,63,0,56,37,120
10,3,64,0,55,38,120
10,4,64,0,54,36,120
10,5,66,0,53,37,120
10,6,66,0,52,35,120
11,1,66,0,51,34,120
11,2,66,0,50,30,120
11,3,66,0,49,29,120
11,4,66,0,48,28,120
11,5,66,0,47,28,120
11,6,66,0,46,26,120
12,1,66,0,45,25,120
12,2,66,0,44,23,120
12,3,67,0,43,23,120
12,4,70,0,42,24,120
12,5,70,0,41,23,120
12,6,70,0,40,22,120
13,1,70,0,39,20,120
13,2,70,0,38,18,120
13,3,71,0,37,18,120
13,4,71,0,36,17,120
13,5,72,0,35,17,120
13,6,72,0,34,16,120
14,1,73,0,33,16,120
14,2,73,0,32,15,120
14,3,78,0,31,19,120
14,4,80,0,30,20,120
14,5,81,0,29,20,120
14,6,82,0,28,20,120
14,7,84,0,27,22,120
15,1,84,0,26,21,120
15,2,85,0,25,21,120
15,3,87,0,24,23,120
15,4,87,0,23,21,120
15,5,88,0,22,22,120
15,6,89,0,21,23,120
16,1,90,0,20,24,120
16,2,90,0,19,24,120
16,3,91,0,18,25,120
16,4,91,0,17,25,120
16,5,92,0,16,26,120
16,6,93,0,15,27,120
17,1,94,0,14,28,120
17,2,95,0,13,28,120
17,3,96,0,12,26,120
17,4,97,0,11,27,120
17,5,99,0,10,29,120
17,6,100,0,9,30,120
18,1,102,0,8,32,120
18,2,104,0,7,33,120
18,3,105,0,6,34,120
18,4,106,0,5,34,120
18,5,112,0,4,40,120
18,6,113,0,3,40,120
19,1,117,0,2,44,120
19,2,117,0,1,39,120
19,3,118,0,0,38,120
19,4,119,0,-1,38,120
19,5,120,0,-2,38,120
19,6,120,0,-3,36,120
0,1,4,0,119,4,111
0,2,5,0,118,5,111
0,3,5,0,117,5,111
0,4,6,0,116,6,111
0,5,6,0,115,6,111
0,6,7,0,114,7,111
0,7,7,0,113,7,111
1,1,8,0,112,8,111
1,2,9,0,111,9,111
1,3,13,0,110,13,111
1,4,13,0,109,13,111
1,5,14,0,108,14,111
1,6,14,0,107,14,111
2,1,15,0,106,15,111
2,2,15,0,105,15,111
2,3,15,0,104,15,111
2,4,19,0,103,19,111
2,5,23,0,102,23,111
2,6,23,0,101,23,111
2,7,29,0,100,29,111
3,1,29,0,99,29,111
3,2,30,0,98,30,111
3,3,30,0,97,30,111
3,4,30,0,96,30,111
3,5,30,0,95,30,111
3,6,30,0,94,30,111
4,1,31,0,93,31,111
4,2,31,0,92,31,111
4,3,31,0,91,31,111
4,4,32,0,90,32,111
4,5,32,0,89,28,111
4,6,32,0,88,27,111
5,1,33,0,87,28,111
5,2,34,0,86,28,111
5,3,35,0,85,29,111
5,4,35,0,84,28,111
5,5,37,0,83,30,111
5,6,37,0,82,29,111
5,7,40,0,81,31,111
6,1,42,0,80,29,111
6,2,42,0,79,29,111
6,3,44,0,78,30,111
6,4,44,0,77,30,111
6,5,45,0,76,30,111
6,6,45,0,75,30,111
7,1,46,0,74,31,111
7,2,46,0,73,27,111
7,3,46,0,72,23,111
7,4,47,0,71,24,111
7,5,47,0,70,18,111
7,6,47,0,69,18,111
8,1,50,0,68,20,111
8,2,51,0,67,21,111
8,3,52,0,66,22,111
8,4,53,0,65,23,111
8,5,53,0,64,23,111
8,6,54,0,63,23,111
9,1,54,0,62,23,111
9,2,58,0,61,27,111
9,3,59,0,60,27,111
9,4,59,0,59,27,111
9,5,59,0,58,27,111
9,6,63,0,57,30,111
9,7,63,0,56,29,111
10,1,64,0,55,29,111
10,2,65,0,54,30,111
10,3,65,0,53,28,111
10,4,66,0,52,29,111
10,5,66,0,51,26,111
10,6,67,0,50,25,111
11,1,67,0,49,25,111
11,2,68,0,48,24,111
11,3,68,0,47,24,111
11,4,69,0,46,24,111
11,5,69,0,45,24,111
11,6,69,0,44,23,111
12,1,73,0,43,27,111
12,2,73,0,42,27,111
12,3,73,0,41,26,111
12,4,75,0,40,28,111
12,5,75,0,39,28,111
12,6,76,0,38,26,111
13,1,76,0,37,25,111
13,2,76,0,36,24,111
13,3,77,0,35,24,111
13,4,77,0,34,24,111
13,5,77,0,33,23,111
13,6,77,0,32,23,111
14,1,78,0,31,20,111
14,2,79,0,30,20,111
14,3,80,0,29,21,111
14,4,81,0,28,22,111
14,5,82,0,27,19,111
14,6,83,0,26,20,111
15,1,83,0,25,19,111
15,2,83,0,24,18,111
15,3,84,0,23,19,111
15,4,88,0,22,22,111
15,5,89,0,21,23,111
15,6,91,0,20,24,111
15,7,93,0,19,26,111
16,1,93,0,18,25,111
16,2,93,0,17,25,111
16,3,95,0,16,26,111
16,4,95,0,15,26,111
16,5,96,0,14,27,111
16,6,96,0,13,23,111
17,1,97,0,12,24,111
17,2,97,0,11,24,111
17,3,98,0,10,23,111
17,4,99,0,9,24,111
17,5,99,0,8,23,111
17,6,100,0,7,24,111
18,1,101,0,6,25,111
18,2,102,0,5,25,111
18,3,103,0,4,26,111
18,4,104,0,3,27,111
18,5,108,0,2,31,111
18,6,110,0,1,32,111
19,1,111,0,0,32,111
19,2,111,0,-1,31,111
19,3,111,0,-2,30,111
19,4,111,0,-3,29,111
19,5,111,0,-4,28,111
19,6,111,0,-5,28,111
0,1,1,0,119,1,105
0,2,1,0,118,1,105
0,3,1,0,117,1,105
0,4,5,0,116,5,105
0,5,5,0,115,5,105
0,6,5,0,114,5,105
1,1,5,0,113,5,105
1,2,5,0,112,5,105
1,3,5,0,111,5,105
1,4,5,0,110,5,105
1,5,5,0,109,5,105
1,6,5,0,108,5,105
2,1,6,0,107,6,105
2,2,6,0,106,6,105
2,3,6,0,105,6,105
2,4,6,0,104,6,105
2,5,6,0,103,6,105
2,6,6,0,102,6,105
3,1,6,0,101,6,105
3,2,6,0,100,6,105
3,3,6,0,99,6,105
3,4,6,0,98,6,105
3,5,6,0,97,6,105
3,6,6,0,96,6,105
4,1,6,0,95,6,105
4,2,7,0,94,7,105
4,3,8,0,93,8,105
4,4,12,0,92,12,105
4,5,13,0,91,13,105
4,6,13,0,90,13,105
5,1,13,0,89,12,105
5,2,13,0,88,12,105
5,3,14,0,87,13,105
5,4,16,0,86,11,105
5,5,20,0,85,15,105
5,6,21,0,84,16,105
6,1,21,0,83,16,105
6,2,21,0,82,16,105
6,3,21,0,81,16,105
6,4,21,0,80,16,105
6,5,21,0,79,16,105
6,6,21,0,78,16,105
7,1,21,0,77,15,105
7,2,21,0,76,15,105
7,3,22,0,75,16,105
7,4,22,0,74,16,105
7,5,23,0,73,17,105
7,6,23,0,72,17,105
8,1,24,0,71,18,105
8,2,26,0,70,20,105
8,3,27,0,69,21,105
8,4,29,0,68,23,105
8,5,30,0,67,24,105
8,6,31,0,66,25,105
8,7,31,0,65,25,105
8,8,31,0,64,24,105
8,9,32,0,63,24,105
9,1,33,0,62,21,105
9,2,33,0,61,20,105
9,3,33,0,60,20,105
9,4,39,0,59,26,105
9,5,41,0,58,28,105
9,6,41,0,57,27,105
10,1,42,0,56,26,105
10,2,45,0,55,25,105
10,3,46,0,54,25,105
10,4,46,0,53,25,105
10,5,46,0,52,25,105
10,6,46,0,51,25,105
11,1,46,0,50,25,105
11,2,47,0,49,26,105
11,3,47,0,48,26,105
11,4,48,0,47,27,105
11,5,49,0,46,28,105
11,6,49,0,45,27,105
12,1,49,0,44,27,105
12,2,51,0,43,28,105
12,3,52,0,42,29,105
12,4,53,0,41,29,105
12,5,53,0,40,27,105
12,6,54,0,39,27,105
13,1,54,0,38,25,105
13,2,55,0,37,25,105
13,3,56,0,36,25,105
13,4,57,0,35,26,105
13,5,63,0,34,32,105
13,6,63,0,33,31,105
14,1,64,0,32,31,105
14,2,65,0,31,32,105
14,3,66,0,30,33,105
14,4,67,0,29,28,105
14,5,71,0,28,30,105
14,6,71,0,27,30,105
15,1,72,0,26,30,105
15,2,72,0,25,27,105
15,3,73,0,24,27,105
15,4,74,0,23,28,105
15,5,74,0,22,28,105
15,6,75,0,21,29,105
16,1,76,0,20,30,105
16,2,76,0,19,29,105
16,3,77,0,18,30,105
16,4,77,0,17,29,105
16,5,78,0,16,29,105
16,6,79,0,15,30,105
16,7,79,0,14,30,105
17,1,79,0,13,28,105
17,2,80,0,12,28,105
17,3,80,0,11,27,105
17,4,81,0,10,28,105
17,5,81,0,9,27,105
17,6,83,0,8,29,105
18,1,84,0,7,29,105
18,2,85,0,6,29,105
18,3,86,0,5,29,105
18,4,87,0,4,24,105
18,5,91,0,3,28,105
18,6,92,0,2,28,105
19,1,96,0,1,31,105
19,2,98,0,0,32,105
19,3,98,0,-1,31,105
19,4,99,0,-2,28,105
19,5,105,0,-3,34,105
19,6,105,0,-4,33,105
0,1,1,0,119,1,160
0,2,2,0,118,2,160
0,3,5,0,117,5,160
0,4,5,0,116,5,160
0,5,5,0,115,5,160
0,6,5,0,114,5,160
1,1,5,0,113,5,160
1,2,6,0,112,6,160
1,3,6,0,111,6,160
1,4,6,0,110,6,160
1,5,7,0,109,7,160
1,6,8,0,108,8,160
1,7,9,0,107,9,160
1,8,9,0,106,9,160
1,9,10,0,105,10,160
1,1,10,0,104,10,160
2,1,14,0,103,14,160
2,2,15,0,102,15,160
2,3,15,0,101,15,160
2,4,17,0,100,17,160
2,5,17,0,99,17,160
2,6,17,0,98,17,160
3,1,18,0,97,18,160
3,2,20,0,96,20,160
3,3,20,0,95,20,160
3,4,21,0,94,21,160
3,5,22,0,93,22,160
3,6,22,0,92,22,160
3,7,22,0,91,22,160
4,1,22,0,90,22,160
4,2,26,0,89,25,160
4,3,26,0,88,24,160
4,4,26,0,87,21,160
4,5,27,0,86,22,160
4,6,27,0,85,22,160
5,1,28,0,84,23,160
5,2,28,0,83,23,160
5,3,28,0,82,22,160
5,4,28,0,81,22,160
5,5,30,0,80,24,160
5,6,31,0,79,24,160
6,1,32,0,78,24,160
6,2,33,0,77,24,160
6,3,34,0,76,25,160
6,4,35,0,75,25,160
6,5,35,0,74,25,160
6,6,35,0,73,21,160
6,7,36,0,72,21,160
7,1,37,0,71,22,160
7,2,38,0,70,21,160
7,3,39,0,69,22,160
7,4,40,0,68,23,160
7,5,40,0,67,22,160
7,6,41,0,66,21,160
8,1,43,0,65,23,160
8,2,43,0,64,22,160
8,3,44,0,63,22,160
8,4,46,0,62,24,160
8,5,46,0,61,24,160
8,6,49,0,60,27,160
9,1,51,0,59,25,160
9,2,57,0,58,31,160
9,3,57,0,57,31,160
9,4,58,0,56,31,160
9,5,60,0,55,33,160
9,6,60,0,54,32,160
10,1,62,0,53,34,160
10,2,63,0,52,35,160
10,3,64,0,51,36,160
10,4,65,0,50,35,160
10,5,66,0,49,35,160
10,6,66,0,48,34,160
11,1,70,0,47,37,160
11,2,71,0,46,37,160
11,3,71,0,45,36,160
11,4,73,0,44,38,160
11,5,73,0,43,38,160
11,6,73,0,42,37,160
12,1,74,0,41,37,160
12,2,76,0,40,38,160
12,3,77,0,39,38,160
12,4,77,0,38,37,160
12,5,79,0,37,39,160
12,6,80,0,36,39,160
13,1,80,0,35,37,160
13,2,80,0,34,37,160
13,3,84,0,33,40,160
13,4,85,0,32,39,160
13,5,86,0,31,40,160
13,6,87,0,30,38,160
14,1,88,0,29,37,160
14,2,90,0,28,33,160
14,3,91,0,27,34,160
14,4,97,0,26,39,160
14,5,98,0,25,38,160
14,6,98,0,24,38,160
15,1,100,0,23,38,160
15,2,101,0,22,38,160
15,3,105,0,21,41,160
15,4,106,0,20,41,160
15,5,112,0,19,46,160
15,6,118,0,18,52,160
16,1,119,0,17,49,160
16,2,119,0,16,48,160
16,3,123,0,15,52,160
16,4,129,0,14,56,160
16,5,133,0,13,60,160
16,6,137,0,12,64,160
17,1,139,0,11,65,160
17,2,140,0,10,64,160
17,3,140,0,9,63,160
17,4,142,0,8,65,160
17,5,143,0,7,64,160
17,6,143,0,6,63,160
18,1,144,0,5,64,160
18,2,145,0,4,65,160
18,3,146,0,3,62,160
18,4,147,0,2,62,160
18,5,148,0,1,62,160
18,6,148,0,0,61,160
18,7,150,0,-1,62,160
19,1,154,0,-2,64,160
19,2,154,0,-3,63,160
19,3,156,0,-4,59,160
19,4,157,0,-5,59,160
19,5,159,0,-6,61,160
19,6,160,0,-7,60,160
0,1,4,0,119,4,182
0,2,5,0,118,5,182
0,3,7,0,117,7,182
0,4,7,0,116,7,182
0,5,7,0,115,7,182
0,6,8,0,114,8,182
1,1,8,0,113,8,182
1,2,8,0,112,8,182
1,3,8,0,111,8,182
1,4,8,0,110,8,182
1,5,14,0,109,14,182
1,6,14,0,108,14,182
2,1,20,0,107,20,182
2,2,20,0,106,20,182
2,3,20,0,105,20,182
2,4,20,0,104,20,182
2,5,20,0,103,20,182
2,6,20,0,102,20,182
3,1,20,0,101,20,182
3,2,20,0,100,20,182
3,3,20,0,99,20,182
3,4,21,0,98,21,182
3,5,22,0,97,22,182
3,6,22,0,96,22,182
4,1,22,0,95,22,182
4,2,22,0,94,22,182
4,3,23,0,93,23,182
4,4,24,0,92,24,182
4,5,25,0,91,25,182
4,6,25,0,90,25,182
4,7,26,0,89,22,182
5,1,26,0,88,21,182
5,2,29,0,87,22,182
5,3,29,0,86,22,182
5,4,29,0,85,22,182
5,5,30,0,84,22,182
5,6,30,0,83,22,182
6,1,31,0,82,23,182
6,2,32,0,81,24,182
6,3,32,0,80,24,182
6,4,32,0,79,18,182
6,5,32,0,78,18,182
6,6,32,0,77,12,182
7,1,33,0,76,13,182
7,2,33,0,75,13,182
7,3,33,0,74,13,182
7,4,33,0,73,13,182
7,5,34,0,72,14,182
7,6,35,0,71,15,182
7,7,36,0,70,16,182
8,1,38,0,69,18,182
8,2,39,0,68,18,182
8,3,40,0,67,18,182
8,4,40,0,66,18,182
8,5,40,0,65,18,182
8,6,41,0,64,19,182
9,1,41,0,63,18,182
9,2,42,0,62,18,182
9,3,42,0,61,17,182
9,4,43,0,60,18,182
9,5,43,0,59,17,182
9,6,43,0,58,17,182
10,1,44,0,57,15,182
10,2,45,0,56,16,182
10,3,49,0,55,20,182
10,4,49,0,54,19,182
10,5,51,0,53,21,182
10,6,52,0,52,21,182
11,1,53,0,51,21,182
11,2,53,0,50,21,182
11,3,59,0,49,27,182
11,4,61,0,48,29,182
11,5,67,0,47,35,182
11,6,68,0,46,35,182
12,1,69,0,45,36,182
12,2,70,0,44,37,182
12,3,76,0,43,43,182
12,4,78,0,42,44,182
12,5,84,0,41,49,182
12,6,85,0,40,49,182
13,1,86,0,39,48,182
13,2,87,0,38,48,182
13,3,88,0,37,48,182
13,4,90,0,36,50,182
13,5,90,0,35,50,182
13,6,91,0,34,50,182
14,1,92,0,33,51,182
14,2,93,0,32,51,182
14,3,94,0,31,52,182
14,4,98,0,30,55,182
14,5,99,0,29,56,182
14,6,99,0,28,56,182
15,1,103,0,27,59,182
15,2,104,0,26,59,182
15,3,105,0,25,56,182
15,4,111,0,24,62,182
15,5,112,0,23,61,182
15,6,118,0,22,66,182
16,1,124,0,21,71,182
16,2,130,0,20,77,182
16,3,134,0,19,75,182
16,4,140,0,18,79,182
16,5,144,0,17,77,182
16,6,148,0,16,80,182
17,1,149,0,15,80,182
17,2,149,0,14,79,182
17,3,155,0,13,79,182
17,4,157,0,12,79,182
17,5,163,0,11,79,182
17,6,163,0,10,78,182
18,1,169,0,9,83,182
18,2,169,0,8,82,182
18,3,169,0,7,81,182
18,4,170,0,6,80,182
18,5,171,0,5,81,182
18,6,171,0,4,80,182
19,1,172,0,3,80,182
19,2,173,0,2,80,182
19,3,173,0,1,79,182
19,4,177,0,0,79,182
19,5,181,0,-1,82,182
19,6,182,0,-2,83,182
0,1,1,0,119,1,163
0,2,1,0,118,1,163
0,3,1,0,117,1,163
0,4,3,0,116,3,163
0,5,6,0,115,6,163
0,6,10,0,114,10,163
1,1,10,0,113,10,163
1,2,10,0,112,10,163
1,3,10,0,111,10,163
1,4,10,0,110,10,163
1,5,12,0,109,12,163
1,6,16,0,108,16,163
2,1,18,0,107,18,163
2,2,18,0,106,18,163
2,3,24,0,105,24,163
2,4,24,0,104,24,163
2,5,25,0,103,25,163
2,6,25,0,102,25,163
3,1,25,0,101,25,163
3,2,26,0,100,26,163
3,3,26,0,99,26,163
3,4,27,0,98,27,163
3,5,28,0,97,28,163
3,6,32,0,96,32,163
4,1,34,0,95,34,163
4,2,34,0,94,34,163
4,3,38,0,93,38,163
4,4,39,0,92,39,163
4,5,40,0,91,40,163
4,6,44,0,90,44,163
5,1,48,0,89,47,163
5,2,49,0,88,48,163
5,3,49,0,87,48,163
5,4,51,0,86,48,163
5,5,53,0,85,47,163
5,6,59,0,84,49,163
5,7,60,0,83,50,163
6,1,60,0,82,50,163
6,2,60,0,81,50,163
6,3,60,0,80,50,163
6,4,60,0,79,48,163
6,5,60,0,78,44,163
6,6,61,0,77,43,163
7,1,61,0,76,43,163
7,2,62,0,75,38,163
7,3,63,0,74,39,163
7,4,63,0,73,38,163
7,5,64,0,72,39,163
7,6,66,0,71,41,163
7,7,66,0,70,40,163
8,1,66,0,69,40,163
8,2,66,0,68,39,163
8,3,68,0,67,40,163
8,4,69,0,66,37,163
8,5,69,0,65,35,163
8,6,71,0,64,37,163
9,1,71,0,63,33,163
9,2,71,0,62,32,163
9,3,71,0,61,31,163
9,4,71,0,60,27,163
9,5,74,0,59,26,163
9,6,76,0,58,27,163
10,1,77,0,57,28,163
10,2,77,0,56,26,163
10,3,78,0,55,25,163
10,4,79,0,54,20,163
10,5,79,0,53,19,163
10,6,79,0,52,19,163
11,1,79,0,51,19,163
11,2,80,0,50,20,163
11,3,81,0,49,21,163
11,4,83,0,48,23,163
11,5,84,0,47,23,163
11,6,86,0,46,25,163
12,1,86,0,45,24,163
12,2,87,0,44,24,163
12,3,88,0,43,25,163
12,4,90,0,42,26,163
12,5,90,0,41,24,163
12,6,91,0,40,25,163
13,1,92,0,39,26,163
13,2,93,0,38,27,163
13,3,93,0,37,25,163
13,4,94,0,36,25,163
13,5,95,0,35,26,163
13,6,96,0,34,25,163
14,1,96,0,33,25,163
14,2,98,0,32,27,163
14,3,99,0,31,28,163
14,4,99,0,30,28,163
14,5,100,0,29,26,163
14,6,101,0,28,25,163
15,1,102,0,27,25,163
15,2,103,0,26,26,163
15,3,109,0,25,31,163
15,4,111,0,24,32,163
15,5,112,0,23,33,163
15,6,113,0,22,34,163
16,1,114,0,21,35,163
16,2,115,0,20,35,163
16,3,121,0,19,40,163
16,4,121,0,18,38,163
16,5,123,0,17,39,163
16,6,125,0,16,39,163
17,1,126,0,15,40,163
17,2,126,0,14,39,163
17,3,126,0,13,38,163
17,4,127,0,12,37,163
17,5,131,0,11,41,163
17,6,135,0,10,44,163
18,1,136,0,9,44,163
18,2,137,0,8,44,163
18,3,138,0,7,45,163
18,4,140,0,6,46,163
18,5,141,0,5,46,163
18,6,145,0,4,49,163
19,1,145,0,3,49,163
19,2,147,0,2,49,163
19,3,153,0,1,54,163
19,4,159,0,0,60,163
19,5,160,0,-1,60,163
19,6,163,0,-2,62,163
0,1,0,0,119,0,138
0,2,0,0,118,0,138
0,3,4,0,117,4,138
0,4,4,0,116,4,138
0,5,5,0,115,5,138
0,6,9,0,114,9,138
1,1,9,0,113,9,138
1,2,9,0,112,9,138
1,3,9,0,111,9,138
1,4,9,0,110,9,138
1,5,13,0,109,13,138
1,6,13,0,108,13,138
2,1,13,0,107,13,138
2,2,14,0,106,14,138
2,3,16,0,105,16,138
2,4,17,0,104,17,138
2,5,21,0,103,21,138
2,6,25,0,102,25,138
3,1,29,0,101,29,138
3,2,30,0,100,30,138
3,3,30,0,99,30,138
3,4,30,0,98,30,138
3,5,30,0,97,30,138
3,6,30,0,96,30,138
4,1,30,0,95,30,138
4,2,31,0,94,31,138
4,3,33,0,93,33,138
4,4,33,0,92,33,138
4,5,33,0,91,33,138
4,6,34,0,90,34,138
5,1,34,0,89,34,138
5,2,34,0,88,34,138
5,3,34,0,87,30,138
5,4,38,0,86,34,138
5,5,38,0,85,33,138
5,6,39,0,84,30,138
6,1,41,0,83,32,138
6,2,42,0,82,33,138
6,3,42,0,81,33,138
6,4,43,0,80,34,138
6,5,44,0,79,31,138
6,6,44,0,78,31,138
7,1,45,0,77,32,138
7,2,46,0,76,32,138
7,3,47,0,75,31,138
7,4,48,0,74,31,138
7,5,49,0,73,28,138
7,6,49,0,72,24,138
7,7,50,0,71,21,138
8,1,50,0,70,20,138
8,2,52,0,69,22,138
8,3,52,0,68,22,138
8,4,52,0,67,22,138
8,5,52,0,66,22,138
8,6,54,0,65,24,138
9,1,54,0,64,23,138
9,2,54,0,63,21,138
9,3,55,0,62,22,138
9,4,56,0,61,23,138
9,5,57,0,60,23,138
9,6,58,0,59,24,138
10,1,59,0,58,25,138
10,2,59,0,57,25,138
10,3,60,0,56,22,138
10,4,61,0,55,23,138
10,5,62,0,54,23,138
10,6,63,0,53,22,138
11,1,67,0,52,25,138
11,2,68,0,51,26,138
11,3,70,0,50,27,138
11,4,71,0,49,27,138
11,5,72,0,48,28,138
11,6,73,0,47,28,138
12,1,74,0,46,28,138
12,2,74,0,45,27,138
12,3,76,0,44,28,138
12,4,76,0,43,27,138
12,5,77,0,42,28,138
12,6,78,0,41,28,138
13,1,78,0,40,28,138
13,2,80,0,39,28,138
13,3,80,0,38,28,138
13,4,80,0,37,28,138
13,5,86,0,36,34,138
13,6,88,0,35,34,138
14,1,90,0,34,36,138
14,2,91,0,33,37,138
14,3,92,0,32,37,138
14,4,92,0,31,36,138
14,5,93,0,30,36,138
14,6,93,0,29,35,138
15,1,97,0,28,38,138
15,2,97,0,27,38,138
15,3,99,0,26,39,138
15,4,101,0,25,40,138
15,5,102,0,24,40,138
15,6,104,0,23,41,138
16,1,105,0,22,38,138
16,2,106,0,21,38,138
16,3,108,0,20,38,138
16,4,109,0,19,38,138
16,5,111,0,18,39,138
16,6,113,0,17,40,138
17,1,115,0,16,41,138
17,2,116,0,15,42,138
17,3,116,0,14,40,138
17,4,117,0,13,41,138
17,5,121,0,12,44,138
17,6,122,0,11,44,138
18,1,124,0,10,46,138
18,2,125,0,9,45,138
18,3,127,0,8,47,138
18,4,127,0,7,47,138
18,5,131,0,6,45,138
18,6,133,0,5,45,138
19,1,134,0,4,44,138
19,2,134,0,3,43,138
19,3,135,0,2,43,138
19,4,135,0,1,43,138
19,5,136,0,0,43,138
19,6,138,0,-1,45,138
0,1,2,0,119,2,148
0,2,2,0,118,2,148
0,3,6,0,117,6,148
0,4,10,0,116,10,148
0,5,14,0,115,14,148
0,6,14,0,114,14,148
1,1,14,0,113,14,148
1,2,14,0,112,14,148
1,3,14,0,111,14,148
1,4,15,0,110,15,148
1,5,17,0,109,17,148
1,6,21,0,108,21,148
2,1,21,0,107,21,148
2,2,22,0,106,22,148
2,3,24,0,105,24,148
2,4,26,0,104,26,148
2,5,30,0,103,30,148
2,6,31,0,102,31,148
3,1,32,0,101,32,148
3,2,32,0,100,32,148
3,3,32,0,99,32,148
3,4,33,0,98,33,148
3,5,34,0,97,34,148
3,6,34,0,96,34,148
4,1,34,0,95,34,148
4,2,35,0,94,35,148
4,3,35,0,93,35,148
4,4,35,0,92,35,148
4,5,35,0,91,35,148
4,6,35,0,90,35,148
5,1,35,0,89,33,148
5,2,39,0,88,37,148
5,3,40,0,87,34,148
5,4,40,0,86,30,148
5,5,40,0,85,26,148
5,6,40,0,84,26,148
6,1,40,0,83,26,148
6,2,41,0,82,27,148
6,3,41,0,81,27,148
6,4,42,0,80,27,148
6,5,43,0,79,26,148
6,6,43,0,78,22,148
7,1,44,0,77,23,148
7,2,44,0,76,22,148
7,3,45,0,75,21,148
7,4,49,0,74,23,148
7,5,51,0,73,21,148
7,6,52,0,72,21,148
8,1,53,0,71,21,148
8,2,53,0,70,21,148
8,3,53,0,69,21,148
8,4,54,0,68,21,148
8,5,55,0,67,21,148
8,6,56,0,66,22,148
9,1,57,0,65,23,148
9,2,63,0,64,28,148
9,3,63,0,63,28,148
9,4,64,0,62,29,148
9,5,65,0,61,30,148
9,6,71,0,60,36,148
10,1,71,0,59,36,148
10,2,74,0,58,35,148
10,3,74,0,57,34,148
10,4,74,0,56,34,148
10,5,78,0,55,38,148
10,6,78,0,54,38,148
11,1,80,0,53,40,148
11,2,80,0,52,39,148
11,3,80,0,51,39,148
11,4,80,0,50,38,148
11,5,80,0,49,37,148
11,6,81,0,48,38,148
12,1,85,0,47,41,148
12,2,86,0,46,42,148
12,3,87,0,45,42,148
12,4,89,0,44,40,148
12,5,90,0,43,39,148
12,6,90,0,42,38,148
13,1,90,0,41,37,148
13,2,96,0,40,43,148
13,3,97,0,39,44,148
13,4,97,0,38,43,148
13,5,98,0,37,43,148
13,6,98,0,36,42,148
14,1,98,0,35,41,148
14,2,100,0,34,37,148
14,3,100,0,33,37,148
14,4,101,0,32,37,148
14,5,103,0,31,38,148
14,6,104,0,30,33,148
15,1,105,0,29,34,148
15,2,106,0,28,32,148
15,3,106,0,27,32,148
15,4,107,0,26,33,148
15,5,107,0,25,29,148
15,6,108,0,24,30,148
16,1,109,0,23,29,148
16,2,111,0,22,31,148
16,3,112,0,21,32,148
16,4,113,0,20,33,148
16,5,114,0,19,34,148
16,6,115,0,18,34,148
17,1,119,0,17,34,148
17,2,120,0,16,34,148
17,3,120,0,15,33,148
17,4,121,0,14,32,148
17,5,122,0,13,32,148
17,6,123,0,12,33,148
18,1,129,0,11,39,148
18,2,130,0,10,34,148
18,3,131,0,9,34,148
18,4,131,0,8,34,148
18,5,135,0,7,37,148
18,6,137,0,6,39,148
19,1,141,0,5,43,148
19,2,143,0,4,43,148
19,3,144,0,3,44,148
19,4,146,0,2,45,148
19,5,147,0,1,44,148
19,6,148,0,0,44,148
0,1,1,0,119,1,84
0,2,1,0,118,1,84
0,3,1,0,117,1,84
0,4,1,0,116,1,84
0,5,2,0,115,2,84
0,6,2,0,114,2,84
1,1,4,0,113,4,84
1,2,4,0,112,4,84
1,3,5,0,111,5,84
1,4,5,0,110,5,84
1,5,5,0,109,5,84
1,6,6,0,108,6,84
2,1,6,0,107,6,84
2,2,6,0,106,6,84
2,3,7,0,105,7,84
2,4,7,0,104,7,84
2,5,7,0,103,7,84
2,6,7,0,102,7,84
3,1,8,0,101,8,84
3,2,8,0,100,8,84
3,3,12,0,99,12,84
3,4,12,0,98,12,84
3,5,12,0,97,12,84
3,6,12,0,96,12,84
4,1,12,0,95,12,84
4,2,12,0,94,12,84
4,3,13,0,93,13,84
4,4,14,0,92,14,84
4,5,16,0,91,16,84
4,6,16,0,90,16,84
5,1,17,0,89,16,84
5,2,18,0,88,17,84
5,3,18,0,87,17,84
5,4,18,0,86,17,84
5,5,18,0,85,16,84
5,6,18,0,84,16,84
6,1,19,0,83,15,84
6,2,19,0,82,15,84
6,3,19,0,81,14,84
6,4,20,0,80,15,84
6,5,21,0,79,16,84
6,6,25,0,78,19,84
6,7,25,0,77,19,84
7,1,28,0,76,22,84
7,2,30,0,75,23,84
7,3,30,0,74,23,84
7,4,30,0,73,23,84
7,5,30,0,72,23,84
7,6,30,0,71,22,84
7,7,30,0,70,22,84
8,1,31,0,69,19,84
8,2,32,0,68,20,84
8,3,32,0,67,20,84
8,4,33,0,66,21,84
8,5,33,0,65,21,84
8,6,34,0,64,22,84
9,1,34,0,63,21,84
9,2,34,0,62,20,84
9,3,34,0,61,18,84
9,4,34,0,60,18,84
9,5,35,0,59,18,84
9,6,35,0,58,17,84
10,1,35,0,57,17,84
10,2,36,0,56,18,84
10,3,36,0,55,18,84
10,4,36,0,54,18,84
10,5,36,0,53,17,84
10,6,37,0,52,18,84
11,1,37,0,51,18,84
11,2,38,0,50,18,84
11,3,39,0,49,18,84
11,4,40,0,48,15,84
11,5,40,0,47,15,84
11,6,40,0,46,12,84
12,1,40,0,45,10,84
12,2,41,0,44,11,84
12,3,41,0,43,11,84
12,4,43,0,42,13,84
12,5,44,0,41,14,84
12,6,45,0,40,15,84
13,1,45,0,39,14,84
13,2,45,0,38,13,84
13,3,45,0,37,13,84
13,4,46,0,36,13,84
13,5,46,0,35,13,84
13,6,47,0,34,13,84
14,1,48,0,33,14,84
14,2,49,0,32,15,84
14,3,50,0,31,16,84
14,4,53,0,30,19,84
14,5,54,0,29,19,84
14,6,56,0,28,21,84
15,1,56,0,27,21,84
15,2,56,0,26,20,84
15,3,57,0,25,21,84
15,4,59,0,24,23,84
15,5,60,0,23,24,84
15,6,64,0,22,27,84
15,7,65,0,21,28,84
15,8,66,0,20,28,84
16,1,67,0,19,28,84
16,2,68,0,18,28,84
16,3,68,0,17,28,84
16,4,68,0,16,28,84
16,5,68,0,15,28,84
16,6,68,0,14,27,84
17,1,70,0,13,29,84
17,2,70,0,12,27,84
17,3,71,0,11,27,84
17,4,71,0,10,26,84
17,5,71,0,9,26,84
17,6,75,0,8,30,84
18,1,76,0,7,31,84
18,2,78,0,6,32,84
18,3,78,0,5,32,84
18,4,78,0,4,31,84
18,5,79,0,3,31,84
18,6,80,0,2,31,84
18,7,80,0,1,30,84
19,1,81,0,0,28,84
19,2,82,0,-1,28,84
19,3,82,0,-2,26,84
19,4,83,0,-3,27,84
19,5,83,0,-4,27,84
19,6,84,0,-5,27,84
0,1,0,0,119,0,168
0,2,1,0,118,1,168
0,3,1,0,117,1,168
0,4,2,0,116,2,168
0,5,3,0,115,3,168
0,6,3,0,114,3,168
1,1,9,0,113,9,168
1,2,10,0,112,10,168
1,3,11,0,111,11,168
1,4,12,0,110,12,168
1,5,18,0,109,18,168
1,6,22,0,108,22,168
1,7,23,0,107,23,168
1,8,25,0,106,25,168
2,1,25,0,105,25,168
2,2,25,0,104,25,168
2,3,26,0,103,26,168
2,4,27,0,102,27,168
2,5,27,0,101,27,168
2,6,27,0,100,27,168
3,1,27,0,99,27,168
3,2,27,0,98,27,168
3,3,33,0,97,33,168
3,4,34,0,96,34,168
3,5,36,0,95,36,168
3,6,36,0,94,36,168
4,1,37,0,93,37,168
4,2,41,0,92,41,168
4,3,41,0,91,41,168
4,4,45,0,90,45,168
4,5,45,0,89,45,168
4,6,46,0,88,45,168
5,1,47,0,87,46,168
5,2,53,0,86,51,168
5,3,53,0,85,50,168
5,4,56,0,84,53,168
5,5,57,0,83,48,168
5,6,61,0,82,51,168
6,1,62,0,81,51,168
6,2,62,0,80,50,168
6,3,63,0,79,45,168
6,4,65,0,78,43,168
6,5,66,0,77,43,168
6,6,67,0,76,42,168
7,1,69,0,75,44,168
7,2,69,0,74,44,168
7,3,70,0,73,44,168
7,4,71,0,72,44,168
7,5,73,0,71,46,168
7,6,74,0,70,47,168
8,1,75,0,69,48,168
8,2,76,0,68,49,168
8,3,76,0,67,43,168
8,4,80,0,66,46,168
8,5,81,0,65,45,168
8,6,84,0,64,48,168
9,1,84,0,63,47,168
9,2,85,0,62,44,168
9,3,86,0,61,45,168
9,4,87,0,60,42,168
9,5,89,0,59,44,168
9,6,90,0,58,44,168
10,1,91,0,57,44,168
10,2,92,0,56,39,168
10,3,93,0,55,40,168
10,4,93,0,54,37,168
10,5,94,0,53,37,168
10,6,100,0,52,39,168
11,1,100,0,51,38,168
11,2,102,0,50,40,168
11,3,102,0,49,39,168
11,4,102,0,48,37,168
11,5,102,0,47,36,168
11,6,103,0,46,36,168
12,1,104,0,45,35,168
12,2,105,0,44,36,168
12,3,106,0,43,36,168
12,4,107,0,42,36,168
12,5,107,0,41,34,168
12,6,108,0,40,34,168
13,1,109,0,39,34,168
13,2,110,0,38,34,168
13,3,110,0,37,34,168
13,4,116,0,36,36,168
13,5,117,0,35,36,168
13,6,118,0,34,34,168
14,1,118,0,33,34,168
14,2,120,0,32,35,168
14,3,120,0,31,34,168
14,4,121,0,30,34,168
14,5,122,0,29,33,168
14,6,124,0,28,34,168
15,1,125,0,27,34,168
15,2,129,0,26,37,168
15,3,132,0,25,39,168
15,4,138,0,24,45,168
15,5,138,0,23,44,168
15,6,144,0,22,44,168
16,1,145,0,21,45,168
16,2,145,0,20,43,168
16,3,149,0,19,47,168
16,4,151,0,18,49,168
16,5,152,0,17,50,168
16,6,152,0,16,49,168
17,1,154,0,15,50,168
17,2,154,0,14,49,168
17,3,154,0,13,48,168
17,4,155,0,12,48,168
17,5,156,0,11,49,168
17,6,156,0,10,48,168
18,1,157,0,9,48,168
18,2,158,0,8,48,168
18,3,159,0,7,49,168
18,4,160,0,6,44,168
18,5,161,0,5,44,168
18,6,162,0,4,44,168
19,1,163,0,3,45,168
19,2,163,0,2,43,168
19,3,164,0,1,44,168
19,4,165,0,0,44,168
19,5,166,0,-1,44,168
19,6,168,0,-2,44,168
0,1,0,0,119,0,137
0,2,1,0,118,1,137
0,3,7,0,117,7,137
0,4,8,0,116,8,137
0,5,8,0,115,8,137
0,6,8,0,114,8,137
0,7,8,0,113,8,137
1,1,9,0,112,9,137
1,2,9,0,111,9,137
1,3,9,0,110,9,137
1,4,9,0,109,9,137
1,5,10,0,108,10,137
1,6,10,0,107,10,137
1,7,10,0,106,10,137
2,1,14,0,105,14,137
2,2,14,0,104,14,137
2,3,14,0,103,14,137
2,4,15,0,102,15,137
2,5,21,0,101,21,137
2,6,21,0,100,21,137
3,1,21,0,99,21,137
3,2,21,0,98,21,137
3,3,22,0,97,22,137
3,4,22,0,96,22,137
3,5,22,0,95,22,137
3,6,26,0,94,26,137
4,1,26,0,93,26,137
4,2,26,0,92,26,137
4,3,27,0,91,27,137
4,4,27,0,90,27,137
4,5,28,0,89,28,137
4,6,29,0,88,28,137
5,1,29,0,87,22,137
5,2,30,0,86,22,137
5,3,30,0,85,22,137
5,4,34,0,84,26,137
5,5,34,0,83,26,137
5,6,35,0,82,26,137
5,7,35,0,81,26,137
6,1,35,0,80,26,137
6,2,36,0,79,27,137
6,3,36,0,78,26,137
6,4,37,0,77,27,137
6,5,38,0,76,28,137
6,6,39,0,75,25,137
6,7,39,0,74,25,137
7,1,40,0,73,26,137
7,2,42,0,72,27,137
7,3,43,0,71,22,137
7,4,47,0,70,26,137
7,5,47,0,69,26,137
7,6,47,0,68,26,137
8,1,48,0,67,26,137
8,2,49,0,66,27,137
8,3,50,0,65,28,137
8,4,51,0,64,25,137
8,5,52,0,63,26,137
8,6,52,0,62,26,137
8,7,56,0,61,29,137
8,8,57,0,60,30,137
8,9,58,0,59,30,137
9,1,58,0,58,29,137
9,2,59,0,57,30,137
9,3,59,0,56,29,137
9,4,59,0,55,29,137
9,5,59,0,54,25,137
9,6,59,0,53,25,137
10,1,59,0,52,24,137
10,2,60,0,51,25,137
10,3,61,0,50,26,137
10,4,62,0,49,26,137
10,5,66,0,48,30,137
10,6,67,0,47,30,137
11,1,73,0,46,35,137
11,2,73,0,45,34,137
11,3,73,0,44,34,137
11,4,79,0,43,39,137
11,5,79,0,42,37,137
11,6,80,0,41,37,137
12,1,81,0,40,34,137
12,2,82,0,39,35,137
12,3,82,0,38,35,137
12,4,83,0,37,35,137
12,5,83,0,36,34,137
12,6,84,0,35,34,137
13,1,88,0,34,37,137
13,2,89,0,33,37,137
13,3,89,0,32,37,137
13,4,89,0,31,33,137
13,5,90,0,30,33,137
13,6,96,0,29,38,137
14,1,97,0,28,39,137
14,2,98,0,27,39,137
14,3,99,0,26,40,137
14,4,99,0,25,40,137
14,5,100,0,24,41,137
14,6,101,0,23,42,137
15,1,102,0,22,43,137
15,2,102,0,21,42,137
15,3,104,0,20,43,137
15,4,105,0,19,43,137
15,5,105,0,18,39,137
15,6,105,0,17,38,137
16,1,106,0,16,33,137
16,2,107,0,15,34,137
16,3,108,0,14,35,137
16,4,109,0,13,30,137
16,5,109,0,12,30,137
16,6,109,0,11,29,137
17,1,110,0,10,29,137
17,2,111,0,9,29,137
17,3,115,0,8,33,137
17,4,116,0,7,33,137
17,5,116,0,6,33,137
17,6,120,0,5,36,137
18,1,120,0,4,32,137
18,2,120,0,3,31,137
18,3,124,0,2,35,137
18,4,125,0,1,36,137
18,5,126,0,0,36,137
18,6,127,0,-1,31,137
19,1,133,0,-2,36,137
19,2,134,0,-3,36,137
19,3,134,0,-4,35,137
19,4,135,0,-5,36,137
19,5,136,0,-6,36,137
19,6,137,0,-7,36,137
0,1,0,0,119,0,121
0,2,1,0,118,1,121
0,3,2,0,117,2,121
0,4,3,0,116,3,121
0,5,4,0,115,4,121
0,6,4,0,114,4,121
1,1,5,0,113,5,121
1,2,6,0,112,6,121
1,3,8,0,111,8,121
1,4,8,0,110,8,121
1,5,9,0,109,9,121
1,6,9,0,108,9,121
2,1,9,0,107,9,121
2,2,9,0,106,9,121
2,3,11,0,105,11,121
2,4,11,0,104,11,121
2,5,11,0,103,11,121
2,6,11,0,102,11,121
3,1,12,0,101,12,121
3,2,13,0,100,13,121
3,3,13,0,99,13,121
3,4,13,0,98,13,121
3,5,14,0,97,14,121
3,6,15,0,96,15,121
4,1,16,0,95,16,121
4,2,17,0,94,17,121
4,3,17,0,93,17,121
4,4,17,0,92,17,121
4,5,17,0,91,17,121
4,6,18,0,90,18,121
5,1,19,0,89,19,121
5,2,20,0,88,19,121
5,3,22,0,87,20,121
5,4,26,0,86,23,121
5,5,27,0,85,23,121
5,6,27,0,84,23,121
6,1,28,0,83,23,121
6,2,29,0,82,23,121
6,3,30,0,81,22,121
6,4,30,0,80,22,121
6,5,31,0,79,22,121
6,6,31,0,78,22,121
6,7,31,0,77,22,121
7,1,31,0,76,22,121
7,2,32,0,75,21,121
7,3,36,0,74,25,121
7,4,36,0,73,25,121
7,5,36,0,72,25,121
7,6,37,0,71,25,121
7,7,41,0,70,28,121
8,1,42,0,69,29,121
8,2,46,0,68,33,121
8,3,46,0,67,32,121
8,4,46,0,66,31,121
8,5,47,0,65,31,121
8,6,48,0,64,31,121
9,1,49,0,63,32,121
9,2,50,0,62,33,121
9,3,51,0,61,34,121
9,4,52,0,60,34,121
9,5,53,0,59,34,121
9,6,54,0,58,34,121
10,1,55,0,57,33,121
10,2,56,0,56,30,121
10,3,56,0,55,29,121
10,4,57,0,54,30,121
10,5,58,0,53,30,121
10,6,58,0,52,29,121
11,1,64,0,51,34,121
11,2,65,0,50,35,121
11,3,66,0,49,35,121
11,4,66,0,48,35,121
11,5,66,0,47,35,121
11,6,66,0,46,35,121
12,1,66,0,45,34,121
12,2,68,0,44,32,121
12,3,68,0,43,32,121
12,4,68,0,42,32,121
12,5,69,0,41,32,121
12,6,70,0,40,29,121
13,1,70,0,39,28,121
13,2,71,0,38,25,121
13,3,71,0,37,25,121
13,4,71,0,36,25,121
13,5,71,0,35,24,121
13,6,72,0,34,24,121
14,1,72,0,33,23,121
14,2,73,0,32,23,121
14,3,73,0,31,22,121
14,4,74,0,30,22,121
14,5,76,0,29,23,121
14,6,80,0,28,26,121
15,1,82,0,27,27,121
15,2,83,0,26,27,121
15,3,84,0,25,28,121
15,4,85,0,24,28,121
15,5,89,0,23,31,121
15,6,93,0,22,35,121
16,1,94,0,21,30,121
16,2,95,0,20,30,121
16,3,96,0,19,30,121
16,4,97,0,18,31,121
16,5,97,0,17,31,121
16,6,98,0,16,32,121
17,1,100,0,15,34,121
17,2,100,0,14,32,121
17,3,101,0,13,33,121
17,4,103,0,12,35,121
17,5,104,0,11,35,121
17,6,105,0,10,35,121
18,1,106,0,9,36,121
18,2,107,0,8,36,121
18,3,108,0,7,37,121
18,4,114,0,6,43,121
18,5,115,0,5,44,121
18,6,116,0,4,44,121
19,1,117,0,3,45,121
19,2,117,0,2,44,121
19,3,117,0,1,44,121
19,4,118,0,0,44,121
19,5,119,0,-1,43,121
19,6,121,0,-2,41,121
0,1,0,0,119,0,109
0,2,0,0,118,0,109
0,3,0,0,117,0,109
0,4,0,0,116,0,109
0,5,4,0,115,4,109
0,6,4,0,114,4,109
1,1,5,0,113,5,109
1,2,5,0,112,5,109
1,3,5,0,111,5,109
1,4,6,0,110,6,109
1,5,10,0,109,10,109
1,6,10,0,108,10,109
1,7,10,0,107,10,109
2,1,10,0,106,10,109
2,2,10,0,105,10,109
2,3,11,0,104,11,109
2,4,12,0,103,12,109
2,5,12,0,102,12,109
2,6,12,0,101,12,109
3,1,13,0,100,13,109
3,2,13,0,99,13,109
3,3,13,0,98,13,109
3,4,14,0,97,14,109
3,5,14,0,96,14,109
3,6,14,0,95,14,109
4,1,14,0,94,14,109
4,2,14,0,93,14,109
4,3,15,0,92,15,109
4,4,16,0,91,16,109
4,5,17,0,90,17,109
4,6,21,0,89,21,109
5,1,21,0,88,21,109
5,2,22,0,87,22,109
5,3,22,0,86,22,109
5,4,22,0,85,18,109
5,5,22,0,84,18,109
5,6,22,0,83,17,109
6,1,22,0,82,17,109
6,2,22,0,81,17,109
6,3,22,0,80,16,109
6,4,22,0,79,12,109
6,5,23,0,78,13,109
6,6,24,0,77,14,109
7,1,25,0,76,15,109
7,2,25,0,75,15,109
7,3,26,0,74,15,109
7,4,26,0,73,14,109
7,5,26,0,72,14,109
7,6,26,0,71,14,109
8,1,26,0,70,13,109
8,2,26,0,69,13,109
8,3,26,0,68,13,109
8,4,27,0,67,13,109
8,5,27,0,66,13,109
8,6,27,0,65,13,109
9,1,28,0,64,14,109
9,2,28,0,63,14,109
9,3,29,0,62,14,109
9,4,30,0,61,14,109
9,5,30,0,60,13,109
9,6,30,0,59,9,109
9,7,30,0,58,9,109
10,1,31,0,57,9,109
10,2,32,0,56,10,109
10,3,36,0,55,14,109
10,4,36,0,54,14,109
10,5,37,0,53,15,109
10,6,41,0,52,19,109
11,1,41,0,51,19,109
11,2,41,0,50,19,109
11,3,42,0,49,20,109
11,4,43,0,48,20,109
11,5,47,0,47,23,109
11,6,48,0,46,23,109
12,1,54,0,45,29,109
12,2,55,0,44,29,109
12,3,56,0,43,30,109
12,4,56,0,42,30,109
12,5,56,0,41,30,109
12,6,57,0,40,31,109
12,7,61,0,39,35,109
13,1,61,0,38,35,109
13,2,67,0,37,40,109
13,3,71,0,36,44,109
13,4,71,0,35,44,109
13,5,71,0,34,43,109
13,6,71,0,33,43,109
14,1,72,0,32,43,109
14,2,74,0,31,44,109
14,3,74,0,30,44,109
14,4,74,0,29,44,109
14,5,74,0,28,44,109
14,6,75,0,27,44,109
15,1,75,0,26,43,109
15,2,75,0,25,39,109
15,3,78,0,24,42,109
15,4,78,0,23,41,109
15,5,79,0,22,38,109
15,6,83,0,21,42,109
16,1,83,0,20,42,109
16,2,84,0,19,42,109
16,3,85,0,18,42,109
16,4,85,0,17,38,109
16,5,85,0,16,37,109
16,6,85,0,15,31,109
17,1,85,0,14,30,109
17,2,86,0,13,30,109
17,3,87,0,12,31,109
17,4,91,0,11,35,109
17,5,92,0,10,35,109
17,6,94,0,9,33,109
18,1,95,0,8,34,109
18,2,96,0,7,29,109
18,3,96,0,6,25,109
18,4,96,0,5,25,109
18,5,96,0,4,25,109
18,6,97,0,3,26,109
19,1,101,0,2,29,109
19,2,102,0,1,28,109
19,3,103,0,0,29,109
19,4,104,0,-1,30,109
19,5,108,0,-2,34,109
19,6,109,0,-3,34,109
0,1,1,0,119,1,138
0,2,5,0,118,5,138
0,3,5,0,117,5,138
0,4,6,0,116,6,138
0,5,6,0,115,6,138
0,6,7,0,114,7,138
1,1,8,0,113,8,138
1,2,8,0,112,8,138
1,3,9,0,111,9,138
1,4,9,0,110,9,138
1,5,10,0,109,10,138
1,6,10,0,108,10,138
2,1,10,0,107,10,138
2,2,10,0,106,10,138
2,3,11,0,105,11,138
2,4,13,0,104,13,138
2,5,17,0,103,17,138
2,6,18,0,102,18,138
3,1,20,0,101,20,138
3,2,20,0,100,20,138
3,3,20,0,99,20,138
3,4,20,0,98,20,138
3,5,20,0,97,20,138
3,6,20,0,96,20,138
4,1,21,0,95,21,138
4,2,22,0,94,22,138
4,3,23,0,93,23,138
4,4,24,0,92,24,138
4,5,25,0,91,25,138
4,6,27,0,90,27,138
4,7,27,0,89,26,138
5,1,31,0,88,26,138
5,2,35,0,87,30,138
5,3,36,0,86,30,138
5,4,37,0,85,31,138
5,5,38,0,84,31,138
5,6,39,0,83,31,138
6,1,40,0,82,32,138
6,2,41,0,81,32,138
6,3,44,0,80,35,138
6,4,44,0,79,34,138
6,5,44,0,78,34,138
6,6,44,0,77,34,138
7,1,46,0,76,36,138
7,2,47,0,75,36,138
7,3,47,0,74,34,138
7,4,48,0,73,31,138
7,5,49,0,72,31,138
7,6,51,0,71,31,138
8,1,51,0,70,31,138
8,2,52,0,69,32,138
8,3,56,0,68,36,138
8,4,57,0,67,37,138
8,5,59,0,66,39,138
8,6,59,0,65,38,138
9,1,59,0,64,37,138
9,2,60,0,63,37,138
9,3,61,0,62,37,138
9,4,61,0,61,36,138
9,5,62,0,60,35,138
9,6,63,0,59,36,138
10,1,66,0,58,35,138
10,2,66,0,57,31,138
10,3,67,0,56,31,138
10,4,71,0,55,34,138
10,5,73,0,54,35,138
10,6,75,0,53,36,138
11,1,77,0,52,37,138
11,2,77,0,51,36,138
11,3,84,0,50,40,138
11,4,90,0,49,46,138
11,5,91,0,48,47,138
11,6,92,0,47,48,138
11,7,93,0,46,47,138
12,1,93,0,45,46,138
12,2,95,0,44,48,138
12,3,95,0,43,47,138
12,4,99,0,42,50,138
12,5,100,0,41,49,138
12,6,101,0,40,50,138
13,1,105,0,39,53,138
13,2,106,0,38,50,138
13,3,106,0,37,49,138
13,4,108,0,36,49,138
13,5,110,0,35,51,138
13,6,110,0,34,51,138
14,1,110,0,33,50,138
14,2,111,0,32,50,138
14,3,111,0,31,50,138
14,4,112,0,30,50,138
14,5,113,0,29,50,138
14,6,114,0,28,48,138
15,1,115,0,27,49,138
15,2,116,0,26,49,138
15,3,117,0,25,46,138
15,4,117,0,24,44,138
15,5,117,0,23,42,138
15,6,118,0,22,41,138
16,1,119,0,21,42,138
16,2,119,0,20,35,138
16,3,120,0,19,30,138
16,4,122,0,18,31,138
16,5,122,0,17,30,138
16,6,124,0,16,31,138
17,1,125,0,15,32,138
17,2,125,0,14,30,138
17,3,125,0,13,30,138
17,4,125,0,12,26,138
17,5,126,0,11,26,138
17,6,127,0,10,26,138
18,1,129,0,9,24,138
18,2,130,0,8,24,138
18,3,130,0,7,24,138
18,4,131,0,6,23,138
18,5,133,0,5,23,138
18,6,134,0,4,24,138
19,1,135,0,3,25,138
19,2,135,0,2,24,138
19,3,135,0,1,24,138
19,4,135,0,0,23,138
19,5,136,0,-1,23,138
19,6,138,0,-2,24,138
0,1,0,0,119,0,137
0,2,0,0,118,0,137
0,3,0,0,117,0,137
0,4,1,0,116,1,137
0,5,2,0,115,2,137
0,6,2,0,114,2,137
1,1,2,0,113,2,137
1,2,2,0,112,2,137
1,3,6,0,111,6,137
1,4,6,0,110,6,137
1,5,6,0,109,6,137
1,6,6,0,108,6,137
2,1,7,0,107,7,137
2,2,8,0,106,8,137
2,3,12,0,105,12,137
2,4,12,0,104,12,137
2,5,13,0,103,13,137
2,6,14,0,102,14,137
3,1,18,0,101,18,137
3,2,21,0,100,21,137
3,3,21,0,99,21,137
3,4,26,0,98,26,137
3,5,26,0,97,26,137
3,6,27,0,96,27,137
3,7,27,0,95,27,137
3,8,27,0,94,27,137
4,1,28,0,93,28,137
4,2,28,0,92,28,137
4,3,28,0,91,28,137
4,4,29,0,90,29,137
4,5,29,0,89,29,137
4,6,33,0,88,33,137
4,7,33,0,87,33,137
5,1,33,0,86,32,137
5,2,33,0,85,31,137
5,3,37,0,84,35,137
5,4,38,0,83,36,137
5,5,38,0,82,36,137
5,6,38,0,81,32,137
6,1,39,0,80,33,137
6,2,40,0,79,34,137
6,3,40,0,78,34,137
6,4,41,0,77,34,137
6,5,42,0,76,34,137
6,6,43,0,75,31,137
7,1,44,0,74,32,137
7,2,45,0,73,32,137
7,3,47,0,72,33,137
7,4,51,0,71,33,137
7,5,51,0,70,30,137
7,6,51,0,69,30,137
8,1,57,0,68,31,137
8,2,57,0,67,31,137
8,3,61,0,66,34,137
8,4,61,0,65,34,137
8,5,62,0,64,35,137
8,6,62,0,63,34,137
9,1,63,0,62,35,137
9,2,63,0,61,35,137
9,3,63,0,60,34,137
9,4,65,0,59,36,137
9,5,65,0,58,32,137
9,6,65,0,57,32,137
10,1,66,0,56,33,137
10,2,67,0,55,34,137
10,3,68,0,54,31,137
10,4,69,0,53,31,137
10,5,69,0,52,31,137
10,6,73,0,51,35,137
10,7,73,0,50,34,137
10,8,73,0,49,33,137
11,1,73,0,48,33,137
11,2,75,0,47,34,137
11,3,76,0,46,34,137
11,4,77,0,45,34,137
11,5,77,0,44,33,137
11,6,78,0,43,33,137
12,1,78,0,42,31,137
12,2,78,0,41,27,137
12,3,78,0,40,27,137
12,4,79,0,39,28,137
12,5,81,0,38,24,137
12,6,85,0,37,28,137
13,1,86,0,36,25,137
13,2,87,0,35,26,137
13,3,87,0,34,25,137
13,4,87,0,33,25,137
13,5,88,0,32,25,137
13,6,88,0,31,25,137
14,1,88,0,30,25,137
14,2,88,0,29,23,137
14,3,88,0,28,23,137
14,4,89,0,27,24,137
14,5,90,0,26,24,137
14,6,91,0,25,24,137
15,1,91,0,24,23,137
15,2,92,0,23,23,137
15,3,92,0,22,23,137
15,4,93,0,21,20,137
15,5,97,0,20,24,137
15,6,97,0,19,24,137
16,1,103,0,18,30,137
16,2,105,0,17,30,137
16,3,105,0,16,29,137
16,4,105,0,15,28,137
16,5,105,0,14,28,137
16,6,106,0,13,28,137
17,1,106,0,12,28,137
17,2,108,0,11,30,137
17,3,112,0,10,34,137
17,4,112,0,9,33,137
17,5,113,0,8,32,137
17,6,114,0,7,29,137
18,1,115,0,6,29,137
18,2,116,0,5,29,137
18,3,117,0,4,30,137
18,4,121,0,3,34,137
18,5,122,0,2,34,137
18,6,123,0,1,35,137
19,1,123,0,0,35,137
19,2,124,0,-1,36,137
19,3,128,0,-2,40,137
19,4,129,0,-3,40,137
19,5,133,0,-4,43,137
19,6,137,0,-5,46,137
0,1,1,0,119,1,140
0,2,2,0,118,2,140
0,3,3,0,117,3,140
0,4,3,0,116,3,140
0,5,3,0,115,3,140
0,6,7,0,114,7,140
1,1,7,0,113,7,140
1,2,7,0,112,7,140
1,3,9,0,111,9,140
1,4,13,0,110,13,140
1,5,13,0,109,13,140
1,6,14,0,108,14,140
2,1,14,0,107,14,140
2,2,14,0,106,14,140
2,3,15,0,105,15,140
2,4,21,0,104,21,140
2,5,25,0,103,25,140
2,6,25,0,102,25,140
3,1,25,0,101,25,140
3,2,25,0,100,25,140
3,3,25,0,99,25,140
3,4,25,0,98,25,140
3,5,25,0,97,25,140
3,6,26,0,96,26,140
4,1,26,0,95,26,140
4,2,26,0,94,26,140
4,3,26,0,93,26,140
4,4,27,0,92,27,140
4,5,28,0,91,28,140
4,6,29,0,90,29,140
5,1,29,0,89,28,140
5,2,35,0,88,33,140
5,3,36,0,87,33,140
5,4,36,0,86,33,140
5,5,40,0,85,37,140
5,6,40,0,84,33,140
6,1,42,0,83,35,140
6,2,43,0,82,36,140
6,3,44,0,81,35,140
6,4,44,0,80,31,140
6,5,45,0,79,32,140
6,6,46,0,78,32,140
7,1,46,0,77,32,140
7,2,47,0,76,33,140
7,3,47,0,75,32,140
7,4,49,0,74,28,140
7,5,55,0,73,30,140
7,6,56,0,72,31,140
8,1,56,0,71,31,140
8,2,57,0,70,32,140
8,3,57,0,69,32,140
8,4,57,0,68,32,140
8,5,57,0,67,32,140
8,6,58,0,66,32,140
9,1,59,0,65,33,140
9,2,59,0,64,33,140
9,3,60,0,63,34,140
9,4,60,0,62,33,140
9,5,60,0,61,32,140
9,6,61,0,60,32,140
10,1,62,0,59,33,140
10,2,62,0,58,27,140
10,3,63,0,57,27,140
10,4,64,0,56,28,140
10,5,65,0,55,25,140
10,6,66,0,54,26,140
11,1,66,0,53,24,140
11,2,68,0,52,25,140
11,3,74,0,51,30,140
11,4,74,0,50,30,140
11,5,74,0,49,29,140
11,6,75,0,48,29,140
12,1,76,0,47,30,140
12,2,77,0,46,30,140
12,3,77,0,45,30,140
12,4,77,0,44,28,140
12,5,78,0,43,23,140
12,6,78,0,42,22,140
13,1,79,0,41,23,140
13,2,80,0,40,23,140
13,3,81,0,39,24,140
13,4,81,0,38,24,140
13,5,82,0,37,25,140
13,6,83,0,36,25,140
14,1,84,0,35,25,140
14,2,90,0,34,31,140
14,3,91,0,33,31,140
14,4,92,0,32,32,140
14,5,92,0,31,32,140
14,6,93,0,30,32,140
15,1,94,0,29,32,140
15,2,95,0,28,33,140
15,3,96,0,27,33,140
15,4,96,0,26,32,140
15,5,97,0,25,32,140
15,6,101,0,24,35,140
16,1,107,0,23,41,140
16,2,108,0,22,40,140
16,3,109,0,21,35,140
16,4,110,0,20,36,140
16,5,111,0,19,37,140
16,6,112,0,18,37,140
17,1,112,0,17,36,140
17,2,113,0,16,36,140
17,3,114,0,15,37,140
17,4,115,0,14,38,140
17,5,116,0,13,38,140
17,6,118,0,12,40,140
18,1,122,0,11,43,140
18,2,122,0,10,42,140
18,3,123,0,9,42,140
18,4,124,0,8,43,140
18,5,125,0,7,43,140
18,6,126,0,6,43,140
19,1,126,0,5,42,140
19,2,132,0,4,42,140
19,3,134,0,3,43,140
19,4,135,0,2,43,140
19,5,136,0,1,44,140
19,6,140,0,0,47,140
0,1,0,0,119,0,216
0,2,1,0,118,1,216
0,3,2,0,117,2,216
0,4,2,0,116,2,216
0,5,3,0,115,3,216
0,6,3,0,114,3,216
1,1,3,0,113,3,216
1,2,3,0,112,3,216
1,3,5,0,111,5,216
1,4,9,0,110,9,216
1,5,10,0,109,10,216
1,6,10,0,108,10,216
2,1,16,0,107,16,216
2,2,20,0,106,20,216
2,3,20,0,105,20,216
2,4,26,0,104,26,216
2,5,26,0,103,26,216
2,6,26,0,102,26,216
3,1,27,0,101,27,216
3,2,27,0,100,27,216
3,3,31,0,99,31,216
3,4,32,0,98,32,216
3,5,38,0,97,38,216
3,6,42,0,96,42,216
3,7,42,0,95,42,216
4,1,43,0,94,43,216
4,2,47,0,93,47,216
4,3,53,0,92,53,216
4,4,54,0,91,54,216
4,5,58,0,90,58,216
4,6,62,0,89,62,216
5,1,63,0,88,62,216
5,2,64,0,87,62,216
5,3,68,0,86,66,216
5,4,72,0,85,69,216
5,5,73,0,84,70,216
5,6,73,0,83,70,216
6,1,74,0,82,71,216
6,2,76,0,81,71,216
6,3,77,0,80,68,216
6,4,78,0,79,68,216
6,5,80,0,78,70,216
6,6,81,0,77,65,216
7,1,83,0,76,63,216
7,2,87,0,75,67,216
7,3,88,0,74,62,216
7,4,90,0,73,64,216
7,5,92,0,72,66,216
7,6,94,0,71,67,216
8,1,94,0,70,67,216
8,2,94,0,69,63,216
8,3,95,0,68,63,216
8,4,96,0,67,58,216
8,5,97,0,66,55,216
8,6,98,0,65,56,216
9,1,101,0,64,58,216
9,2,102,0,63,55,216
9,3,104,0,62,51,216
9,4,108,0,61,54,216
9,5,110,0,60,52,216
9,6,111,0,59,49,216
10,1,112,0,58,49,216
10,2,113,0,57,49,216
10,3,113,0,56,45,216
10,4,114,0,55,42,216
10,5,115,0,54,42,216
10,6,115,0,53,42,216
11,1,117,0,52,43,216
11,2,117,0,51,41,216
11,3,118,0,50,41,216
11,4,118,0,49,40,216
11,5,119,0,48,39,216
11,6,120,0,47,39,216
12,1,121,0,46,38,216
12,2,123,0,45,36,216
12,3,124,0,44,36,216
12,4,124,0,43,34,216
12,5,126,0,42,34,216
12,6,130,0,41,36,216
13,1,135,0,40,41,216
13,2,136,0,39,42,216
13,3,138,0,38,43,216
13,4,138,0,37,42,216
13,5,138,0,36,41,216
13,6,139,0,35,41,216
13,7,139,0,34,38,216
14,1,140,0,33,38,216
14,2,141,0,32,37,216
14,3,143,0,31,35,216
14,4,143,0,30,33,216
14,5,144,0,29,33,216
14,6,150,0,28,38,216
15,1,151,0,27,38,216
15,2,151,0,26,38,216
15,3,151,0,25,37,216
15,4,153,0,24,38,216
15,5,155,0,23,40,216
15,6,155,0,22,38,216
16,1,156,0,21,39,216
16,2,162,0,20,44,216
16,3,163,0,19,45,216
16,4,164,0,18,45,216
16,5,168,0,17,48,216
16,6,174,0,16,53,216
17,1,176,0,15,53,216
17,2,177,0,14,53,216
17,3,178,0,13,54,216
17,4,180,0,12,54,216
17,5,181,0,11,51,216
17,6,182,0,10,47,216
18,1,186,0,9,50,216
18,2,189,0,8,51,216
18,3,191,0,7,53,216
18,4,197,0,6,59,216
18,5,201,0,5,62,216
18,6,205,0,4,66,216
19,1,206,0,3,66,216
19,2,210,0,2,69,216
19,3,211,0,1,68,216
19,4,212,0,0,69,216
19,5,216,0,-1,72,216
19,6,216,0,-2,66,216
0,1,0,0,119,0,111
0,2,0,0,118,0,111
0,3,6,0,117,6,111
0,4,7,0,116,7,111
0,5,7,0,115,7,111
0,6,8,0,114,8,111
1,1,8,0,113,8,111
1,2,8,0,112,8,111
1,3,10,0,111,10,111
1,4,10,0,110,10,111
1,5,14,0,109,14,111
1,6,15,0,108,15,111
2,1,16,0,107,16,111
2,2,17,0,106,17,111
2,3,21,0,105,21,111
2,4,22,0,104,22,111
2,5,23,0,103,23,111
2,6,24,0,102,24,111
3,1,24,0,101,24,111
3,2,24,0,100,24,111
3,3,25,0,99,25,111
3,4,25,0,98,25,111
3,5,26,0,97,26,111
3,6,27,0,96,27,111
4,1,27,0,95,27,111
4,2,27,0,94,27,111
4,3,28,0,93,28,111
4,4,32,0,92,32,111
4,5,33,0,91,33,111
4,6,35,0,90,35,111
4,7,35,0,89,35,111
5,1,35,0,88,35,111
5,2,39,0,87,33,111
5,3,39,0,86,32,111
5,4,39,0,85,32,111
5,5,40,0,84,32,111
5,6,41,0,83,33,111
6,1,41,0,82,33,111
6,2,41,0,81,31,111
6,3,42,0,80,32,111
6,4,44,0,79,30,111
6,5,44,0,78,29,111
6,6,45,0,77,29,111
7,1,46,0,76,29,111
7,2,46,0,75,25,111
7,3,47,0,74,25,111
7,4,47,0,73,24,111
7,5,48,0,72,24,111
7,6,49,0,71,25,111
8,1,49,0,70,25,111
8,2,50,0,69,25,111
8,3,51,0,68,26,111
8,4,52,0,67,26,111
8,5,53,0,66,26,111
8,6,53,0,65,26,111
9,1,56,0,64,29,111
9,2,57,0,63,29,111
9,3,57,0,62,25,111
9,4,57,0,61,24,111
9,5,58,0,60,23,111
9,6,58,0,59,23,111
10,1,59,0,58,24,111
10,2,59,0,57,20,111
10,3,60,0,56,21,111
10,4,61,0,55,22,111
10,5,61,0,54,21,111
10,6,62,0,53,21,111
11,1,63,0,52,22,111
11,2,64,0,51,23,111
11,3,65,0,50,23,111
11,4,68,0,49,24,111
11,5,68,0,48,24,111
11,6,69,0,47,24,111
12,1,71,0,46,25,111
12,2,72,0,45,26,111
12,3,72,0,44,25,111
12,4,73,0,43,26,111
12,5,74,0,42,26,111
12,6,75,0,41,26,111
13,1,77,0,40,28,111
13,2,78,0,39,28,111
13,3,78,0,38,27,111
13,4,78,0,37,26,111
13,5,79,0,36,26,111
13,6,79,0,35,26,111
14,1,80,0,34,24,111
14,2,80,0,33,23,111
14,3,80,0,32,23,111
14,4,80,0,31,23,111
14,5,81,0,30,23,111
14,6,87,0,29,29,111
15,1,88,0,28,29,111
15,2,89,0,27,30,111
15,3,90,0,26,30,111
15,4,90,0,25,29,111
15,5,90,0,24,29,111
15,6,90,0,23,28,111
16,1,91,0,22,28,111
16,2,92,0,21,28,111
16,3,93,0,20,28,111
16,4,95,0,19,27,111
16,5,96,0,18,28,111
16,6,97,0,17,28,111
17,1,97,0,16,26,111
17,2,97,0,15,25,111
17,3,97,0,14,25,111
17,4,97,0,13,24,111
17,5,97,0,12,23,111
17,6,98,0,11,23,111
18,1,99,0,10,22,111
18,2,99,0,9,21,111
18,3,100,0,8,22,111
18,4,102,0,7,24,111
18,5,103,0,6,24,111
18,6,104,0,5,25,111
19,1,105,0,4,25,111
19,2,107,0,3,27,111
19,3,108,0,2,28,111
19,4,108,0,1,28,111
19,5,109,0,0,28,111
19,6,111,0,-1,24,111
0,1,0,0,119,0,107
0,2,0,0,118,0,107
0,3,4,0,117,4,107
0,4,4,0,116,4,107
0,5,5,0,115,5,107
0,6,6,0,114,6,107
1,1,6,0,113,6,107
1,2,7,0,112,7,107
1,3,9,0,111,9,107
1,4,10,0,110,10,107
1,5,14,0,109,14,107
1,6,14,0,108,14,107
1,7,14,0,107,14,107
1,8,14,0,106,14,107
2,1,14,0,105,14,107
2,2,14,0,104,14,107
2,3,18,0,103,18,107
2,4,19,0,102,19,107
2,5,19,0,101,19,107
2,6,23,0,100,23,107
3,1,23,0,99,23,107
3,2,23,0,98,23,107
3,3,23,0,97,23,107
3,4,23,0,96,23,107
3,5,23,0,95,23,107
3,6,23,0,94,23,107
4,1,23,0,93,23,107
4,2,23,0,92,23,107
4,3,24,0,91,24,107
4,4,26,0,90,26,107
4,5,27,0,89,27,107
4,6,28,0,88,28,107
5,1,28,0,87,24,107
5,2,29,0,86,25,107
5,3,29,0,85,24,107
5,4,29,0,84,23,107
5,5,29,0,83,23,107
5,6,29,0,82,22,107
6,1,29,0,81,20,107
6,2,30,0,80,20,107
6,3,31,0,79,17,107
6,4,31,0,78,17,107
6,5,31,0,77,17,107
6,6,31,0,76,17,107
7,1,31,0,75,17,107
7,2,31,0,74,17,107
7,3,32,0,73,14,107
7,4,32,0,72,13,107
7,5,32,0,71,13,107
7,6,33,0,70,10,107
8,1,35,0,69,12,107
8,2,36,0,68,13,107
8,3,36,0,67,13,107
8,4,36,0,66,13,107
8,5,36,0,65,13,107
8,6,36,0,64,13,107
9,1,36,0,63,13,107
9,2,36,0,62,13,107
9,3,38,0,61,14,107
9,4,38,0,60,12,107
9,5,38,0,59,11,107
9,6,39,0,58,11,107
10,1,40,0,57,12,107
10,2,41,0,56,12,107
10,3,42,0,55,13,107
10,4,43,0,54,14,107
10,5,44,0,53,15,107
10,6,46,0,52,17,107
10,7,46,0,51,17,107
11,1,47,0,50,17,107
11,2,47,0,49,16,107
11,3,49,0,48,18,107
11,4,49,0,47,18,107
11,5,50,0,46,19,107
11,6,52,0,45,21,107
12,1,52,0,44,21,107
12,2,53,0,43,21,107
12,3,54,0,42,22,107
12,4,54,0,41,22,107
12,5,55,0,40,22,107
12,6,55,0,39,20,107
13,1,55,0,38,19,107
13,2,56,0,37,20,107
13,3,57,0,36,21,107
13,4,57,0,35,21,107
13,5,58,0,34,22,107
13,6,58,0,33,22,107
14,1,59,0,32,23,107
14,2,60,0,31,22,107
14,3,61,0,30,23,107
14,4,61,0,29,23,107
14,5,65,0,28,26,107
14,6,69,0,27,29,107
15,1,69,0,26,28,107
15,2,71,0,25,29,107
15,3,72,0,24,29,107
15,4,72,0,23,28,107
15,5,73,0,22,27,107
15,6,74,0,21,28,107
16,1,75,0,20,28,107
16,2,75,0,19,28,107
16,3,76,0,18,27,107
16,4,78,0,17,29,107
16,5,84,0,16,34,107
16,6,85,0,15,33,107
17,1,86,0,14,34,107
17,2,92,0,13,39,107
17,3,94,0,12,40,107
17,4,94,0,11,40,107
17,5,95,0,10,40,107
17,6,96,0,9,41,107
18,1,96,0,8,41,107
18,2,97,0,7,41,107
18,3,98,0,6,41,107
18,4,99,0,5,42,107
18,5,101,0,4,43,107
18,6,102,0,3,44,107
19,1,103,0,2,44,107
19,2,103,0,1,43,107
19,3,104,0,0,43,107
19,4,105,0,-1,44,107
19,5,105,0,-2,40,107
19,6,107,0,-3,38,107
0,1,5,0,119,5,181
0,2,6,0,118,6,181
0,3,6,0,117,6,181
0,4,6,0,116,6,181
0,5,6,0,115,6,181
0,6,7,0,114,7,181
0,7,7,0,113,7,181
1,1,7,0,112,7,181
1,2,7,0,111,7,181
1,3,7,0,110,7,181
1,4,8,0,109,8,181
1,5,8,0,108,8,181
1,6,8,0,107,8,181
2,1,10,0,106,10,181
2,2,11,0,105,11,181
2,3,13,0,104,13,181
2,4,14,0,103,14,181
2,5,14,0,102,14,181
2,6,15,0,101,15,181
2,7,16,0,100,16,181
3,1,20,0,99,20,181
3,2,20,0,98,20,181
3,3,21,0,97,21,181
3,4,22,0,96,22,181
3,5,22,0,95,22,181
3,6,22,0,94,22,181
4,1,26,0,93,26,181
4,2,26,0,92,26,181
4,3,26,0,91,26,181
4,4,32,0,90,32,181
4,5,33,0,89,28,181
4,6,33,0,88,27,181
5,1,34,0,87,28,181
5,2,36,0,86,30,181
5,3,40,0,85,34,181
5,4,42,0,84,35,181
5,5,46,0,83,39,181
5,6,50,0,82,43,181
6,1,51,0,81,44,181
6,2,51,0,80,44,181
6,3,52,0,79,44,181
6,4,53,0,78,45,181
6,5,53,0,77,45,181
6,6,53,0,76,43,181
7,1,54,0,75,43,181
7,2,54,0,74,41,181
7,3,60,0,73,46,181
7,4,64,0,72,50,181
7,5,66,0,71,51,181
7,6,67,0,70,51,181
8,1,68,0,69,48,181
8,2,69,0,68,49,181
8,3,69,0,67,48,181
8,4,70,0,66,48,181
8,5,71,0,65,49,181
8,6,73,0,64,51,181
9,1,73,0,63,47,181
9,2,74,0,62,48,181
9,3,75,0,61,49,181
9,4,76,0,60,44,181
9,5,82,0,59,49,181
9,6,88,0,58,55,181
10,1,90,0,57,56,181
10,2,92,0,56,56,181
10,3,96,0,55,56,181
10,4,96,0,54,54,181
10,5,99,0,53,53,181
10,6,100,0,52,50,181
11,1,100,0,51,49,181
11,2,101,0,50,50,181
11,3,102,0,49,50,181
11,4,103,0,48,50,181
11,5,103,0,47,50,181
11,6,104,0,46,51,181
12,1,106,0,45,52,181
12,2,110,0,44,56,181
12,3,110,0,43,50,181
12,4,114,0,42,50,181
12,5,115,0,41,49,181
12,6,115,0,40,48,181
13,1,116,0,39,48,181
13,2,116,0,38,47,181
13,3,117,0,37,48,181
13,4,118,0,36,48,181
13,5,124,0,35,53,181
13,6,125,0,34,52,181
14,1,129,0,33,56,181
14,2,129,0,32,55,181
14,3,130,0,31,55,181
14,4,131,0,30,55,181
14,5,131,0,29,49,181
14,6,131,0,28,43,181
15,1,132,0,27,42,181
15,2,133,0,26,41,181
15,3,139,0,25,43,181
15,4,141,0,24,45,181
15,5,142,0,23,43,181
15,6,146,0,22,46,181
16,1,146,0,21,46,181
16,2,147,0,20,46,181
16,3,148,0,19,46,181
16,4,152,0,18,49,181
16,5,154,0,17,51,181
16,6,155,0,16,51,181
17,1,156,0,15,50,181
17,2,158,0,14,48,181
17,3,159,0,13,49,181
17,4,161,0,12,47,181
17,5,163,0,11,48,181
17,6,169,0,10,54,181
18,1,170,0,9,54,181
18,2,171,0,8,55,181
18,3,171,0,7,54,181
18,4,172,0,6,54,181
18,5,172,0,5,48,181
18,6,175,0,4,50,181
19,1,176,0,3,47,181
19,2,178,0,2,49,181
19,3,179,0,1,49,181
19,4,180,0,0,49,181
19,5,180,0,-1,49,181
19,6,181,0,-2,50,181
0,1,1,0,119,1,124
0,2,1,0,118,1,124
0,3,1,0,117,1,124
0,4,2,0,116,2,124
0,5,6,0,115,6,124
0,6,10,0,114,10,124
1,1,10,0,113,10,124
1,2,10,0,112,10,124
1,3,11,0,111,11,124
1,4,13,0,110,13,124
1,5,17,0,109,17,124
1,6,17,0,108,17,124
1,7,17,0,107,17,124
2,1,18,0,106,18,124
2,2,20,0,105,20,124
2,3,20,0,104,20,124
2,4,22,0,103,22,124
2,5,23,0,102,23,124
2,6,27,0,101,27,124
2,7,28,0,100,28,124
3,1,28,0,99,28,124
3,2,28,0,98,28,124
3,3,29,0,97,29,124
3,4,29,0,96,29,124
3,5,29,0,95,29,124
3,6,29,0,94,29,124
4,1,30,0,93,30,124
4,2,31,0,92,31,124
4,3,32,0,91,32,124
4,4,33,0,90,33,124
4,5,34,0,89,33,124
4,6,34,0,88,33,124
5,1,34,0,87,33,124
5,2,34,0,86,32,124
5,3,38,0,85,32,124
5,4,39,0,84,29,124
5,5,41,0,83,31,124
5,6,42,0,82,32,124
5,7,42,0,81,31,124
6,1,43,0,80,30,124
6,2,44,0,79,27,124
6,3,46,0,78,29,124
6,4,47,0,77,30,124
6,5,47,0,76,29,124
6,6,47,0,75,27,124
7,1,48,0,74,28,124
7,2,52,0,73,30,124
7,3,52,0,72,29,124
7,4,52,0,71,25,124
7,5,52,0,70,24,124
7,6,52,0,69,24,124
8,1,52,0,68,24,124
8,2,52,0,67,23,124
8,3,52,0,66,23,124
8,4,53,0,65,24,124
8,5,53,0,64,24,124
8,6,53,0,63,23,124
9,1,54,0,62,23,124
9,2,60,0,61,28,124
9,3,62,0,60,29,124
9,4,62,0,59,28,124
9,5,62,0,58,28,124
9,6,62,0,57,28,124
10,1,63,0,56,29,124
10,2,64,0,55,26,124
10,3,64,0,54,25,124
10,4,64,0,53,23,124
10,5,64,0,52,22,124
10,6,64,0,51,22,124
11,1,64,0,50,21,124
11,2,70,0,49,26,124
11,3,70,0,48,24,124
11,4,70,0,47,23,124
11,5,76,0,46,29,124
11,6,77,0,45,30,124
12,1,77,0,44,29,124
12,2,77,0,43,25,124
12,3,79,0,42,27,124
12,4,80,0,41,28,124
12,5,81,0,40,29,124
12,6,82,0,39,30,124
13,1,82,0,38,30,124
13,2,83,0,37,31,124
13,3,84,0,36,32,124
13,4,84,0,35,31,124
13,5,85,0,34,32,124
13,6,85,0,33,32,124
14,1,85,0,32,31,124
14,2,89,0,31,29,124
14,3,89,0,30,27,124
14,4,90,0,29,28,124
14,5,90,0,28,28,124
14,6,90,0,27,28,124
15,1,90,0,26,27,124
15,2,90,0,25,26,124
15,3,91,0,24,27,124
15,4,92,0,23,28,124
15,5,93,0,22,29,124
15,6,94,0,21,30,124
16,1,95,0,20,31,124
16,2,101,0,19,31,124
16,3,102,0,18,32,124
16,4,106,0,17,36,124
16,5,108,0,16,32,124
16,6,111,0,15,34,124
16,7,116,0,14,39,124
17,1,119,0,13,42,124
17,2,121,0,12,42,124
17,3,122,0,11,42,124
17,4,123,0,10,42,124
17,5,124,0,9,42,124
17,6,124,0,8,42,124
0,1,0,0,119,0,159
0,2,0,0,118,0,159
0,3,4,0,117,4,159
0,4,4,0,116,4,159
0,5,4,0,115,4,159
0,6,5,0,114,5,159
1,1,9,0,113,9,159
1,2,9,0,112,9,159
1,3,9,0,111,9,159
1,4,13,0,110,13,159
1,5,14,0,109,14,159
1,6,18,0,108,18,159
2,1,22,0,107,22,159
2,2,22,0,106,22,159
2,3,23,0,105,23,159
2,4,23,0,104,23,159
2,5,25,0,103,25,159
2,6,27,0,102,27,159
2,7,28,0,101,28,159
3,1,29,0,100,29,159
3,2,29,0,99,29,159
3,3,30,0,98,30,159
3,4,32,0,97,32,159
3,5,33,0,96,33,159
3,6,33,0,95,33,159
4,1,35,0,94,35,159
4,2,36,0,93,36,159
4,3,36,0,92,36,159
4,4,37,0,91,37,159
4,5,43,0,90,43,159
4,6,43,0,89,43,159
5,1,44,0,88,44,159
5,2,46,0,87,42,159
5,3,48,0,86,44,159
5,4,48,0,85,44,159
5,5,48,0,84,43,159
5,6,48,0,83,39,159
6,1,50,0,82,41,159
6,2,52,0,81,43,159
6,3,56,0,80,43,159
6,4,56,0,79,42,159
6,5,57,0,78,39,159
6,6,57,0,77,35,159
7,1,57,0,76,35,159
7,2,57,0,75,34,159
7,3,57,0,74,34,159
7,4,58,0,73,33,159
7,5,62,0,72,35,159
7,6,63,0,71,35,159
8,1,63,0,70,34,159
8,2,64,0,69,35,159
8,3,65,0,68,35,159
8,4,66,0,67,34,159
8,5,66,0,66,33,159
8,6,70,0,65,37,159
8,7,71,0,64,36,159
9,1,72,0,63,36,159
9,2,72,0,62,36,159
9,3,74,0,61,37,159
9,4,75,0,60,32,159
9,5,76,0,59,33,159
9,6,80,0,58,36,159
10,1,81,0,57,35,159
10,2,82,0,56,34,159
10,3,83,0,55,35,159
10,4,84,0,54,36,159
10,5,84,0,53,36,159
10,6,88,0,52,38,159
11,1,89,0,51,37,159
11,2,89,0,50,33,159
11,3,91,0,49,35,159
11,4,92,0,48,35,159
11,5,95,0,47,38,159
11,6,96,0,46,39,159
12,1,96,0,45,39,159
12,2,96,0,44,39,159
12,3,96,0,43,38,159
12,4,96,0,42,34,159
12,5,100,0,41,37,159
12,6,102,0,40,39,159
13,1,104,0,39,40,159
13,2,105,0,38,40,159
13,3,105,0,37,39,159
13,4,107,0,36,41,159
13,5,108,0,35,38,159
13,6,108,0,34,37,159
14,1,108,0,33,36,159
14,2,112,0,32,40,159
14,3,112,0,31,38,159
14,4,115,0,30,40,159
14,5,116,0,29,40,159
14,6,117,0,28,37,159
15,1,117,0,27,36,159
15,2,119,0,26,37,159
15,3,123,0,25,40,159
15,4,123,0,24,39,159
15,5,124,0,23,40,159
15,6,125,0,22,37,159
16,1,125,0,21,36,159
16,2,126,0,20,37,159
16,3,126,0,19,35,159
16,4,130,0,18,38,159
16,5,134,0,17,39,159
16,6,138,0,16,42,159
17,1,139,0,15,43,159
17,2,139,0,14,43,159
17,3,139,0,13,43,159
17,4,140,0,12,44,159
17,5,141,0,11,41,159
17,6,142,0,10,40,159
18,1,144,0,9,40,159
18,2,146,0,8,41,159
18,3,147,0,7,42,159
18,4,147,0,6,40,159
18,5,149,0,5,41,159
18,6,150,0,4,42,159
19,1,151,0,3,43,159
19,2,153,0,2,41,159
19,3,154,0,1,42,159
19,4,158,0,0,43,159
19,5,158,0,-1,42,159
19,6,159,0,-2,42,159
0,1,0,0,119,0,147
0,2,1,0,118,1,147
0,3,1,0,117,1,147
0,4,5,0,116,5,147
0,5,6,0,115,6,147
0,6,6,0,114,6,147
1,1,6,0,113,6,147
1,2,10,0,112,10,147
1,3,10,0,111,10,147
1,4,11,0,110,11,147
1,5,15,0,109,15,147
1,6,19,0,108,19,147
2,1,19,0,107,19,147
2,2,23,0,106,23,147
2,3,23,0,105,23,147
2,4,24,0,104,24,147
2,5,30,0,103,30,147
2,6,30,0,102,30,147
3,1,30,0,101,30,147
3,2,30,0,100,30,147
3,3,30,0,99,30,147
3,4,30,0,98,30,147
3,5,31,0,97,31,147
3,6,35,0,96,35,147
4,1,35,0,95,35,147
4,2,35,0,94,35,147
4,3,35,0,93,35,147
4,4,35,0,92,35,147
4,5,36,0,91,36,147
4,6,37,0,90,37,147
4,7,41,0,89,41,147
4,8,41,0,88,40,147
5,1,41,0,87,40,147
5,2,41,0,86,36,147
5,3,41,0,85,35,147
5,4,41,0,84,35,147
5,5,41,0,83,35,147
5,6,41,0,82,31,147
6,1,41,0,81,31,147
6,2,45,0,80,34,147
6,3,46,0,79,31,147
6,4,47,0,78,28,147
6,5,48,0,77,29,147
6,6,49,0,76,26,147
6,7,53,0,75,30,147
7,1,53,0,74,29,147
7,2,57,0,73,27,147
7,3,57,0,72,27,147
7,4,57,0,71,27,147
7,5,57,0,70,27,147
7,6,57,0,69,27,147
8,1,58,0,68,28,147
8,2,60,0,67,29,147
8,3,62,0,66,27,147
8,4,63,0,65,28,147
8,5,64,0,64,29,147
8,6,64,0,63,29,147
9,1,65,0,62,30,147
9,2,66,0,61,30,147
9,3,66,0,60,29,147
9,4,68,0,59,27,147
9,5,69,0,58,28,147
9,6,70,0,57,29,147
10,1,72,0,56,31,147
10,2,73,0,55,32,147
10,3,75,0,54,34,147
10,4,76,0,53,35,147
10,5,77,0,52,36,147
10,6,77,0,51,36,147
10,7,79,0,50,34,147
11,1,80,0,49,34,147
11,2,82,0,48,35,147
11,3,82,0,47,34,147
11,4,82,0,46,33,147
11,5,82,0,45,29,147
11,6,83,0,44,30,147
12,1,84,0,43,27,147
12,2,84,0,42,27,147
12,3,85,0,41,28,147
12,4,85,0,40,28,147
12,5,86,0,39,29,147
12,6,86,0,38,28,147
13,1,86,0,37,26,147
13,2,86,0,36,24,147
13,3,87,0,35,24,147
13,4,87,0,34,23,147
13,5,88,0,33,24,147
13,6,89,0,32,24,147
14,1,90,0,31,24,147
14,2,90,0,30,24,147
14,3,91,0,29,23,147
14,4,92,0,28,23,147
14,5,96,0,27,26,147
14,6,97,0,26,25,147
15,1,98,0,25,25,147
15,2,99,0,24,24,147
15,3,100,0,23,24,147
15,4,104,0,22,27,147
15,5,105,0,21,28,147
15,6,106,0,20,27,147
16,1,108,0,19,28,147
16,2,109,0,18,27,147
16,3,110,0,17,28,147
16,4,111,0,16,29,147
16,5,112,0,15,30,147
16,6,114,0,14,31,147
17,1,115,0,13,31,147
17,2,116,0,12,32,147
17,3,117,0,11,32,147
17,4,121,0,10,36,147
17,5,127,0,9,41,147
17,6,128,0,8,42,147
18,1,129,0,7,43,147
18,2,130,0,6,44,147
18,3,132,0,5,45,147
18,4,134,0,4,47,147
18,5,135,0,3,47,147
18,6,136,0,2,47,147
19,1,137,0,1,47,147
19,2,141,0,0,51,147
19,3,142,0,-1,51,147
19,4,143,0,-2,51,147
19,5,143,0,-3,47,147
19,6,147,0,-4,50,147
0,1,0,0,119,0,169
0,2,0,0,118,0,169
0,3,0,0,117,0,169
0,4,1,0,116,1,169
0,5,1,0,115,1,169
0,6,2,0,114,2,169
1,1,2,0,113,2,169
1,2,3,0,112,3,169
1,3,4,0,111,4,169
1,4,4,0,110,4,169
1,5,5,0,109,5,169
1,6,6,0,108,6,169
2,1,7,0,107,7,169
2,2,11,0,106,11,169
2,3,11,0,105,11,169
2,4,13,0,104,13,169
2,5,14,0,103,14,169
2,6,14,0,102,14,169
2,7,18,0,101,18,169
3,1,18,0,100,18,169
3,2,22,0,99,22,169
3,3,22,0,98,22,169
3,4,22,0,97,22,169
3,5,23,0,96,23,169
3,6,24,0,95,24,169
4,1,24,0,94,24,169
4,2,25,0,93,25,169
4,3,26,0,92,26,169
4,4,27,0,91,27,169
4,5,27,0,90,27,169
4,6,27,0,89,27,169
4,7,28,0,88,28,169
4,8,28,0,87,28,169
5,1,32,0,86,31,169
5,2,32,0,85,31,169
5,3,32,0,84,30,169
5,4,33,0,83,31,169
5,5,37,0,82,34,169
5,6,43,0,81,39,169
6,1,43,0,80,39,169
6,2,43,0,79,38,169
6,3,43,0,78,37,169
6,4,43,0,77,36,169
6,5,44,0,76,33,169
6,6,45,0,75,34,169
7,1,45,0,74,32,169
7,2,46,0,73,32,169
7,3,47,0,72,33,169
7,4,48,0,71,30,169
7,5,49,0,70,31,169
7,6,49,0,69,27,169
8,1,49,0,68,27,169
8,2,50,0,67,28,169
8,3,51,0,66,28,169
8,4,52,0,65,28,169
8,5,53,0,64,29,169
8,6,56,0,63,31,169
8,7,56,0,62,30,169
9,1,56,0,61,29,169
9,2,57,0,60,30,169
9,3,59,0,59,32,169
9,4,60,0,58,32,169
9,5,61,0,57,33,169
9,6,62,0,56,30,169
9,7,63,0,55,31,169
10,1,63,0,54,31,169
10,2,64,0,53,31,169
10,3,65,0,52,28,169
10,4,67,0,51,24,169
10,5,68,0,50,25,169
10,6,68,0,49,25,169
11,1,69,0,48,26,169
11,2,73,0,47,30,169
11,3,73,0,46,29,169
11,4,73,0,45,28,169
11,5,74,0,44,29,169
11,6,78,0,43,32,169
12,1,78,0,42,31,169
12,2,80,0,41,32,169
12,3,80,0,40,31,169
12,4,80,0,39,31,169
12,5,81,0,38,32,169
12,6,82,0,37,32,169
13,1,83,0,36,32,169
13,2,84,0,35,32,169
13,3,84,0,34,31,169
13,4,84,0,33,28,169
13,5,85,0,32,29,169
13,6,91,0,31,35,169
13,7,91,0,30,34,169
14,1,92,0,29,33,169
14,2,92,0,28,32,169
14,3,93,0,27,32,169
14,4,97,0,26,35,169
14,5,98,0,25,35,169
14,6,102,0,24,39,169
15,1,104,0,23,40,169
15,2,104,0,22,39,169
15,3,105,0,21,38,169
15,4,106,0,20,38,169
15,5,107,0,19,39,169
15,6,113,0,18,44,169
15,7,114,0,17,41,169
15,8,115,0,16,42,169
16,1,115,0,15,42,169
16,2,121,0,14,47,169
16,3,127,0,13,49,169
16,4,128,0,12,50,169
16,5,134,0,11,54,169
16,6,140,0,10,60,169
17,1,141,0,9,61,169
17,2,143,0,8,62,169
17,3,143,0,7,61,169
17,4,143,0,6,60,169
17,5,144,0,5,60,169
17,6,150,0,4,66,169
18,1,152,0,3,68,169
18,2,153,0,2,68,169
18,3,154,0,1,63,169
18,4,154,0,0,63,169
18,5,160,0,-1,68,169
18,6,161,0,-2,69,169
19,1,161,0,-3,68,169
19,2,163,0,-4,66,169
19,3,165,0,-5,67,169
19,4,167,0,-6,65,169
19,5,169,0,-7,65,169
19,6,169,0,-8,65,169
0,1,1,0,119,1,117
0,2,5,0,118,5,117
0,3,7,0,117,7,117
0,4,7,0,116,7,117
0,5,8,0,115,8,117
0,6,8,0,114,8,117
1,1,10,0,113,10,117
1,2,16,0,112,16,117
1,3,16,0,111,16,117
1,4,20,0,110,20,117
1,5,20,0,109,20,117
1,6,24,0,108,24,117
2,1,24,0,107,24,117
2,2,26,0,106,26,117
2,3,26,0,105,26,117
2,4,27,0,104,27,117
2,5,28,0,103,28,117
2,6,28,0,102,28,117
3,1,29,0,101,29,117
3,2,30,0,100,30,117
3,3,30,0,99,30,117
3,4,32,0,98,32,117
3,5,32,0,97,32,117
3,6,32,0,96,32,117
4,1,33,0,95,33,117
4,2,33,0,94,33,117
4,3,34,0,93,34,117
4,4,34,0,92,34,117
4,5,38,0,91,38,117
4,6,38,0,90,38,117
4,7,39,0,89,38,117
5,1,40,0,88,35,117
5,2,40,0,87,33,117
5,3,40,0,86,33,117
5,4,40,0,85,32,117
5,5,42,0,84,34,117
5,6,42,0,83,32,117
5,7,42,0,82,26,117
6,1,43,0,81,27,117
6,2,44,0,80,24,117
6,3,44,0,79,24,117
6,4,44,0,78,20,117
6,5,44,0,77,20,117
6,6,45,0,76,19,117
7,1,46,0,75,20,117
7,2,46,0,74,19,117
7,3,46,0,73,18,117
7,4,48,0,72,20,117
7,5,48,0,71,19,117
7,6,54,0,70,24,117
8,1,55,0,69,25,117
8,2,56,0,68,24,117
8,3,56,0,67,24,117
8,4,56,0,66,24,117
8,5,57,0,65,24,117
8,6,58,0,64,25,117
9,1,58,0,63,24,117
9,2,58,0,62,24,117
9,3,60,0,61,22,117
9,4,61,0,60,23,117
9,5,61,0,59,22,117
9,6,62,0,58,22,117
10,1,63,0,57,23,117
10,2,69,0,56,29,117
10,3,69,0,55,29,117
10,4,70,0,54,28,117
10,5,70,0,53,28,117
10,6,70,0,52,28,117
11,1,71,0,51,28,117
11,2,71,0,50,27,117
11,3,72,0,49,28,117
11,4,73,0,48,29,117
11,5,74,0,47,30,117
11,6,75,0,46,30,117
12,1,79,0,45,33,117
12,2,79,0,44,33,117
12,3,79,0,43,33,117
12,4,79,0,42,31,117
12,5,79,0,41,31,117
12,6,79,0,40,25,117
13,1,79,0,39,24,117
13,2,80,0,38,24,117
13,3,80,0,37,24,117
13,4,80,0,36,24,117
13,5,81,0,35,24,117
13,6,82,0,34,24,117
14,1,82,0,33,24,117
14,2,83,0,32,25,117
14,3,84,0,31,24,117
14,4,88,0,30,27,117
14,5,89,0,29,28,117
14,6,91,0,28,29,117
15,1,97,0,27,34,117
15,2,97,0,26,28,117
15,3,97,0,25,28,117
15,4,101,0,24,31,117
15,5,101,0,23,31,117
15,6,102,0,22,32,117
16,1,103,0,21,32,117
16,2,104,0,20,33,117
16,3,105,0,19,33,117
16,4,105,0,18,32,117
16,5,109,0,17,35,117
16,6,109,0,16,34,117
17,1,109,0,15,30,117
17,2,109,0,14,30,117
17,3,109,0,13,30,117
17,4,109,0,12,30,117
17,5,110,0,11,31,117
17,6,110,0,10,31,117
18,1,111,0,9,32,117
18,2,111,0,8,31,117
18,3,112,0,7,32,117
18,4,112,0,6,32,117
18,5,113,0,5,32,117
18,6,114,0,4,32,117
19,1,115,0,3,33,117
19,2,115,0,2,32,117
19,3,115,0,1,31,117
19,4,116,0,0,28,117
19,5,117,0,-1,28,117
19,6,117,0,-2,26,117
0,1,1,0,119,1,158
0,2,2,0,118,2,158
0,3,2,0,117,2,158
0,4,4,0,116,4,158
0,5,4,0,115,4,158
0,6,8,0,114,8,158
1,1,8,0,113,8,158
1,2,8,0,112,8,158
1,3,9,0,111,9,158
1,4,10,0,110,10,158
1,5,10,0,109,10,158
1,6,10,0,108,10,158
2,1,16,0,107,16,158
2,2,16,0,106,16,158
2,3,20,0,105,20,158
2,4,22,0,104,22,158
2,5,22,0,103,22,158
2,6,22,0,102,22,158
3,1,23,0,101,23,158
3,2,23,0,100,23,158
3,3,24,0,99,24,158
3,4,25,0,98,25,158
3,5,26,0,97,26,158
3,6,26,0,96,26,158
4,1,27,0,95,27,158
4,2,29,0,94,29,158
4,3,29,0,93,29,158
4,4,29,0,92,29,158
4,5,29,0,91,29,158
4,6,30,0,90,30,158
4,7,34,0,89,33,158
5,1,34,0,88,32,158
5,2,38,0,87,36,158
5,3,39,0,86,35,158
5,4,39,0,85,35,158
5,5,39,0,84,31,158
5,6,39,0,83,31,158
6,1,40,0,82,32,158
6,2,42,0,81,33,158
6,3,42,0,80,32,158
6,4,43,0,79,33,158
6,5,44,0,78,34,158
6,6,48,0,77,32,158
7,1,50,0,76,34,158
7,2,51,0,75,31,158
7,3,52,0,74,30,158
7,4,52,0,73,30,158
7,5,53,0,72,31,158
7,6,54,0,71,31,158
8,1,54,0,70,31,158
8,2,55,0,69,31,158
8,3,57,0,68,32,158
8,4,57,0,67,31,158
8,5,58,0,66,32,158
8,6,60,0,65,33,158
9,1,62,0,64,33,158
9,2,64,0,63,35,158
9,3,65,0,62,36,158
9,4,66,0,61,37,158
9,5,67,0,60,37,158
9,6,68,0,59,34,158
10,1,69,0,58,35,158
10,2,69,0,57,31,158
10,3,70,0,56,31,158
10,4,72,0,55,33,158
10,5,76,0,54,37,158
10,6,78,0,53,39,158
11,1,79,0,52,39,158
11,2,79,0,51,37,158
11,3,80,0,50,38,158
11,4,81,0,49,38,158
11,5,82,0,48,38,158
11,6,83,0,47,35,158
11,7,83,0,46,33,158
12,1,85,0,45,34,158
12,2,85,0,44,33,158
12,3,86,0,43,34,158
12,4,87,0,42,34,158
12,5,89,0,41,35,158
12,6,89,0,40,35,158
13,1,93,0,39,38,158
13,2,93,0,38,36,158
13,3,94,0,37,37,158
13,4,94,0,36,36,158
13,5,95,0,35,35,158
13,6,96,0,34,34,158
14,1,97,0,33,33,158
14,2,98,0,32,33,158
14,3,104,0,31,38,158
14,4,105,0,30,38,158
14,5,105,0,29,37,158
14,6,106,0,28,37,158
15,1,108,0,27,39,158
15,2,108,0,26,38,158
15,3,109,0,25,37,158
15,4,109,0,24,33,158
15,5,111,0,23,33,158
15,6,115,0,22,36,158
16,1,116,0,21,37,158
16,2,122,0,20,42,158
16,3,123,0,19,42,158
16,4,123,0,18,41,158
16,5,129,0,17,46,158
16,6,130,0,16,47,158
17,1,130,0,15,45,158
17,2,130,0,14,45,158
17,3,133,0,13,47,158
17,4,134,0,12,47,158
17,5,135,0,11,46,158
17,6,136,0,10,47,158
18,1,138,0,9,45,158
18,2,139,0,8,46,158
18,3,143,0,7,49,158
18,4,144,0,6,50,158
18,5,150,0,5,55,158
18,6,154,0,4,58,158
19,1,155,0,3,58,158
19,2,156,0,2,58,158
19,3,157,0,1,53,158
19,4,158,0,0,53,158
19,5,158,0,-1,53,158
19,6,158,0,-2,52,158
0,1,1,0,119,1,148
0,2,1,0,118,1,148
0,3,2,0,117,2,148
0,4,2,0,116,2,148
0,5,2,0,115,2,148
0,6,3,0,114,3,148
1,1,4,0,113,4,148
1,2,8,0,112,8,148
1,3,8,0,111,8,148
1,4,8,0,110,8,148
1,5,9,0,109,9,148
1,6,13,0,108,13,148
2,1,14,0,107,14,148
2,2,14,0,106,14,148
2,3,15,0,105,15,148
2,4,15,0,104,15,148
2,5,16,0,103,16,148
2,6,17,0,102,17,148
2,7,21,0,101,21,148
3,1,21,0,100,21,148
3,2,27,0,99,27,148
3,3,28,0,98,28,148
3,4,30,0,97,30,148
3,5,30,0,96,30,148
3,6,31,0,95,31,148
4,1,32,0,94,32,148
4,2,36,0,93,36,148
4,3,36,0,92,36,148
4,4,36,0,91,36,148
4,5,37,0,90,37,148
4,6,37,0,89,36,148
5,1,37,0,88,36,148
5,2,37,0,87,35,148
5,3,37,0,86,35,148
5,4,37,0,85,35,148
5,5,38,0,84,35,148
5,6,38,0,83,34,148
6,1,39,0,82,31,148
6,2,40,0,81,32,148
6,3,44,0,80,36,148
6,4,44,0,79,35,148
6,5,45,0,78,32,148
6,6,45,0,77,31,148
7,1,46,0,76,32,148
7,2,46,0,75,31,148
7,3,50,0,74,35,148
7,4,56,0,73,40,148
7,5,57,0,72,40,148
7,6,58,0,71,37,148
8,1,58,0,70,37,148
8,2,59,0,69,32,148
8,3,60,0,68,32,148
8,4,60,0,67,30,148
8,5,61,0,66,31,148
8,6,62,0,65,31,148
9,1,63,0,64,31,148
9,2,64,0,63,28,148
9,3,66,0,62,30,148
9,4,67,0,61,31,148
9,5,68,0,60,31,148
9,6,69,0,59,32,148
10,1,71,0,58,34,148
10,2,72,0,57,35,148
10,3,73,0,56,36,148
10,4,73,0,55,36,148
10,5,74,0,54,36,148
10,6,75,0,53,37,148
11,1,75,0,52,36,148
11,2,76,0,51,36,148
11,3,77,0,50,33,148
11,4,78,0,49,34,148
11,5,79,0,48,34,148
11,6,81,0,47,36,148
12,1,82,0,46,36,148
12,2,83,0,45,37,148
12,3,85,0,44,35,148
12,4,85,0,43,29,148
12,5,86,0,42,29,148
12,6,86,0,41,28,148
13,1,86,0,40,28,148
13,2,87,0,39,28,148
13,3,87,0,38,27,148
13,4,88,0,37,28,148
13,5,89,0,36,28,148
13,6,95,0,35,33,148
14,1,97,0,34,34,148
14,2,97,0,33,33,148
14,3,101,0,32,35,148
14,4,105,0,31,38,148
14,5,105,0,30,37,148
14,6,106,0,29,37,148
15,1,107,0,28,36,148
15,2,108,0,27,36,148
15,3,109,0,26,36,148
15,4,110,0,25,37,148
15,5,111,0,24,37,148
15,6,115,0,23,40,148
16,1,116,0,22,41,148
16,2,116,0,21,40,148
16,3,117,0,20,40,148
16,4,117,0,19,39,148
16,5,117,0,18,38,148
16,6,118,0,17,37,148
17,1,119,0,16,37,148
17,2,120,0,15,37,148
17,3,121,0,14,36,148
17,4,127,0,13,42,148
17,5,131,0,12,45,148
17,6,132,0,11,46,148
18,1,132,0,10,46,148
18,2,138,0,9,51,148
18,3,141,0,8,54,148
18,4,143,0,7,55,148
18,5,145,0,6,56,148
18,6,145,0,5,50,148
19,1,146,0,4,49,148
19,2,147,0,3,50,148
19,3,147,0,2,46,148
19,4,147,0,1,42,148
19,5,147,0,0,42,148
19,6,148,0,-1,42,148
0,1,0,0,119,0,104
0,2,0,0,118,0,104
0,3,0,0,117,0,104
0,4,0,0,116,0,104
0,5,1,0,115,1,104
0,6,2,0,114,2,104
1,1,2,0,113,2,104
1,2,3,0,112,3,104
1,3,3,0,111,3,104
1,4,5,0,110,5,104
1,5,7,0,109,7,104
1,6,7,0,108,7,104
2,1,7,0,107,7,104
2,2,7,0,106,7,104
2,3,11,0,105,11,104
2,4,11,0,104,11,104
2,5,11,0,103,11,104
2,6,11,0,102,11,104
3,1,11,0,101,11,104
3,2,11,0,100,11,104
3,3,11,0,99,11,104
3,4,15,0,98,15,104
3,5,15,0,97,15,104
3,6,15,0,96,15,104
4,1,15,0,95,15,104
4,2,15,0,94,15,104
4,3,15,0,93,15,104
4,4,16,0,92,16,104
4,5,16,0,91,16,104
4,6,17,0,90,17,104
5,1,17,0,89,17,104
5,2,17,0,88,17,104
5,3,17,0,87,17,104
5,4,21,0,86,21,104
5,5,21,0,85,20,104
5,6,22,0,84,20,104
6,1,23,0,83,21,104
6,2,24,0,82,21,104
6,3,24,0,81,21,104
6,4,25,0,80,20,104
6,5,27,0,79,20,104
6,6,27,0,78,20,104
7,1,27,0,77,20,104
7,2,27,0,76,20,104
7,3,27,0,75,16,104
7,4,28,0,74,17,104
7,5,29,0,73,18,104
7,6,30,0,72,19,104
8,1,30,0,71,19,104
8,2,31,0,70,20,104
8,3,31,0,69,20,104
8,4,31,0,68,16,104
8,5,31,0,67,16,104
8,6,32,0,66,17,104
9,1,32,0,65,17,104
9,2,33,0,64,18,104
9,3,33,0,63,18,104
9,4,33,0,62,17,104
9,5,34,0,61,18,104
9,6,35,0,60,18,104
10,1,36,0,59,19,104
10,2,36,0,58,19,104
10,3,36,0,57,19,104
10,4,40,0,56,19,104
10,5,41,0,55,20,104
10,6,41,0,54,19,104
11,1,42,0,53,19,104
11,2,42,0,52,18,104
11,3,42,0,51,18,104
11,4,42,0,50,17,104
11,5,42,0,49,15,104
11,6,43,0,48,16,104
12,1,45,0,47,18,104
12,2,45,0,46,18,104
12,3,45,0,45,18,104
12,4,46,0,44,18,104
12,5,48,0,43,19,104
12,6,50,0,42,20,104
13,1,51,0,41,21,104
13,2,52,0,40,21,104
13,3,53,0,39,22,104
13,4,53,0,38,22,104
13,5,55,0,37,24,104
13,6,56,0,36,24,104
14,1,57,0,35,25,104
14,2,61,0,34,28,104
14,3,62,0,33,29,104
14,4,63,0,32,30,104
14,5,63,0,31,29,104
14,6,63,0,30,28,104
15,1,63,0,29,27,104
15,2,67,0,28,31,104
15,3,68,0,27,32,104
15,4,70,0,26,30,104
15,5,71,0,25,30,104
15,6,72,0,24,31,104
15,7,73,0,23,31,104
16,1,74,0,22,32,104
16,2,75,0,21,33,104
16,3,76,0,20,34,104
16,4,77,0,19,35,104
16,5,78,0,18,35,104
16,6,79,0,17,34,104
17,1,79,0,16,34,104
17,2,80,0,15,35,104
17,3,81,0,14,35,104
17,4,83,0,13,35,104
17,5,83,0,12,33,104
17,6,84,0,11,33,104
18,1,84,0,10,32,104
18,2,88,0,9,35,104
18,3,90,0,8,37,104
18,4,90,0,7,35,104
18,5,90,0,6,34,104
18,6,91,0,5,34,104
19,1,93,0,4,32,104
19,2,93,0,3,31,104
19,3,94,0,2,31,104
19,4,96,0,1,33,104
19,5,98,0,0,35,104
19,6,98,0,-1,35,104
19,7,104,0,-2,37,104
0,1,0,0,119,0,205
0,2,0,0,118,0,205
0,3,4,0,117,4,205
0,4,4,0,116,4,205
0,5,4,0,115,4,205
0,6,4,0,114,4,205
1,1,6,0,113,6,205
1,2,7,0,112,7,205
1,3,7,0,111,7,205
1,4,7,0,110,7,205
1,5,7,0,109,7,205
1,6,7,0,108,7,205
1,7,9,0,107,9,205
2,1,10,0,106,10,205
2,2,10,0,105,10,205
2,3,13,0,104,13,205
2,4,17,0,103,17,205
2,5,17,0,102,17,205
2,6,18,0,101,18,205
3,1,22,0,100,22,205
3,2,26,0,99,26,205
3,3,27,0,98,27,205
3,4,28,0,97,28,205
3,5,32,0,96,32,205
3,6,32,0,95,32,205
4,1,32,0,94,32,205
4,2,36,0,93,36,205
4,3,36,0,92,36,205
4,4,40,0,91,40,205
4,5,40,0,90,40,205
4,6,40,0,89,40,205
5,1,44,0,88,44,205
5,2,46,0,87,42,205
5,3,46,0,86,42,205
5,4,50,0,85,46,205
5,5,51,0,84,47,205
5,6,52,0,83,46,205
6,1,52,0,82,45,205
6,2,58,0,81,51,205
6,3,59,0,80,52,205
6,4,60,0,79,53,205
6,5,60,0,78,53,205
6,6,64,0,77,55,205
7,1,65,0,76,55,205
7,2,66,0,75,56,205
7,3,66,0,74,53,205
7,4,66,0,73,49,205
7,5,67,0,72,50,205
7,6,67,0,71,49,205
8,1,67,0,70,45,205
8,2,71,0,69,45,205
8,3,72,0,68,45,205
8,4,73,0,67,45,205
8,5,76,0,66,44,205
8,6,78,0,65,46,205
8,7,79,0,64,47,205
9,1,79,0,63,43,205
9,2,85,0,62,49,205
9,3,87,0,61,47,205
9,4,88,0,60,48,205
9,5,90,0,59,50,205
9,6,94,0,58,50,205
10,1,95,0,57,49,205
10,2,96,0,56,50,205
10,3,97,0,55,47,205
10,4,98,0,54,47,205
10,5,98,0,53,46,205
10,6,102,0,52,50,205
10,7,103,0,51,45,205
11,1,103,0,50,44,205
11,2,103,0,49,43,205
11,3,103,0,48,43,205
11,4,105,0,47,41,205
11,5,106,0,46,41,205
11,6,106,0,45,40,205
12,1,107,0,44,41,205
12,2,107,0,43,41,205
12,3,113,0,42,46,205
12,4,113,0,41,46,205
12,5,115,0,40,48,205
12,6,119,0,39,48,205
13,1,120,0,38,48,205
13,2,124,0,37,51,205
13,3,125,0,36,49,205
13,4,126,0,35,48,205
13,5,127,0,34,48,205
13,6,128,0,33,49,205
14,1,134,0,32,49,205
14,2,134,0,31,47,205
14,3,138,0,30,50,205
14,4,138,0,29,48,205
14,5,144,0,28,50,205
14,6,145,0,27,50,205
15,1,146,0,26,50,205
15,2,146,0,25,49,205
15,3,150,0,24,52,205
15,4,151,0,23,53,205
15,5,151,0,22,49,205
15,6,151,0,21,48,205
15,7,152,0,20,49,205
16,1,153,0,19,50,205
16,2,159,0,18,56,205
16,3,159,0,17,54,205
16,4,165,0,16,59,205
16,5,165,0,15,59,205
16,6,166,0,14,59,205
17,1,167,0,13,60,205
17,2,168,0,12,55,205
17,3,169,0,11,56,205
17,4,170,0,10,55,205
17,5,176,0,9,57,205
17,6,176,0,8,56,205
18,1,176,0,7,52,205
18,2,177,0,6,52,205
18,3,178,0,5,52,205
18,4,184,0,4,57,205
18,5,186,0,3,58,205
18,6,192,0,2,58,205
18,7,193,0,1,59,205
19,1,194,0,0,56,205
19,2,195,0,-1,57,205
19,3,196,0,-2,52,205
19,4,202,0,-3,57,205
19,5,203,0,-4,57,205
19,6,205,0,-5,59,205
0,1,1,0,119,1,207
0,2,1,0,118,1,207
0,3,2,0,117,2,207
0,4,2,0,116,2,207
0,5,3,0,115,3,207
0,6,3,0,114,3,207
0,7,3,0,113,3,207
1,1,3,0,112,3,207
1,2,7,0,111,7,207
1,3,8,0,110,8,207
1,4,8,0,109,8,207
1,5,8,0,108,8,207
1,6,8,0,107,8,207
2,1,10,0,106,10,207
2,2,10,0,105,10,207
2,3,10,0,104,10,207
2,4,14,0,103,14,207
2,5,14,0,102,14,207
2,6,20,0,101,20,207
3,1,21,0,100,21,207
3,2,21,0,99,21,207
3,3,25,0,98,25,207
3,4,29,0,97,29,207
3,5,29,0,96,29,207
3,6,29,0,95,29,207
4,1,29,0,94,29,207
4,2,29,0,93,29,207
4,3,30,0,92,30,207
4,4,34,0,91,34,207
4,5,38,0,90,38,207
4,6,38,0,89,37,207
5,1,39,0,88,38,207
5,2,43,0,87,41,207
5,3,47,0,86,45,207
5,4,51,0,85,48,207
5,5,51,0,84,48,207
5,6,53,0,83,50,207
5,7,53,0,82,50,207
6,1,54,0,81,47,207
6,2,54,0,80,46,207
6,3,55,0,79,47,207
6,4,56,0,78,48,207
6,5,57,0,77,49,207
6,6,63,0,76,53,207
6,7,63,0,75,53,207
7,1,63,0,74,53,207
7,2,65,0,73,51,207
7,3,67,0,72,53,207
7,4,68,0,71,48,207
7,5,69,0,70,48,207
7,6,73,0,69,52,207
8,1,74,0,68,49,207
8,2,75,0,67,46,207
8,3,79,0,66,50,207
8,4,79,0,65,50,207
8,5,81,0,64,52,207
8,6,82,0,63,53,207
9,1,83,0,62,53,207
9,2,83,0,61,49,207
9,3,85,0,60,47,207
9,4,86,0,59,48,207
9,5,90,0,58,51,207
9,6,91,0,57,48,207
10,1,91,0,56,44,207
10,2,93,0,55,42,207
10,3,94,0,54,43,207
10,4,94,0,53,41,207
10,5,94,0,52,41,207
10,6,98,0,51,44,207
11,1,99,0,50,45,207
11,2,103,0,49,48,207
11,3,104,0,48,48,207
11,4,108,0,47,51,207
11,5,109,0,46,46,207
11,6,110,0,45,47,207
12,1,112,0,44,49,207
12,2,113,0,43,48,207
12,3,114,0,42,47,207
12,4,115,0,41,47,207
12,5,116,0,40,47,207
12,6,117,0,39,44,207
13,1,118,0,38,44,207
13,2,119,0,37,44,207
13,3,125,0,36,46,207
13,4,131,0,35,52,207
13,5,132,0,34,51,207
13,6,133,0,33,51,207
14,1,134,0,32,51,207
14,2,134,0,31,51,207
14,3,134,0,30,49,207
14,4,135,0,29,49,207
14,5,136,0,28,46,207
14,6,137,0,27,46,207
15,1,139,0,26,48,207
15,2,139,0,25,46,207
15,3,140,0,24,46,207
15,4,142,0,23,48,207
15,5,143,0,22,49,207
15,6,143,0,21,45,207
16,1,144,0,20,45,207
16,2,145,0,19,42,207
16,3,151,0,18,47,207
16,4,155,0,17,47,207
16,5,155,0,16,46,207
16,6,161,0,15,51,207
17,1,161,0,14,49,207
17,2,165,0,13,52,207
17,3,169,0,12,55,207
17,4,171,0,11,56,207
17,5,172,0,10,56,207
17,6,173,0,9,56,207
18,1,174,0,8,56,207
18,2,175,0,7,56,207
18,3,176,0,6,51,207
18,4,182,0,5,51,207
18,5,182,0,4,50,207
18,6,183,0,3,50,207
19,1,189,0,2,55,207
19,2,190,0,1,56,207
19,3,191,0,0,57,207
19,4,195,0,-1,60,207
19,5,201,0,-2,65,207
19,6,207,0,-3,70,207
0,1,1,0,119,1,151
0,2,1,0,118,1,151
0,3,1,0,117,1,151
0,4,2,0,116,2,151
0,5,2,0,115,2,151
0,6,3,0,114,3,151
0,7,3,0,113,3,151
1,1,3,0,112,3,151
1,2,3,0,111,3,151
1,3,3,0,110,3,151
1,4,3,0,109,3,151
1,5,7,0,108,7,151
1,6,7,0,107,7,151
2,1,11,0,106,11,151
2,2,12,0,105,12,151
2,3,13,0,104,13,151
2,4,17,0,103,17,151
2,5,17,0,102,17,151
2,6,18,0,101,18,151
3,1,18,0,100,18,151
3,2,19,0,99,19,151
3,3,19,0,98,19,151
3,4,19,0,97,19,151
3,5,23,0,96,23,151
3,6,27,0,95,27,151
4,1,27,0,94,27,151
4,2,28,0,93,28,151
4,3,28,0,92,28,151
4,4,28,0,91,28,151
4,5,29,0,90,29,151
4,6,31,0,89,30,151
5,1,31,0,88,30,151
5,2,31,0,87,30,151
5,3,31,0,86,29,151
5,4,31,0,85,29,151
5,5,31,0,84,28,151
5,6,35,0,83,32,151
6,1,36,0,82,33,151
6,2,36,0,81,33,151
6,3,37,0,80,34,151
6,4,37,0,79,34,151
6,5,37,0,78,30,151
6,6,41,0,77,34,151
7,1,41,0,76,30,151
7,2,42,0,75,30,151
7,3,42,0,74,29,151
7,4,43,0,73,26,151
7,5,44,0,72,27,151
7,6,48,0,71,30,151
8,1,49,0,70,31,151
8,2,50,0,69,31,151
8,3,50,0,68,31,151
8,4,51,0,67,32,151
8,5,51,0,66,28,151
8,6,52,0,65,25,151
9,1,52,0,64,25,151
9,2,52,0,63,24,151
9,3,52,0,62,24,151
9,4,54,0,61,26,151
9,5,56,0,60,27,151
9,6,57,0,59,26,151
10,1,59,0,58,28,151
10,2,60,0,57,29,151
10,3,61,0,56,30,151
10,4,64,0,55,33,151
10,5,66,0,54,35,151
10,6,67,0,53,32,151
11,1,69,0,52,33,151
11,2,69,0,51,33,151
11,3,70,0,50,33,151
11,4,71,0,49,34,151
11,5,72,0,48,35,151
11,6,74,0,47,33,151
12,1,75,0,46,34,151
12,2,76,0,45,34,151
12,3,77,0,44,35,151
12,4,78,0,43,35,151
12,5,78,0,42,34,151
12,6,80,0,41,32,151
13,1,80,0,40,31,151
13,2,82,0,39,32,151
13,3,82,0,38,32,151
13,4,83,0,37,32,151
13,5,84,0,36,33,151
13,6,90,0,35,38,151
14,1,91,0,34,39,151
14,2,93,0,33,41,151
14,3,94,0,32,42,151
14,4,98,0,31,44,151
14,5,100,0,30,44,151
14,6,101,0,29,44,151
15,1,103,0,28,44,151
15,2,103,0,27,43,151
15,3,104,0,26,43,151
15,4,105,0,25,41,151
15,5,106,0,24,40,151
15,6,110,0,23,43,151
16,1,111,0,22,42,151
16,2,112,0,21,43,151
16,3,112,0,20,42,151
16,4,113,0,19,42,151
16,5,115,0,18,43,151
16,6,119,0,17,45,151
17,1,120,0,16,45,151
17,2,121,0,15,45,151
17,3,121,0,14,44,151
17,4,123,0,13,45,151
17,5,123,0,12,45,151
17,6,125,0,11,45,151
18,1,126,0,10,46,151
18,2,130,0,9,48,151
18,3,130,0,8,48,151
18,4,131,0,7,48,151
18,5,132,0,6,48,151
18,6,136,0,5,46,151
19,1,138,0,4,47,151
19,2,139,0,3,46,151
19,3,140,0,2,46,151
19,4,144,0,1,46,151
19,5,145,0,0,45,151
19,6,151,0,-1,50,151
0,1,2,0,119,2,168
0,2,2,0,118,2,168
0,3,2,0,117,2,168
0,4,2,0,116,2,168
0,5,2,0,115,2,168
0,6,3,0,114,3,168
1,1,5,0,113,5,168
1,2,9,0,112,9,168
1,3,9,0,111,9,168
1,4,9,0,110,9,168
1,5,10,0,109,10,168
1,6,10,0,108,10,168
2,1,10,0,107,10,168
2,2,10,0,106,10,168
2,3,14,0,105,14,168
2,4,14,0,104,14,168
2,5,14,0,103,14,168
2,6,14,0,102,14,168
3,1,15,0,101,15,168
3,2,15,0,100,15,168
3,3,15,0,99,15,168
3,4,16,0,98,16,168
3,5,17,0,97,17,168
3,6,21,0,96,21,168
4,1,21,0,95,21,168
4,2,22,0,94,22,168
4,3,26,0,93,26,168
4,4,26,0,92,26,168
4,5,26,0,91,26,168
4,6,30,0,90,30,168
5,1,30,0,89,28,168
5,2,36,0,88,34,168
5,3,40,0,87,38,168
5,4,40,0,86,38,168
5,5,44,0,85,42,168
5,6,45,0,84,42,168
6,1,51,0,83,46,168
6,2,52,0,82,43,168
6,3,53,0,81,44,168
6,4,53,0,80,44,168
6,5,53,0,79,43,168
6,6,54,0,78,44,168
7,1,55,0,77,45,168
7,2,57,0,76,47,168
7,3,58,0,75,44,168
7,4,59,0,74,45,168
7,5,60,0,73,46,168
7,6,60,0,72,46,168
8,1,61,0,71,46,168
8,2,67,0,70,52,168
8,3,68,0,69,53,168
8,4,69,0,68,53,168
8,5,70,0,67,53,168
8,6,70,0,66,49,168
9,1,71,0,65,50,168
9,2,71,0,64,49,168
9,3,72,0,63,46,168
9,4,72,0,62,46,168
9,5,76,0,61,50,168
9,6,76,0,60,46,168
10,1,77,0,59,47,168
10,2,81,0,58,45,168
10,3,82,0,57,42,168
10,4,82,0,56,42,168
10,5,86,0,55,42,168
10,6,87,0,54,42,168
11,1,87,0,53,36,168
11,2,89,0,52,37,168
11,3,89,0,51,36,168
11,4,89,0,50,36,168
11,5,90,0,49,37,168
11,6,91,0,48,37,168
12,1,92,0,47,37,168
12,2,94,0,46,37,168
12,3,95,0,45,37,168
12,4,96,0,44,37,168
12,5,98,0,43,38,168
12,6,102,0,42,42,168
13,1,102,0,41,41,168
13,2,102,0,40,35,168
13,3,102,0,39,34,168
13,4,103,0,38,34,168
13,5,104,0,37,34,168
13,6,106,0,36,36,168
14,1,107,0,35,36,168
14,2,107,0,34,36,168
14,3,107,0,33,35,168
14,4,107,0,32,35,168
14,5,108,0,31,32,168
14,6,109,0,30,33,168
15,1,109,0,29,32,168
15,2,110,0,28,29,168
15,3,114,0,27,32,168
15,4,114,0,26,32,168
15,5,116,0,25,30,168
15,6,117,0,24,30,168
16,1,118,0,23,31,168
16,2,118,0,22,29,168
16,3,122,0,21,33,168
16,4,128,0,20,39,168
16,5,129,0,19,39,168
16,6,130,0,18,39,168
17,1,131,0,17,39,168
17,2,133,0,16,39,168
17,3,135,0,15,40,168
17,4,136,0,14,40,168
17,5,136,0,13,38,168
17,6,140,0,12,38,168
18,1,141,0,11,39,168
18,2,141,0,10,39,168
18,3,142,0,9,40,168
18,4,146,0,8,43,168
18,5,148,0,7,44,168
18,6,152,0,6,46,168
19,1,153,0,5,46,168
19,2,155,0,4,48,168
19,3,156,0,3,49,168
19,4,162,0,2,55,168
19,5,162,0,1,54,168
19,6,168,0,0,59,168
0,1,1,0,119,1,134
0,2,1,0,118,1,134
0,3,5,0,117,5,134
0,4,5,0,116,5,134
0,5,6,0,115,6,134
0,6,8,0,114,8,134
0,7,9,0,113,9,134
0,8,9,0,112,9,134
1,1,9,0,111,9,134
1,2,9,0,110,9,134
1,3,11,0,109,11,134
1,4,12,0,108,12,134
1,5,12,0,107,12,134
1,6,13,0,106,13,134
2,1,14,0,105,14,134
2,2,15,0,104,15,134
2,3,15,0,103,15,134
2,4,18,0,102,18,134
2,5,18,0,101,18,134
2,6,18,0,100,18,134
2,7,18,0,99,18,134
3,1,19,0,98,19,134
3,2,19,0,97,19,134
3,3,20,0,96,20,134
3,4,20,0,95,20,134
3,5,20,0,94,20,134
3,6,20,0,93,20,134
4,1,21,0,92,21,134
4,2,22,0,91,22,134
4,3,26,0,90,26,134
4,4,26,0,89,25,134
4,5,27,0,88,26,134
4,6,27,0,87,22,134
5,1,28,0,86,23,134
5,2,28,0,85,22,134
5,3,28,0,84,20,134
5,4,28,0,83,19,134
5,5,28,0,82,19,134
5,6,28,0,81,19,134
6,1,28,0,80,19,134
6,2,28,0,79,17,134
6,3,30,0,78,18,134
6,4,30,0,77,18,134
6,5,30,0,76,17,134
6,6,30,0,75,16,134
7,1,31,0,74,16,134
7,2,35,0,73,20,134
7,3,36,0,72,18,134
7,4,36,0,71,18,134
7,5,37,0,70,19,134
7,6,37,0,69,19,134
8,1,37,0,68,18,134
8,2,38,0,67,19,134
8,3,38,0,66,18,134
8,4,39,0,65,19,134
8,5,39,0,64,19,134
8,6,40,0,63,20,134
9,1,41,0,62,20,134
9,2,41,0,61,19,134
9,3,42,0,60,16,134
9,4,43,0,59,17,134
9,5,44,0,58,17,134
9,6,45,0,57,18,134
10,1,45,0,56,17,134
10,2,46,0,55,18,134
10,3,47,0,54,19,134
10,4,48,0,53,20,134
10,5,49,0,52,21,134
10,6,50,0,51,22,134
11,1,54,0,50,26,134
11,2,54,0,49,26,134
11,3,55,0,48,25,134
11,4,56,0,47,26,134
11,5,58,0,46,28,134
11,6,59,0,45,29,134
11,7,59,0,44,28,134
12,1,60,0,43,25,134
12,2,66,0,42,30,134
12,3,66,0,41,30,134
12,4,68,0,40,31,134
12,5,68,0,39,31,134
12,6,69,0,38,32,134
13,1,73,0,37,35,134
13,2,77,0,36,39,134
13,3,78,0,35,39,134
13,4,80,0,34,41,134
13,5,81,0,33,41,134
13,6,82,0,32,41,134
13,7,86,0,31,45,134
14,1,87,0,30,45,134
14,2,87,0,29,44,134
14,3,88,0,28,44,134
14,4,88,0,27,43,134
14,5,89,0,26,44,134
14,6,90,0,25,44,134
15,1,91,0,24,44,134
15,2,92,0,23,44,134
15,3,93,0,22,44,134
15,4,94,0,21,44,134
15,5,95,0,20,41,134
15,6,95,0,19,41,134
16,1,95,0,18,40,134
16,2,97,0,17,41,134
16,3,97,0,16,39,134
16,4,98,0,15,39,134
16,5,100,0,14,41,134
16,6,101,0,13,41,134
17,1,101,0,12,35,134
17,2,102,0,11,36,134
17,3,103,0,10,35,134
17,4,104,0,9,36,134
17,5,104,0,8,35,134
17,6,106,0,7,33,134
18,1,106,0,6,29,134
18,2,107,0,5,29,134
18,3,108,0,4,28,134
18,4,109,0,3,28,134
18,5,115,0,2,33,134
18,6,116,0,1,30,134
19,1,122,0,0,35,134
19,2,123,0,-1,36,134
19,3,129,0,-2,41,134
19,4,133,0,-3,45,134
19,5,134,0,-4,45,134
19,6,134,0,-5,44,134
0,1,0,0,119,0,145
0,2,0,0,118,0,145
0,3,0,0,117,0,145
0,4,1,0,116,1,145
0,5,1,0,115,1,145
0,6,4,0,114,4,145
1,1,8,0,113,8,145
1,2,10,0,112,10,145
1,3,10,0,111,10,145
1,4,11,0,110,11,145
1,5,11,0,109,11,145
1,6,12,0,108,12,145
2,1,18,0,107,18,145
2,2,20,0,106,20,145
2,3,20,0,105,20,145
2,4,22,0,104,22,145
2,5,22,0,103,22,145
2,6,23,0,102,23,145
3,1,27,0,101,27,145
3,2,28,0,100,28,145
3,3,29,0,99,29,145
3,4,30,0,98,30,145
3,5,31,0,97,31,145
3,6,31,0,96,31,145
3,7,35,0,95,35,145
4,1,41,0,94,41,145
4,2,41,0,93,41,145
4,3,42,0,92,42,145
4,4,42,0,91,42,145
4,5,43,0,90,43,145
4,6,43,0,89,43,145
5,1,47,0,88,47,145
5,2,47,0,87,47,145
5,3,47,0,86,46,145
5,4,49,0,85,48,145
5,5,53,0,84,49,145
5,6,53,0,83,45,145
6,1,54,0,82,44,145
6,2,55,0,81,45,145
6,3,57,0,80,46,145
6,4,57,0,79,46,145
6,5,60,0,78,48,145
6,6,60,0,77,42,145
7,1,61,0,76,41,145
7,2,62,0,75,42,145
7,3,66,0,74,44,145
7,4,70,0,73,48,145
7,5,71,0,72,48,145
7,6,72,0,71,45,145
7,7,72,0,70,44,145
8,1,73,0,69,44,145
8,2,74,0,68,44,145
8,3,75,0,67,44,145
8,4,79,0,66,48,145
8,5,79,0,65,44,145
8,6,79,0,64,38,145
9,1,79,0,63,38,145
9,2,79,0,62,37,145
9,3,79,0,61,37,145
9,4,79,0,60,36,145
9,5,80,0,59,37,145
9,6,80,0,58,33,145
10,1,83,0,57,36,145
10,2,84,0,56,37,145
10,3,84,0,55,35,145
10,4,84,0,54,31,145
10,5,84,0,53,31,145
10,6,84,0,52,30,145
10,7,84,0,51,29,145
11,1,85,0,50,28,145
11,2,86,0,49,29,145
11,3,86,0,48,26,145
11,4,86,0,47,26,145
11,5,87,0,46,26,145
11,6,87,0,45,25,145
12,1,87,0,44,21,145
12,2,87,0,43,17,145
12,3,87,0,42,16,145
12,4,87,0,41,15,145
12,5,87,0,40,15,145
12,6,89,0,39,16,145
13,1,90,0,38,16,145
13,2,90,0,37,15,145
13,3,92,0,36,13,145
13,4,93,0,35,14,145
13,5,93,0,34,14,145
13,6,93,0,33,14,145
14,1,95,0,32,16,145
14,2,96,0,31,17,145
14,3,97,0,30,18,145
14,4,99,0,29,19,145
14,5,100,0,28,20,145
14,6,100,0,27,17,145
15,1,101,0,26,17,145
15,2,105,0,25,21,145
15,3,106,0,24,22,145
15,4,107,0,23,23,145
15,5,107,0,22,23,145
15,6,108,0,21,24,145
16,1,112,0,20,27,145
16,2,112,0,19,26,145
16,3,118,0,18,32,145
16,4,120,0,17,34,145
16,5,120,0,16,33,145
16,6,121,0,15,34,145
17,1,122,0,14,35,145
17,2,123,0,13,36,145
17,3,129,0,12,42,145
17,4,130,0,11,43,145
17,5,131,0,10,44,145
17,6,132,0,9,43,145
18,1,132,0,8,42,145
18,2,132,0,7,42,145
18,3,132,0,6,40,145
18,4,134,0,5,41,145
18,5,134,0,4,41,145
18,6,134,0,3,41,145
19,1,135,0,2,40,145
19,2,136,0,1,40,145
19,3,136,0,0,39,145
19,4,137,0,-1,38,145
19,5,139,0,-2,39,145
19,6,145,0,-3,45,145
0,1,1,0,119,1,143
0,2,5,0,118,5,143
0,3,6,0,117,6,143
0,4,7,0,116,7,143
0,5,8,0,115,8,143
0,6,9,0,114,9,143
0,7,9,0,113,9,143
1,1,12,0,112,12,143
1,2,12,0,111,12,143
1,3,16,0,110,16,143
1,4,16,0,109,16,143
1,5,17,0,108,17,143
1,6,18,0,107,18,143
2,1,19,0,106,19,143
2,2,19,0,105,19,143
2,3,19,0,104,19,143
2,4,20,0,103,20,143
2,5,20,0,102,20,143
2,6,20,0,101,20,143
3,1,22,0,100,22,143
3,2,22,0,99,22,143
3,3,22,0,98,22,143
3,4,23,0,97,23,143
3,5,24,0,96,24,143
3,6,25,0,95,25,143
4,1,25,0,94,25,143
4,2,26,0,93,26,143
4,3,26,0,92,26,143
4,4,26,0,91,26,143
4,5,27,0,90,27,143
4,6,28,0,89,27,143
5,1,28,0,88,23,143
5,2,32,0,87,26,143
5,3,36,0,86,29,143
5,4,38,0,85,30,143
5,5,39,0,84,30,143
5,6,39,0,83,30,143
6,1,40,0,82,28,143
6,2,41,0,81,29,143
6,3,42,0,80,26,143
6,4,43,0,79,27,143
6,5,45,0,78,28,143
6,6,46,0,77,28,143
7,1,46,0,76,27,143
7,2,46,0,75,27,143
7,3,47,0,74,28,143
7,4,47,0,73,27,143
7,5,47,0,72,27,143
7,6,51,0,71,31,143
8,1,51,0,70,29,143
8,2,55,0,69,33,143
8,3,56,0,68,34,143
8,4,57,0,67,34,143
8,5,58,0,66,34,143
8,6,58,0,65,33,143
9,1,58,0,64,33,143
9,2,59,0,63,33,143
9,3,60,0,62,34,143
9,4,61,0,61,35,143
9,5,61,0,60,34,143
9,6,62,0,59,34,143
10,1,62,0,58,34,143
10,2,63,0,57,31,143
10,3,64,0,56,28,143
10,4,68,0,55,30,143
10,5,70,0,54,31,143
10,6,70,0,53,31,143
11,1,71,0,52,31,143
11,2,73,0,51,32,143
11,3,73,0,50,31,143
11,4,74,0,49,31,143
11,5,75,0,48,30,143
11,6,75,0,47,29,143
12,1,76,0,46,30,143
12,2,76,0,45,30,143
12,3,82,0,44,35,143
12,4,83,0,43,36,143
12,5,84,0,42,37,143
12,6,85,0,41,34,143
13,1,85,0,40,34,143
13,2,85,0,39,30,143
13,3,85,0,38,29,143
13,4,86,0,37,29,143
13,5,86,0,36,28,143
13,6,86,0,35,28,143
14,1,92,0,34,34,143
14,2,94,0,33,35,143
14,3,94,0,32,34,143
14,4,94,0,31,33,143
14,5,95,0,30,34,143
14,6,95,0,29,33,143
15,1,100,0,28,38,143
15,2,101,0,27,38,143
15,3,102,0,26,38,143
15,4,102,0,25,34,143
15,5,102,0,24,32,143
15,6,103,0,23,33,143
15,7,103,0,22,32,143
16,1,103,0,21,30,143
16,2,105,0,20,32,143
16,3,105,0,19,31,143
16,4,106,0,18,31,143
16,5,107,0,17,32,143
16,6,108,0,16,32,143
17,1,109,0,15,33,143
17,2,109,0,14,27,143
17,3,110,0,13,27,143
17,4,111,0,12,27,143
17,5,112,0,11,27,143
17,6,112,0,10,27,143
17,7,114,0,9,29,143
18,1,118,0,8,33,143
18,2,118,0,7,32,143
18,3,118,0,6,32,143
18,4,120,0,5,34,143
18,5,126,0,4,34,143
18,6,132,0,3,38,143
19,1,133,0,2,39,143
19,2,136,0,1,42,143
19,3,137,0,0,42,143
19,4,138,0,-1,43,143
19,5,140,0,-2,40,143
19,6,142,0,-3,41,143
19,7,143,0,-4,41,143
0,1,0,0,119,0,125
0,2,0,0,118,0,125
0,3,2,0,117,2,125
0,4,6,0,116,6,125
0,5,6,0,115,6,125
0,6,6,0,114,6,125
1,1,7,0,113,7,125
1,2,9,0,112,9,125
1,3,9,0,111,9,125
1,4,10,0,110,10,125
1,5,10,0,109,10,125
1,6,11,0,108,11,125
2,1,11,0,107,11,125
2,2,15,0,106,15,125
2,3,16,0,105,16,125
2,4,16,0,104,16,125
2,5,20,0,103,20,125
2,6,21,0,102,21,125
3,1,25,0,101,25,125
3,2,29,0,100,29,125
3,3,31,0,99,31,125
3,4,31,0,98,31,125
3,5,31,0,97,31,125
3,6,32,0,96,32,125
4,1,33,0,95,33,125
4,2,34,0,94,34,125
4,3,34,0,93,34,125
4,4,35,0,92,35,125
4,5,35,0,91,35,125
4,6,36,0,90,36,125
5,1,36,0,89,36,125
5,2,40,0,88,40,125
5,3,41,0,87,39,125
5,4,41,0,86,35,125
5,5,41,0,85,35,125
5,6,41,0,84,35,125
6,1,42,0,83,35,125
6,2,43,0,82,34,125
6,3,44,0,81,35,125
6,4,45,0,80,35,125
6,5,46,0,79,36,125
6,6,47,0,78,36,125
7,1,47,0,77,36,125
7,2,50,0,76,35,125
7,3,50,0,75,34,125
7,4,51,0,74,35,125
7,5,52,0,73,32,125
7,6,53,0,72,32,125
8,1,57,0,71,32,125
8,2,59,0,70,30,125
8,3,59,0,69,28,125
8,4,60,0,68,29,125
8,5,61,0,67,30,125
8,6,62,0,66,30,125
9,1,62,0,65,29,125
9,2,62,0,64,28,125
9,3,62,0,63,28,125
9,4,62,0,62,27,125
9,5,62,0,61,27,125
9,6,63,0,60,27,125
10,1,64,0,59,28,125
10,2,66,0,58,26,125
10,3,66,0,57,25,125
10,4,66,0,56,25,125
10,5,66,0,55,25,125
10,6,66,0,54,25,125
11,1,67,0,53,25,125
11,2,68,0,52,25,125
11,3,69,0,51,25,125
11,4,70,0,50,25,125
11,5,71,0,49,25,125
11,6,72,0,48,25,125
12,1,73,0,47,26,125
12,2,74,0,46,24,125
12,3,75,0,45,25,125
12,4,76,0,44,25,125
12,5,77,0,43,25,125
12,6,77,0,42,24,125
13,1,81,0,41,24,125
13,2,82,0,40,23,125
13,3,84,0,39,25,125
13,4,84,0,38,24,125
13,5,85,0,37,24,125
13,6,86,0,36,24,125
13,7,87,0,35,25,125
14,1,88,0,34,26,125
14,2,92,0,33,30,125
14,3,93,0,32,31,125
14,4,94,0,31,32,125
14,5,95,0,30,32,125
14,6,95,0,29,31,125
15,1,96,0,28,30,125
15,2,97,0,27,31,125
15,3,98,0,26,32,125
15,4,98,0,25,32,125
15,5,99,0,24,33,125
15,6,99,0,23,32,125
16,1,100,0,22,32,125
16,2,101,0,21,32,125
16,3,101,0,20,31,125
16,4,105,0,19,34,125
16,5,109,0,18,37,125
16,6,110,0,17,37,125
17,1,110,0,16,36,125
17,2,111,0,15,36,125
17,3,112,0,14,36,125
17,4,113,0,13,36,125
17,5,114,0,12,37,125
17,6,114,0,11,33,125
18,1,115,0,10,33,125
18,2,116,0,9,32,125
18,3,116,0,8,32,125
18,4,116,0,7,31,125
18,5,117,0,6,31,125
18,6,117,0,5,30,125
19,1,118,0,4,30,125
19,2,120,0,3,28,125
19,3,122,0,2,29,125
19,4,124,0,1,30,125
19,5,125,0,0,30,125
19,6,125,0,-1,30,125
0,1,0,0,119,0,117
0,2,1,0,118,1,117
0,3,1,0,117,1,117
0,4,1,0,116,1,117
0,5,1,0,115,1,117
0,6,1,0,114,1,117
1,1,2,0,113,2,117
1,2,2,0,112,2,117
1,3,6,0,111,6,117
1,4,12,0,110,12,117
1,5,12,0,109,12,117
1,6,14,0,108,14,117
2,1,14,0,107,14,117
2,2,18,0,106,18,117
2,3,18,0,105,18,117
2,4,19,0,104,19,117
2,5,19,0,103,19,117
2,6,20,0,102,20,117
2,7,20,0,101,20,117
3,1,20,0,100,20,117
3,2,20,0,99,20,117
3,3,20,0,98,20,117
3,4,21,0,97,21,117
3,5,21,0,96,21,117
3,6,21,0,95,21,117
4,1,21,0,94,21,117
4,2,21,0,93,21,117
4,3,21,0,92,21,117
4,4,23,0,91,23,117
4,5,23,0,90,23,117
4,6,27,0,89,27,117
5,1,27,0,88,26,117
5,2,27,0,87,26,117
5,3,29,0,86,28,117
5,4,30,0,85,29,117
5,5,31,0,84,30,117
5,6,34,0,83,32,117
6,1,35,0,82,33,117
6,2,35,0,81,29,117
6,3,36,0,80,24,117
6,4,37,0,79,25,117
6,5,37,0,78,23,117
6,6,38,0,77,24,117
6,7,39,0,76,21,117
6,8,39,0,75,21,117
7,1,39,0,74,20,117
7,2,40,0,73,21,117
7,3,44,0,72,24,117
7,4,44,0,71,24,117
7,5,44,0,70,24,117
7,6,45,0,69,25,117
8,1,45,0,68,25,117
8,2,47,0,67,26,117
8,3,48,0,66,27,117
8,4,48,0,65,27,117
8,5,54,0,64,33,117
8,6,55,0,63,34,117
9,1,59,0,62,38,117
9,2,63,0,61,40,117
9,3,63,0,60,40,117
9,4,64,0,59,37,117
9,5,65,0,58,38,117
9,6,66,0,57,39,117
10,1,67,0,56,38,117
10,2,68,0,55,38,117
10,3,68,0,54,37,117
10,4,69,0,53,35,117
10,5,69,0,52,34,117
10,6,69,0,51,34,117
11,1,69,0,50,33,117
11,2,69,0,49,32,117
11,3,70,0,48,33,117
11,4,71,0,47,33,117
11,5,72,0,46,33,117
11,6,72,0,45,33,117
12,1,72,0,44,33,117
12,2,73,0,43,33,117
12,3,74,0,42,30,117
12,4,76,0,41,32,117
12,5,76,0,40,32,117
12,6,77,0,39,32,117
13,1,77,0,38,32,117
13,2,77,0,37,30,117
13,3,78,0,36,30,117
13,4,79,0,35,31,117
13,5,80,0,34,26,117
13,6,81,0,33,26,117
14,1,82,0,32,23,117
14,2,83,0,31,20,117
14,3,83,0,30,20,117
14,4,83,0,29,19,117
14,5,87,0,28,22,117
14,6,87,0,27,21,117
15,1,88,0,26,21,117
15,2,89,0,25,21,117
15,3,89,0,24,21,117
15,4,90,0,23,21,117
15,5,92,0,22,23,117
15,6,93,0,21,24,117
16,1,93,0,20,24,117
16,2,94,0,19,25,117
16,3,95,0,18,25,117
16,4,96,0,17,25,117
16,5,96,0,16,24,117
16,6,98,0,15,26,117
17,1,99,0,14,27,117
17,2,100,0,13,27,117
17,3,101,0,12,27,117
17,4,102,0,11,26,117
17,5,106,0,10,30,117
17,6,110,0,9,33,117
18,1,112,0,8,35,117
18,2,112,0,7,35,117
18,3,114,0,6,36,117
18,4,114,0,5,35,117
18,5,114,0,4,34,117
18,6,114,0,3,33,117
19,1,115,0,2,33,117
19,2,115,0,1,32,117
19,3,115,0,0,32,117
19,4,116,0,-1,33,117
19,5,117,0,-2,30,117
19,6,117,0,-3,30,117
0,1,0,0,119,0,137
0,2,6,0,118,6,137
0,3,7,0,117,7,137
0,4,7,0,116,7,137
0,5,8,0,115,8,137
0,6,9,0,114,9,137
1,1,9,0,113,9,137
1,2,9,0,112,9,137
1,3,9,0,111,9,137
1,4,9,0,110,9,137
1,5,13,0,109,13,137
1,6,13,0,108,13,137
2,1,13,0,107,13,137
2,2,17,0,106,17,137
2,3,17,0,105,17,137
2,4,17,0,104,17,137
2,5,17,0,103,17,137
2,6,17,0,102,17,137
3,1,17,0,101,17,137
3,2,18,0,100,18,137
3,3,18,0,99,18,137
3,4,19,0,98,19,137
3,5,19,0,97,19,137
3,6,19,0,96,19,137
4,1,19,0,95,19,137
4,2,23,0,94,23,137
4,3,23,0,93,23,137
4,4,23,0,92,23,137
4,5,23,0,91,23,137
4,6,23,0,90,23,137
5,1,23,0,89,23,137
5,2,23,0,88,17,137
5,3,24,0,87,17,137
5,4,28,0,86,21,137
5,5,28,0,85,20,137
5,6,32,0,84,23,137
6,1,33,0,83,24,137
6,2,37,0,82,28,137
6,3,38,0,81,29,137
6,4,42,0,80,33,137
6,5,42,0,79,29,137
6,6,43,0,78,30,137
7,1,45,0,77,32,137
7,2,45,0,76,28,137
7,3,45,0,75,28,137
7,4,45,0,74,28,137
7,5,45,0,73,28,137
7,6,46,0,72,29,137
8,1,47,0,71,30,137
8,2,48,0,70,30,137
8,3,48,0,69,30,137
8,4,48,0,68,29,137
8,5,49,0,67,30,137
8,6,51,0,66,32,137
9,1,52,0,65,33,137
9,2,54,0,64,31,137
9,3,54,0,63,31,137
9,4,54,0,62,31,137
9,5,54,0,61,31,137
9,6,55,0,60,32,137
10,1,56,0,59,33,137
10,2,56,0,58,33,137
10,3,56,0,57,32,137
10,4,57,0,56,29,137
10,5,57,0,55,29,137
10,6,58,0,54,26,137
11,1,60,0,53,27,137
11,2,61,0,52,24,137
11,3,62,0,51,24,137
11,4,66,0,50,24,137
11,5,66,0,49,24,137
11,6,66,0,48,23,137
12,1,66,0,47,21,137
12,2,70,0,46,25,137
12,3,71,0,45,26,137
12,4,72,0,44,27,137
12,5,76,0,43,31,137
12,6,77,0,42,31,137
13,1,77,0,41,30,137
13,2,78,0,40,30,137
13,3,82,0,39,34,137
13,4,82,0,38,34,137
13,5,82,0,37,33,137
13,6,82,0,36,31,137
14,1,82,0,35,30,137
14,2,83,0,34,29,137
14,3,84,0,33,30,137
14,4,85,0,32,31,137
14,5,86,0,31,32,137
14,6,88,0,30,33,137
15,1,89,0,29,33,137
15,2,90,0,28,34,137
15,3,91,0,27,35,137
15,4,92,0,26,35,137
15,5,96,0,25,39,137
15,6,100,0,24,42,137
16,1,102,0,23,42,137
16,2,108,0,22,47,137
16,3,110,0,21,48,137
16,4,111,0,20,45,137
16,5,112,0,19,46,137
16,6,116,0,18,50,137
17,1,116,0,17,50,137
17,2,118,0,16,48,137
17,3,118,0,15,47,137
17,4,118,0,14,46,137
17,5,118,0,13,42,137
17,6,119,0,12,42,137
18,1,120,0,11,43,137
18,2,120,0,10,42,137
18,3,120,0,9,38,137
18,4,121,0,8,39,137
18,5,122,0,7,40,137
18,6,128,0,6,46,137
19,1,129,0,5,47,137
19,2,129,0,4,46,137
19,3,130,0,3,46,137
19,4,134,0,2,49,137
19,5,135,0,1,49,137
19,6,137,0,0,49,137
0,1,1,0,119,1,130
0,2,2,0,118,2,130
0,3,2,0,117,2,130
0,4,2,0,116,2,130
0,5,6,0,115,6,130
0,6,7,0,114,7,130
0,7,8,0,113,8,130
1,1,11,0,112,11,130
1,2,16,0,111,16,130
1,3,16,0,110,16,130
1,4,16,0,109,16,130
1,5,16,0,108,16,130
1,6,17,0,107,17,130
1,7,17,0,106,17,130
2,1,21,0,105,21,130
2,2,25,0,104,25,130
2,3,25,0,103,25,130
2,4,27,0,102,27,130
2,5,28,0,101,28,130
2,6,32,0,100,32,130
3,1,32,0,99,32,130
3,2,33,0,98,33,130
3,3,33,0,97,33,130
3,4,33,0,96,33,130
3,5,33,0,95,33,130
3,6,37,0,94,37,130
4,1,38,0,93,38,130
4,2,39,0,92,39,130
4,3,40,0,91,40,130
4,4,41,0,90,41,130
4,5,42,0,89,41,130
4,6,42,0,88,40,130
4,7,43,0,87,41,130
5,1,43,0,86,41,130
5,2,44,0,85,38,130
5,3,48,0,84,41,130
5,4,48,0,83,40,130
5,5,48,0,82,37,130
5,6,49,0,81,33,130
6,1,49,0,80,33,130
6,2,49,0,79,33,130
6,3,53,0,78,37,130
6,4,54,0,77,37,130
6,5,55,0,76,38,130
6,6,56,0,75,35,130
6,7,58,0,74,33,130
7,1,59,0,73,34,130
7,2,59,0,72,32,130
7,3,59,0,71,31,130
7,4,61,0,70,29,130
7,5,62,0,69,30,130
7,6,62,0,68,29,130
8,1,63,0,67,30,130
8,2,64,0,66,31,130
8,3,66,0,65,33,130
8,4,66,0,64,29,130
8,5,67,0,63,29,130
8,6,68,0,62,29,130
8,7,69,0,61,29,130
9,1,70,0,60,29,130
9,2,70,0,59,28,130
9,3,70,0,58,28,130
9,4,71,0,57,28,130
9,5,71,0,56,28,130
9,6,72,0,55,28,130
10,1,73,0,54,25,130
10,2,74,0,53,26,130
10,3,75,0,52,27,130
10,4,75,0,51,26,130
10,5,76,0,50,27,130
10,6,77,0,49,28,130
11,1,77,0,48,24,130
11,2,78,0,47,24,130
11,3,78,0,46,23,130
11,4,79,0,45,23,130
11,5,80,0,44,22,130
11,6,80,0,43,21,130
12,1,81,0,42,22,130
12,2,82,0,41,23,130
12,3,83,0,40,22,130
12,4,84,0,39,22,130
12,5,85,0,38,23,130
12,6,91,0,37,28,130
13,1,91,0,36,27,130
13,2,91,0,35,25,130
13,3,92,0,34,26,130
13,4,93,0,33,26,130
13,5,94,0,32,26,130
13,6,95,0,31,26,130
14,1,96,0,30,26,130
14,2,96,0,29,26,130
14,3,97,0,28,27,130
14,4,97,0,27,26,130
14,5,97,0,26,26,130
14,6,98,0,25,26,130
14,7,100,0,24,27,130
15,1,100,0,23,26,130
15,2,102,0,22,27,130
15,3,103,0,21,28,130
15,4,104,0,20,28,130
15,5,105,0,19,28,130
15,6,108,0,18,31,130
16,1,108,0,17,30,130
16,2,109,0,16,31,130
16,3,113,0,15,34,130
16,4,113,0,14,33,130
16,5,113,0,13,33,130
16,6,113,0,12,32,130
17,1,114,0,11,32,130
17,2,115,0,10,32,130
17,3,116,0,9,32,130
17,4,117,0,8,32,130
17,5,117,0,7,26,130
17,6,117,0,6,26,130
18,1,119,0,5,28,130
18,2,120,0,4,28,130
18,3,121,0,3,28,130
18,4,122,0,2,28,130
18,5,124,0,1,29,130
18,6,124,0,0,28,130
18,7,124,0,-1,28,130
19,1,124,0,-2,27,130
19,2,126,0,-3,29,130
19,3,126,0,-4,29,130
19,4,126,0,-5,28,130
19,5,128,0,-6,28,130
19,6,130,0,-7,30,130
0,1,1,0,119,1,143
0,2,1,0,118,1,143
0,3,1,0,117,1,143
0,4,1,0,116,1,143
0,5,1,0,115,1,143
0,6,1,0,114,1,143
1,1,2,0,113,2,143
1,2,2,0,112,2,143
1,3,6,0,111,6,143
1,4,7,0,110,7,143
1,5,11,0,109,11,143
1,6,13,0,108,13,143
1,7,19,0,107,19,143
2,1,20,0,106,20,143
2,2,24,0,105,24,143
2,3,24,0,104,24,143
2,4,24,0,103,24,143
2,5,25,0,102,25,143
2,6,27,0,101,27,143
3,1,28,0,100,28,143
3,2,29,0,99,29,143
3,3,30,0,98,30,143
3,4,31,0,97,31,143
3,5,31,0,96,31,143
3,6,31,0,95,31,143
3,7,32,0,94,32,143
4,1,33,0,93,33,143
4,2,33,0,92,33,143
4,3,35,0,91,35,143
4,4,35,0,90,35,143
4,5,35,0,89,34,143
4,6,36,0,88,35,143
5,1,36,0,87,35,143
5,2,36,0,86,35,143
5,3,37,0,85,36,143
5,4,37,0,84,36,143
5,5,39,0,83,37,143
5,6,39,0,82,37,143
6,1,40,0,81,34,143
6,2,46,0,80,39,143
6,3,46,0,79,35,143
6,4,46,0,78,33,143
6,5,47,0,77,28,143
6,6,48,0,76,28,143
7,1,49,0,75,25,143
7,2,51,0,74,27,143
7,3,52,0,73,28,143
7,4,52,0,72,27,143
7,5,56,0,71,29,143
7,6,56,0,70,28,143
8,1,56,0,69,27,143
8,2,57,0,68,27,143
8,3,58,0,67,27,143
8,4,59,0,66,28,143
8,5,63,0,65,32,143
8,6,64,0,64,32,143
9,1,65,0,63,32,143
9,2,65,0,62,32,143
9,3,65,0,61,30,143
9,4,65,0,60,30,143
9,5,66,0,59,31,143
9,6,66,0,58,30,143
10,1,66,0,57,30,143
10,2,69,0,56,33,143
10,3,69,0,55,32,143
10,4,70,0,54,33,143
10,5,71,0,53,32,143
10,6,72,0,52,33,143
11,1,73,0,51,33,143
11,2,74,0,50,28,143
11,3,74,0,49,28,143
11,4,80,0,48,34,143
11,5,81,0,47,34,143
11,6,82,0,46,34,143
12,1,82,0,45,33,143
12,2,83,0,44,32,143
12,3,83,0,43,31,143
12,4,83,0,42,31,143
12,5,84,0,41,28,143
12,6,85,0,40,29,143
13,1,85,0,39,29,143
13,2,87,0,38,30,143
13,3,88,0,37,30,143
13,4,88,0,36,29,143
13,5,89,0,35,26,143
13,6,89,0,34,25,143
13,7,91,0,33,26,143
14,1,92,0,32,27,143
14,2,93,0,31,28,143
14,3,99,0,30,34,143
14,4,100,0,29,34,143
14,5,101,0,28,35,143
14,6,102,0,27,36,143
14,7,102,0,26,33,143
15,1,103,0,25,34,143
15,2,104,0,24,34,143
15,3,105,0,23,34,143
15,4,106,0,22,34,143
15,5,107,0,21,34,143
15,6,111,0,20,37,143
16,1,113,0,19,39,143
16,2,114,0,18,34,143
16,3,115,0,17,34,143
16,4,119,0,16,37,143
16,5,119,0,15,37,143
16,6,119,0,14,36,143
17,1,119,0,13,36,143
17,2,120,0,12,37,143
17,3,121,0,11,37,143
17,4,122,0,10,37,143
17,5,123,0,9,38,143
17,6,127,0,8,40,143
18,1,128,0,7,40,143
18,2,128,0,6,40,143
18,3,129,0,5,40,143
18,4,129,0,4,40,143
18,5,133,0,3,42,143
18,6,133,0,2,41,143
19,1,134,0,1,41,143
19,2,135,0,0,36,143
19,3,136,0,-1,36,143
19,4,137,0,-2,36,143
19,5,139,0,-3,37,143
19,6,143,0,-4,41,143
0,1,0,0,119,0,147
0,2,1,0,118,1,147
0,3,1,0,117,1,147
0,4,1,0,116,1,147
0,5,1,0,115,1,147
0,6,1,0,114,1,147
1,1,1,0,113,1,147
1,2,3,0,112,3,147
1,3,3,0,111,3,147
1,4,7,0,110,7,147
1,5,7,0,109,7,147
1,6,7,0,108,7,147
2,1,11,0,107,11,147
2,2,11,0,106,11,147
2,3,15,0,105,15,147
2,4,15,0,104,15,147
2,5,15,0,103,15,147
2,6,19,0,102,19,147
3,1,19,0,101,19,147
3,2,19,0,100,19,147
3,3,23,0,99,23,147
3,4,25,0,98,25,147
3,5,26,0,97,26,147
3,6,26,0,96,26,147
4,1,26,0,95,26,147
4,2,30,0,94,30,147
4,3,30,0,93,30,147
4,4,30,0,92,30,147
4,5,31,0,91,31,147
4,6,32,0,90,32,147
5,1,32,0,89,32,147
5,2,32,0,88,31,147
5,3,36,0,87,35,147
5,4,36,0,86,35,147
5,5,36,0,85,35,147
5,6,37,0,84,36,147
6,1,38,0,83,37,147
6,2,39,0,82,36,147
6,3,40,0,81,37,147
6,4,41,0,80,34,147
6,5,41,0,79,34,147
6,6,41,0,78,34,147
7,1,42,0,77,31,147
7,2,42,0,76,31,147
7,3,42,0,75,27,147
7,4,42,0,74,27,147
7,5,43,0,73,28,147
7,6,44,0,72,25,147
8,1,45,0,71,26,147
8,2,45,0,70,26,147
8,3,46,0,69,23,147
8,4,46,0,68,21,147
8,5,50,0,67,24,147
8,6,51,0,66,25,147
9,1,52,0,65,26,147
9,2,52,0,64,22,147
9,3,52,0,63,22,147
9,4,54,0,62,24,147
9,5,57,0,61,26,147
9,6,58,0,60,26,147
10,1,58,0,59,26,147
10,2,59,0,58,27,147
10,3,59,0,57,23,147
10,4,60,0,56,24,147
10,5,61,0,55,25,147
10,6,61,0,54,24,147
11,1,65,0,53,27,147
11,2,66,0,52,27,147
11,3,67,0,51,27,147
11,4,68,0,50,27,147
11,5,68,0,49,27,147
11,6,70,0,48,29,147
12,1,76,0,47,34,147
12,2,77,0,46,35,147
12,3,78,0,45,36,147
12,4,80,0,44,38,147
12,5,80,0,43,37,147
12,6,82,0,42,38,147
13,1,83,0,41,38,147
13,2,83,0,40,38,147
13,3,83,0,39,37,147
13,4,84,0,38,38,147
13,5,85,0,37,35,147
13,6,86,0,36,35,147
13,7,87,0,35,35,147
14,1,87,0,34,35,147
14,2,88,0,33,36,147
14,3,92,0,32,38,147
14,4,93,0,31,36,147
14,5,93,0,30,35,147
14,6,94,0,29,36,147
14,7,95,0,28,36,147
15,1,95,0,27,36,147
15,2,99,0,26,39,147
15,3,100,0,25,39,147
15,4,100,0,24,39,147
15,5,102,0,23,37,147
15,6,103,0,22,37,147
16,1,103,0,21,36,147
16,2,104,0,20,36,147
16,3,105,0,19,37,147
16,4,106,0,18,36,147
16,5,107,0,17,31,147
16,6,109,0,16,32,147
17,1,115,0,15,37,147
17,2,119,0,14,39,147
17,3,123,0,13,43,147
17,4,127,0,12,45,147
17,5,128,0,11,45,147
17,6,130,0,10,47,147
18,1,131,0,9,48,147
18,2,133,0,8,49,147
18,3,134,0,7,49,147
18,4,138,0,6,52,147
18,5,138,0,5,51,147
18,6,140,0,4,53,147
19,1,140,0,3,52,147
19,2,140,0,2,48,147
19,3,143,0,1,50,147
19,4,143,0,0,50,147
19,5,145,0,-1,51,147
19,6,147,0,-2,52,147
0,1,0,0,119,0,131
0,2,0,0,118,0,131
0,3,0,0,117,0,131
0,4,1,0,116,1,131
0,5,5,0,115,5,131
0,6,5,0,114,5,131
1,1,5,0,113,5,131
1,2,5,0,112,5,131
1,3,5,0,111,5,131
1,4,6,0,110,6,131
1,5,7,0,109,7,131
1,6,7,0,108,7,131
2,1,9,0,107,9,131
2,2,10,0,106,10,131
2,3,10,0,105,10,131
2,4,10,0,104,10,131
2,5,10,0,103,10,131
2,6,10,0,102,10,131
3,1,11,0,101,11,131
3,2,17,0,100,17,131
3,3,17,0,99,17,131
3,4,18,0,98,18,131
3,5,22,0,97,22,131
3,6,22,0,96,22,131
4,1,22,0,95,22,131
4,2,22,0,94,22,131
4,3,22,0,93,22,131
4,4,22,0,92,22,131
4,5,24,0,91,24,131
4,6,24,0,90,24,131
5,1,25,0,89,25,131
5,2,26,0,88,26,131
5,3,26,0,87,26,131
5,4,27,0,86,26,131
5,5,28,0,85,23,131
5,6,28,0,84,23,131
6,1,28,0,83,23,131
6,2,29,0,82,24,131
6,3,30,0,81,25,131
6,4,31,0,80,25,131
6,5,35,0,79,28,131
6,6,36,0,78,29,131
7,1,37,0,77,28,131
7,2,38,0,76,28,131
7,3,39,0,75,29,131
7,4,39,0,74,29,131
7,5,40,0,73,30,131
7,6,41,0,72,31,131
8,1,42,0,71,31,131
8,2,43,0,70,26,131
8,3,44,0,69,27,131
8,4,45,0,68,27,131
8,5,45,0,67,23,131
8,6,47,0,66,25,131
9,1,48,0,65,26,131
9,2,49,0,64,27,131
9,3,53,0,63,31,131
9,4,54,0,62,32,131
9,5,54,0,61,30,131
9,6,55,0,60,31,131
10,1,56,0,59,31,131
10,2,57,0,58,31,131
10,3,57,0,57,31,131
10,4,61,0,56,34,131
10,5,63,0,55,35,131
10,6,65,0,54,37,131
11,1,66,0,53,38,131
11,2,66,0,52,37,131
11,3,66,0,51,36,131
11,4,67,0,50,36,131
11,5,68,0,49,33,131
11,6,70,0,48,34,131
12,1,70,0,47,33,131
12,2,70,0,46,32,131
12,3,71,0,45,32,131
12,4,72,0,44,33,131
12,5,72,0,43,32,131
12,6,73,0,42,32,131
13,1,75,0,41,33,131
13,2,79,0,40,36,131
13,3,83,0,39,39,131
13,4,89,0,38,44,131
13,5,90,0,37,45,131
13,6,91,0,36,44,131
14,1,93,0,35,45,131
14,2,95,0,34,46,131
14,3,96,0,33,43,131
14,4,97,0,32,43,131
14,5,97,0,31,43,131
14,6,98,0,30,43,131
15,1,99,0,29,43,131
15,2,99,0,28,42,131
15,3,101,0,27,44,131
15,4,101,0,26,40,131
15,5,101,0,25,38,131
15,6,102,0,24,37,131
16,1,103,0,23,37,131
16,2,107,0,22,41,131
16,3,109,0,21,43,131
16,4,110,0,20,43,131
16,5,110,0,19,42,131
16,6,111,0,18,41,131
17,1,111,0,17,41,131
17,2,115,0,16,45,131
17,3,116,0,15,45,131
17,4,117,0,14,45,131
17,5,117,0,13,45,131
17,6,118,0,12,45,131
18,1,119,0,11,44,131
18,2,120,0,10,41,131
18,3,121,0,9,38,131
18,4,122,0,8,33,131
18,5,123,0,7,33,131
18,6,125,0,6,34,131
19,1,126,0,5,33,131
19,2,127,0,4,32,131
19,3,129,0,3,33,131
19,4,129,0,2,32,131
19,5,130,0,1,33,131
19,6,131,0,0,33,131
0,1,1,0,119,1,49
0,2,1,0,118,1,49
0,3,2,0,117,2,49
0,4,2,0,116,2,49
0,5,2,0,115,2,49
0,6,2,0,114,2,49
1,1,5,0,113,5,49
1,2,5,0,112,5,49
1,3,5,0,111,5,49
1,4,5,0,110,5,49
1,5,6,0,109,6,49
1,6,6,0,108,6,49
1,7,6,0,107,6,49
2,1,6,0,106,6,49
2,2,7,0,105,7,49
2,3,7,0,104,7,49
2,4,7,0,103,7,49
2,5,9,0,102,9,49
2,6,9,0,101,9,49
3,1,9,0,100,9,49
3,2,9,0,99,9,49
3,3,13,0,98,13,49
3,4,13,0,97,13,49
3,5,13,0,96,13,49
3,6,14,0,95,14,49
4,1,15,0,94,15,49
4,2,15,0,93,15,49
4,3,15,0,92,15,49
4,4,16,0,91,16,49
4,5,16,0,90,16,49
4,6,16,0,89,15,49
5,1,17,0,88,16,49
5,2,17,0,87,15,49
5,3,17,0,86,15,49
5,4,18,0,85,16,49
5,5,18,0,84,16,49
5,6,18,0,83,13,49
5,7,19,0,82,14,49
5,8,19,0,81,14,49
6,1,23,0,80,18,49
6,2,23,0,79,17,49
6,3,23,0,78,17,49
6,4,23,0,77,17,49
6,5,23,0,76,17,49
6,6,24,0,75,17,49
6,7,24,0,74,17,49
7,1,24,0,73,17,49
7,2,24,0,72,15,49
7,3,24,0,71,15,49
7,4,25,0,70,16,49
7,5,25,0,69,16,49
7,6,25,0,68,12,49
8,1,25,0,67,12,49
8,2,25,0,66,12,49
8,3,25,0,65,11,49
8,4,25,0,64,10,49
8,5,25,0,63,10,49
8,6,25,0,62,10,49
9,1,25,0,61,9,49
9,2,26,0,60,10,49
9,3,27,0,59,11,49
9,4,27,0,58,10,49
9,5,27,0,57,10,49
9,6,28,0,56,11,49
10,1,29,0,55,11,49
10,2,29,0,54,11,49
10,3,29,0,53,11,49
10,4,29,0,52,10,49
10,5,29,0,51,10,49
10,6,29,0,50,6,49
11,1,29,0,49,6,49
11,2,30,0,48,7,49
11,3,30,0,47,7,49
11,4,31,0,46,8,49
11,5,31,0,45,7,49
11,6,31,0,44,7,49
12,1,31,0,43,7,49
12,2,32,0,42,8,49
12,3,32,0,41,8,49
12,4,34,0,40,9,49
12,5,34,0,39,9,49
12,6,34,0,38,9,49
13,1,34,0,37,9,49
13,2,34,0,36,9,49
13,3,34,0,35,9,49
13,4,34,0,34,9,49
13,5,34,0,33,9,49
13,6,34,0,32,9,49
14,1,35,0,31,10,49
14,2,35,0,30,9,49
14,3,35,0,29,8,49
14,4,36,0,28,9,49
14,5,36,0,27,9,49
14,6,38,0,26,10,49
15,1,38,0,25,9,49
15,2,39,0,24,10,49
15,3,39,0,23,10,49
15,4,39,0,22,10,49
15,5,39,0,21,10,49
15,6,39,0,20,10,49
16,1,40,0,19,11,49
16,2,40,0,18,10,49
16,3,40,0,17,10,49
16,4,40,0,16,9,49
16,5,40,0,15,9,49
16,6,41,0,14,10,49
17,1,41,0,13,10,49
17,2,42,0,12,10,49
17,3,42,0,11,10,49
17,4,42,0,10,8,49
17,5,43,0,9,9,49
17,6,44,0,8,10,49
17,7,44,0,7,10,49
18,1,45,0,6,11,49
18,2,46,0,5,12,49
18,3,46,0,4,12,49
18,4,47,0,3,13,49
18,5,47,0,2,13,49
18,6,48,0,1,13,49
18,7,48,0,0,13,49
19,1,48,0,-1,13,49
19,2,48,0,-2,12,49
19,3,48,0,-3,12,49
19,4,49,0,-4,11,49
19,5,49,0,-5,11,49
19,6,49,0,-6,10,49
0,1,0,0,119,0,64
0,2,0,0,118,0,64
0,3,0,0,117,0,64
0,4,0,0,116,0,64
0,5,0,0,115,0,64
0,6,0,0,114,0,64
1,1,0,0,113,0,64
1,2,1,0,112,1,64
1,3,2,0,111,2,64
1,4,2,0,110,2,64
1,5,4,0,109,4,64
1,6,4,0,108,4,64
1,7,5,0,107,5,64
2,1,5,0,106,5,64
2,2,5,0,105,5,64
2,3,5,0,104,5,64
2,4,9,0,103,9,64
2,5,9,0,102,9,64
2,6,10,0,101,10,64
3,1,10,0,100,10,64
3,2,10,0,99,10,64
3,3,10,0,98,10,64
3,4,10,0,97,10,64
3,5,10,0,96,10,64
3,6,10,0,95,10,64
4,1,10,0,94,10,64
4,2,11,0,93,11,64
4,3,11,0,92,11,64
4,4,12,0,91,12,64
4,5,12,0,90,12,64
4,6,12,0,89,12,64
4,7,12,0,88,12,64
5,1,13,0,87,13,64
5,2,13,0,86,13,64
5,3,14,0,85,14,64
5,4,14,0,84,14,64
5,5,14,0,83,14,64
5,6,14,0,82,13,64
5,7,14,0,81,12,64
6,1,14,0,80,12,64
6,2,14,0,79,10,64
6,3,14,0,78,10,64
6,4,14,0,77,9,64
6,5,14,0,76,9,64
6,6,14,0,75,9,64
7,1,14,0,74,9,64
7,2,14,0,73,5,64
7,3,14,0,72,5,64
7,4,15,0,71,5,64
7,5,16,0,70,6,64
7,6,16,0,69,6,64
7,7,16,0,68,6,64
8,1,16,0,67,6,64
8,2,16,0,66,6,64
8,3,16,0,65,6,64
8,4,16,0,64,6,64
8,5,16,0,63,5,64
8,6,16,0,62,5,64
9,1,16,0,61,4,64
9,2,17,0,60,5,64
9,3,17,0,59,5,64
9,4,17,0,58,5,64
9,5,17,0,57,4,64
9,6,17,0,56,4,64
10,1,17,0,55,3,64
10,2,18,0,54,4,64
10,3,19,0,53,5,64
10,4,19,0,52,5,64
10,5,20,0,51,6,64
10,6,21,0,50,7,64
10,7,21,0,49,7,64
10,8,23,0,48,9,64
11,1,24,0,47,10,64
11,2,24,0,46,10,64
11,3,25,0,45,11,64
11,4,25,0,44,11,64
11,5,25,0,43,11,64
11,6,26,0,42,12,64
12,1,27,0,41,12,64
12,2,29,0,40,13,64
12,3,31,0,39,15,64
12,4,31,0,38,15,64
12,5,32,0,37,16,64
12,6,32,0,36,16,64
12,7,32,0,35,16,64
12,8,33,0,34,17,64
12,9,35,0,33,19,64
13,1,37,0,32,21,64
13,2,37,0,31,21,64
13,3,38,0,30,21,64
13,4,38,0,29,21,64
13,5,39,0,28,22,64
13,6,39,0,27,22,64
14,1,39,0,26,22,64
14,2,39,0,25,22,64
14,3,39,0,24,21,64
14,4,40,0,23,21,64
14,5,41,0,22,22,64
14,6,41,0,21,21,64
14,7,42,0,20,21,64
15,1,43,0,19,22,64
15,2,43,0,18,20,64
15,3,44,0,17,20,64
15,4,44,0,16,20,64
15,5,45,0,15,20,64
15,6,46,0,14,21,64
16,1,46,0,13,21,64
16,2,46,0,12,20,64
16,3,46,0,11,19,64
16,4,47,0,10,18,64
16,5,47,0,9,16,64
16,6,47,0,8,16,64
17,1,48,0,7,16,64
17,2,49,0,6,17,64
17,3,49,0,5,17,64
17,4,51,0,4,18,64
17,5,51,0,3,16,64
17,6,52,0,2,15,64
17,7,52,0,1,15,64
18,1,53,0,0,15,64
18,2,55,0,-1,17,64
18,3,56,0,-2,17,64
18,4,57,0,-3,18,64
18,5,58,0,-4,19,64
18,6,58,0,-5,19,64
19,1,59,0,-6,20,64
19,2,60,0,-7,20,64
19,3,61,0,-8,20,64
19,4,62,0,-9,21,64
19,5,63,0,-10,21,64
19,6,64,0,-11,21,64
19,7,64,0,-12,21,64
0,1,1,0,119,1,88
0,2,1,0,118,1,88
0,3,1,0,117,1,88
0,4,2,0,116,2,88
0,5,3,0,115,3,88
0,6,4,0,114,4,88
0,7,4,0,113,4,88
0,8,4,0,112,4,88
1,1,4,0,111,4,88
1,2,4,0,110,4,88
1,3,5,0,109,5,88
1,4,5,0,108,5,88
1,5,5,0,107,5,88
1,6,6,0,106,6,88
2,1,6,0,105,6,88
2,2,6,0,104,6,88
2,3,7,0,103,7,88
2,4,7,0,102,7,88
2,5,8,0,101,8,88
2,6,8,0,100,8,88
3,1,8,0,99,8,88
3,2,8,0,98,8,88
3,3,8,0,97,8,88
3,4,9,0,96,9,88
3,5,10,0,95,10,88
3,6,10,0,94,10,88
4,1,10,0,93,10,88
4,2,10,0,92,10,88
4,3,10,0,91,10,88
4,4,10,0,90,10,88
4,5,10,0,89,9,88
4,6,11,0,88,10,88
5,1,12,0,87,11,88
5,2,12,0,86,10,88
5,3,13,0,85,10,88
5,4,14,0,84,10,88
5,5,15,0,83,11,88
5,6,15,0,82,11,88
6,1,15,0,81,11,88
6,2,15,0,80,11,88
6,3,15,0,79,10,88
6,4,15,0,78,10,88
6,5,15,0,77,10,88
6,6,15,0,76,9,88
7,1,16,0,75,10,88
7,2,16,0,74,10,88
7,3,16,0,73,9,88
7,4,16,0,72,9,88
7,5,17,0,71,9,88
7,6,18,0,70,10,88
8,1,18,0,69,10,88
8,2,18,0,68,10,88
8,3,18,0,67,10,88
8,4,18,0,66,9,88
8,5,18,0,65,8,88
8,6,19,0,64,9,88
8,7,20,0,63,10,88
8,8,22,0,62,12,88
9,1,23,0,61,13,88
9,2,23,0,60,13,88
9,3,23,0,59,13,88
9,4,23,0,58,12,88
9,5,23,0,57,11,88
9,6,24,0,56,12,88
9,7,24,0,55,11,88
10,1,24,0,54,10,88
10,2,25,0,53,10,88
10,3,25,0,52,10,88
10,4,27,0,51,12,88
10,5,27,0,50,12,88
10,6,27,0,49,12,88
10,7,29,0,48,14,88
11,1,30,0,47,15,88
11,2,30,0,46,15,88
11,3,31,0,45,15,88
11,4,31,0,44,15,88
11,5,31,0,43,15,88
11,6,34,0,42,18,88
11,7,36,0,41,19,88
11,8,36,0,40,18,88
11,9,38,0,39,20,88
12,1,38,0,38,20,88
12,2,40,0,37,22,88
12,3,41,0,36,23,88
12,4,43,0,35,25,88
12,5,44,0,34,25,88
12,6,46,0,33,26,88
12,7,46,0,32,24,88
13,1,48,0,31,25,88
13,2,48,0,30,25,88
13,3,48,0,29,25,88
13,4,50,0,28,27,88
13,5,50,0,27,27,88
13,6,51,0,26,27,88
14,1,51,0,25,27,88
14,2,52,0,24,28,88
14,3,53,0,23,28,88
14,4,54,0,22,29,88
14,5,56,0,21,29,88
14,6,58,0,20,31,88
14,7,58,0,19,31,88
14,8,59,0,18,30,88
14,9,59,0,17,29,88
15,1,60,0,16,30,88
15,2,62,0,15,31,88
15,3,62,0,14,31,88
15,4,63,0,13,32,88
15,5,64,0,12,30,88
15,6,64,0,11,28,88
16,1,65,0,10,29,88
16,2,66,0,9,28,88
16,3,67,0,8,29,88
16,4,67,0,7,27,88
16,5,70,0,6,29,88
16,6,72,0,5,29,88
16,7,72,0,4,28,88
16,8,73,0,3,27,88
16,9,73,0,2,27,88
17,1,74,0,1,26,88
17,2,75,0,0,27,88
17,3,75,0,-1,27,88
17,4,75,0,-2,25,88
17,5,75,0,-3,25,88
17,6,76,0,-4,25,88
18,1,76,0,-5,25,88
18,2,77,0,-6,25,88
18,3,81,0,-7,28,88
18,4,82,0,-8,28,88
18,5,82,0,-9,26,88
18,6,82,0,-10,24,88
19,1,82,0,-11,24,88
19,2,82,0,-12,23,88
19,3,83,0,-13,24,88
19,4,84,0,-14,24,88
19,5,85,0,-15,23,88
19,6,88,0,-16,26,88
0,1,0,0,119,0,92
0,2,0,0,118,0,92
0,3,1,0,117,1,92
0,4,1,0,116,1,92
0,5,2,0,115,2,92
0,6,2,0,114,2,92
0,7,2,0,113,2,92
1,1,2,0,112,2,92
1,2,3,0,111,3,92
1,3,3,0,110,3,92
1,4,6,0,109,6,92
1,5,6,0,108,6,92
1,6,7,0,107,7,92
1,7,7,0,106,7,92
2,1,7,0,105,7,92
2,2,8,0,104,8,92
2,3,8,0,103,8,92
2,4,9,0,102,9,92
2,5,10,0,101,10,92
2,6,12,0,100,12,92
2,7,13,0,99,13,92
2,8,14,0,98,14,92
3,1,14,0,97,14,92
3,2,14,0,96,14,92
3,3,16,0,95,16,92
3,4,16,0,94,16,92
3,5,16,0,93,16,92
3,6,17,0,92,17,92
4,1,17,0,91,17,92
4,2,18,0,90,18,92
4,3,18,0,89,18,92
4,4,18,0,88,18,92
4,5,19,0,87,18,92
4,6,19,0,86,18,92
4,7,20,0,85,18,92
5,1,21,0,84,19,92
5,2,23,0,83,21,92
5,3,23,0,82,21,92
5,4,24,0,81,21,92
5,5,26,0,80,23,92
5,6,27,0,79,21,92
5,7,28,0,78,22,92
6,1,29,0,77,22,92
6,2,33,0,76,26,92
6,3,34,0,75,27,92
6,4,35,0,74,27,92
6,5,36,0,73,28,92
6,6,36,0,72,27,92
7,1,36,0,71,26,92
7,2,38,0,70,26,92
7,3,38,0,69,25,92
7,4,38,0,68,24,92
7,5,39,0,67,25,92
7,6,40,0,66,26,92
8,1,41,0,65,25,92
8,2,41,0,64,25,92
8,3,42,0,63,26,92
8,4,43,0,62,26,92
8,5,44,0,61,27,92
8,6,45,0,60,27,92
9,1,45,0,59,27,92
9,2,45,0,58,27,92
9,3,46,0,57,27,92
9,4,46,0,56,27,92
9,5,47,0,55,27,92
9,6,48,0,54,27,92
10,1,49,0,53,26,92
10,2,51,0,52,28,92
10,3,51,0,51,27,92
10,4,52,0,50,26,92
10,5,52,0,49,25,92
10,6,53,0,48,25,92
10,7,53,0,47,24,92
11,1,53,0,46,20,92
11,2,53,0,45,19,92
11,3,54,0,44,19,92
11,4,55,0,43,19,92
11,5,55,0,42,19,92
11,6,56,0,41,20,92
12,1,56,0,40,18,92
12,2,57,0,39,19,92
12,3,59,0,38,21,92
12,4,60,0,37,21,92
12,5,61,0,36,21,92
12,6,61,0,35,20,92
13,1,62,0,34,21,92
13,2,63,0,33,21,92
13,3,64,0,32,21,92
13,4,65,0,31,21,92
13,5,65,0,30,20,92
13,6,65,0,29,20,92
13,7,65,0,28,20,92
13,8,65,0,27,19,92
14,1,66,0,26,20,92
14,2,67,0,25,20,92
14,3,67,0,24,19,92
14,4,68,0,23,19,92
14,5,69,0,22,18,92
14,6,69,0,21,18,92
14,7,70,0,20,18,92
15,1,71,0,19,19,92
15,2,72,0,18,19,92
15,3,72,0,17,19,92
15,4,72,0,16,19,92
15,5,75,0,15,22,92
15,6,75,0,14,21,92
15,7,75,0,13,20,92
16,1,76,0,12,21,92
16,2,76,0,11,20,92
16,3,76,0,10,20,92
16,4,76,0,9,19,92
16,5,76,0,8,17,92
16,6,77,0,7,17,92
16,7,78,0,6,17,92
16,8,78,0,5,17,92
17,1,78,0,4,16,92
17,2,78,0,3,15,92
17,3,79,0,2,15,92
17,4,81,0,1,16,92
17,5,82,0,0,17,92
17,6,82,0,-1,17,92
17,7,83,0,-2,18,92
18,1,84,0,-3,19,92
18,2,84,0,-4,18,92
18,3,85,0,-5,18,92
18,4,87,0,-6,20,92
18,5,87,0,-7,19,92
18,6,88,0,-8,19,92
18,7,89,0,-9,20,92
18,8,89,0,-10,19,92
19,1,90,0,-11,19,92
19,2,90,0,-12,18,92
19,3,90,0,-13,18,92
19,4,90,0,-14,18,92
19,5,92,0,-15,17,92
19,6,92,0,-16,17,92
0,1,0,0,119,0,71
0,2,1,0,118,1,71
0,3,1,0,117,1,71
0,4,1,0,116,1,71
0,5,1,0,115,1,71
0,6,1,0,114,1,71
0,7,1,0,113,1,71
1,1,1,0,112,1,71
1,2,1,0,111,1,71
1,3,1,0,110,1,71
1,4,2,0,109,2,71
1,5,2,0,108,2,71
1,6,5,0,107,5,71
1,7,7,0,106,7,71
1,8,7,0,105,7,71
1,9,7,0,104,7,71
2,1,7,0,103,7,71
2,2,8,0,102,8,71
2,3,8,0,101,8,71
2,4,8,0,100,8,71
2,5,8,0,99,8,71
2,6,9,0,98,9,71
3,1,9,0,97,9,71
3,2,9,0,96,9,71
3,3,10,0,95,10,71
3,4,10,0,94,10,71
3,5,11,0,93,11,71
3,6,11,0,92,11,71
3,7,11,0,91,11,71
4,1,11,0,90,11,71
4,2,11,0,89,11,71
4,3,12,0,88,11,71
4,4,12,0,87,11,71
4,5,12,0,86,11,71
4,6,12,0,85,11,71
4,7,12,0,84,11,71
5,1,12,0,83,11,71
5,2,12,0,82,11,71
5,3,12,0,81,11,71
5,4,12,0,80,11,71
5,5,12,0,79,10,71
5,6,13,0,78,11,71
6,1,13,0,77,8,71
6,2,13,0,76,6,71
6,3,13,0,75,6,71
6,4,14,0,74,7,71
6,5,14,0,73,7,71
6,6,15,0,72,7,71
7,1,15,0,71,7,71
7,2,15,0,70,7,71
7,3,15,0,69,7,71
7,4,15,0,68,6,71
7,5,17,0,67,8,71
7,6,18,0,66,9,71
8,1,18,0,65,8,71
8,2,18,0,64,8,71
8,3,18,0,63,7,71
8,4,18,0,62,7,71
8,5,18,0,61,7,71
8,6,18,0,60,7,71
9,1,18,0,59,7,71
9,2,18,0,58,6,71
9,3,19,0,57,7,71
9,4,20,0,56,8,71
9,5,20,0,55,8,71
9,6,20,0,54,8,71
10,1,20,0,53,8,71
10,2,20,0,52,8,71
10,3,20,0,51,8,71
10,4,20,0,50,8,71
10,5,20,0,49,8,71
10,6,20,0,48,7,71
11,1,20,0,47,7,71
11,2,20,0,46,7,71
11,3,24,0,45,11,71
11,4,24,0,44,10,71
11,5,25,0,43,11,71
11,6,29,0,42,14,71
12,1,30,0,41,15,71
12,2,30,0,40,15,71
12,3,30,0,39,15,71
12,4,30,0,38,15,71
12,5,31,0,37,14,71
12,6,31,0,36,13,71
13,1,33,0,35,15,71
13,2,33,0,34,15,71
13,3,35,0,33,17,71
13,4,35,0,32,17,71
13,5,35,0,31,17,71
13,6,36,0,30,18,71
14,1,37,0,29,19,71
14,2,37,0,28,19,71
14,3,38,0,27,19,71
14,4,42,0,26,22,71
14,5,43,0,25,23,71
14,6,43,0,24,23,71
14,7,44,0,23,24,71
15,1,44,0,22,24,71
15,2,44,0,21,24,71
15,3,44,0,20,24,71
15,4,45,0,19,25,71
15,5,45,0,18,25,71
15,6,45,0,17,25,71
16,1,46,0,16,26,71
16,2,46,0,15,22,71
16,3,46,0,14,22,71
16,4,49,0,13,24,71
16,5,51,0,12,22,71
16,6,52,0,11,22,71
16,7,53,0,10,23,71
17,1,53,0,9,23,71
17,2,54,0,8,24,71
17,3,54,0,7,23,71
17,4,55,0,6,24,71
17,5,56,0,5,23,71
17,6,60,0,4,27,71
18,1,61,0,3,26,71
18,2,63,0,2,28,71
18,3,63,0,1,28,71
18,4,63,0,0,27,71
18,5,64,0,-1,27,71
18,6,64,0,-2,27,71
18,7,64,0,-3,26,71
18,8,65,0,-4,23,71
19,1,67,0,-5,24,71
19,2,68,0,-6,25,71
19,3,69,0,-7,25,71
19,4,69,0,-8,25,71
19,5,71,0,-9,27,71
19,6,71,0,-10,27,71
0,1,2,0,119,2,149
0,2,3,0,118,3,149
0,3,4,0,117,4,149
0,4,5,0,116,5,149
0,5,7,0,115,7,149
0,6,9,0,114,9,149
0,7,9,0,113,9,149
1,1,10,0,112,10,149
1,2,12,0,111,12,149
1,3,12,0,110,12,149
1,4,12,0,109,12,149
1,5,12,0,108,12,149
1,6,16,0,107,16,149
1,7,16,0,106,16,149
2,1,20,0,105,20,149
2,2,22,0,104,22,149
2,3,22,0,103,22,149
2,4,22,0,102,22,149
2,5,22,0,101,22,149
2,6,25,0,100,25,149
2,7,25,0,99,25,149
3,1,26,0,98,26,149
3,2,26,0,97,26,149
3,3,26,0,96,26,149
3,4,26,0,95,26,149
3,5,27,0,94,27,149
3,6,27,0,93,27,149
4,1,30,0,92,30,149
4,2,31,0,91,31,149
4,3,31,0,90,31,149
4,4,35,0,89,33,149
4,5,36,0,88,33,149
4,6,37,0,87,33,149
5,1,39,0,86,34,149
5,2,43,0,85,36,149
5,3,43,0,84,34,149
5,4,43,0,83,34,149
5,5,44,0,82,34,149
5,6,44,0,81,32,149
5,7,44,0,80,32,149
6,1,44,0,79,32,149
6,2,44,0,78,32,149
6,3,44,0,77,28,149
6,4,48,0,76,32,149
6,5,49,0,75,29,149
6,6,49,0,74,27,149
7,1,49,0,73,27,149
7,2,50,0,72,28,149
7,3,50,0,71,28,149
7,4,50,0,70,25,149
7,5,52,0,69,27,149
7,6,54,0,68,28,149
7,7,54,0,67,28,149
8,1,54,0,66,28,149
8,2,54,0,65,28,149
8,3,58,0,64,31,149
8,4,60,0,63,33,149
8,5,60,0,62,30,149
8,6,61,0,61,30,149
9,1,62,0,60,31,149
9,2,62,0,59,27,149
9,3,63,0,58,27,149
9,4,64,0,57,27,149
9,5,64,0,56,25,149
9,6,64,0,55,21,149
10,1,64,0,54,21,149
10,2,68,0,53,25,149
10,3,69,0,52,25,149
10,4,69,0,51,25,149
10,5,69,0,50,25,149
10,6,70,0,49,26,149
11,1,72,0,48,28,149
11,2,75,0,47,31,149
11,3,75,0,46,27,149
11,4,75,0,45,26,149
11,5,76,0,44,27,149
11,6,76,0,43,27,149
12,1,77,0,42,27,149
12,2,77,0,41,27,149
12,3,78,0,40,28,149
12,4,79,0,39,27,149
12,5,83,0,38,29,149
12,6,83,0,37,29,149
13,1,85,0,36,31,149
13,2,85,0,35,31,149
13,3,86,0,34,28,149
13,4,87,0,33,27,149
13,5,87,0,32,27,149
13,6,89,0,31,28,149
14,1,89,0,30,27,149
14,2,93,0,29,31,149
14,3,97,0,28,34,149
14,4,98,0,27,34,149
14,5,98,0,26,34,149
14,6,99,0,25,35,149
15,1,100,0,24,36,149
15,2,102,0,23,34,149
15,3,102,0,22,33,149
15,4,103,0,21,34,149
15,5,103,0,20,34,149
15,6,107,0,19,37,149
16,1,109,0,18,37,149
16,2,110,0,17,35,149
16,3,114,0,16,39,149
16,4,115,0,15,40,149
16,5,118,0,14,42,149
16,6,118,0,13,42,149
16,7,119,0,12,42,149
17,1,121,0,11,44,149
17,2,122,0,10,44,149
17,3,123,0,9,44,149
17,4,125,0,8,42,149
17,5,126,0,7,43,149
17,6,127,0,6,42,149
18,1,128,0,5,43,149
18,2,128,0,4,42,149
18,3,130,0,3,43,149
18,4,130,0,2,43,149
18,5,134,0,1,45,149
18,6,138,0,0,49,149
19,1,138,0,-1,45,149
19,2,139,0,-2,42,149
19,3,143,0,-3,45,149
19,4,144,0,-4,46,149
19,5,146,0,-5,47,149
19,6,149,0,-6,49,149
0,1,1,0,119,1,97
0,2,1,0,118,1,97
0,3,1,0,117,1,97
0,4,2,0,116,2,97
0,5,3,0,115,3,97
0,6,4,0,114,4,97
0,7,5,0,113,5,97
0,8,5,0,112,5,97
0,9,6,0,111,6,97
1,1,7,0,110,7,97
1,2,9,0,109,9,97
1,3,9,0,108,9,97
1,4,9,0,107,9,97
1,5,11,0,106,11,97
1,6,11,0,105,11,97
1,7,11,0,104,11,97
2,1,12,0,103,12,97
2,2,13,0,102,13,97
2,3,13,0,101,13,97
2,4,13,0,100,13,97
2,5,14,0,99,14,97
2,6,15,0,98,15,97
3,1,15,0,97,15,97
3,2,15,0,96,15,97
3,3,15,0,95,15,97
3,4,16,0,94,16,97
3,5,17,0,93,17,97
3,6,17,0,92,17,97
4,1,18,0,91,18,97
4,2,18,0,90,18,97
4,3,18,0,89,17,97
4,4,20,0,88,19,97
4,5,22,0,87,21,97
4,6,24,0,86,22,97
5,1,25,0,85,22,97
5,2,26,0,84,22,97
5,3,26,0,83,21,97
5,4,27,0,82,22,97
5,5,28,0,81,22,97
5,6,29,0,80,22,97
5,7,30,0,79,21,97
6,1,31,0,78,22,97
6,2,32,0,77,23,97
6,3,32,0,76,21,97
6,4,33,0,75,22,97
6,5,35,0,74,24,97
6,6,36,0,73,24,97
6,7,37,0,72,24,97
7,1,38,0,71,25,97
7,2,40,0,70,27,97
7,3,40,0,69,26,97
7,4,42,0,68,27,97
7,5,42,0,67,27,97
7,6,44,0,66,29,97
8,1,44,0,65,29,97
8,2,46,0,64,30,97
8,3,50,0,63,33,97
8,4,51,0,62,34,97
8,5,53,0,61,35,97
8,6,53,0,60,35,97
9,1,53,0,59,35,97
9,2,55,0,58,35,97
9,3,55,0,57,33,97
9,4,55,0,56,31,97
9,5,55,0,55,30,97
9,6,55,0,54,29,97
10,1,56,0,53,30,97
10,2,58,0,52,31,97
10,3,59,0,51,31,97
10,4,63,0,50,34,97
10,5,67,0,49,37,97
10,6,68,0,48,37,97
11,1,69,0,47,37,97
11,2,71,0,46,39,97
11,3,71,0,45,38,97
11,4,75,0,44,40,97
11,5,76,0,43,40,97
11,6,78,0,42,41,97
12,1,79,0,41,41,97
12,2,80,0,40,40,97
12,3,81,0,39,41,97
12,4,85,0,38,43,97
12,5,86,0,37,44,97
12,6,86,0,36,42,97
12,7,87,0,35,43,97
12,8,87,0,34,41,97
13,1,89,0,33,39,97
13,2,90,0,32,39,97
13,3,92,0,31,39,97
13,4,93,0,30,40,97
13,5,95,0,29,42,97
13,6,97,0,28,42,97
0,1,0,0,119,0,37
0,2,0,0,118,0,37
0,3,0,0,117,0,37
0,4,0,0,116,0,37
0,5,1,0,115,1,37
0,6,1,0,114,1,37
1,1,1,0,113,1,37
1,2,3,0,112,3,37
1,3,3,0,111,3,37
1,4,3,0,110,3,37
1,5,3,0,109,3,37
1,6,3,0,108,3,37
1,7,3,0,107,3,37
2,1,3,0,106,3,37
2,2,3,0,105,3,37
2,3,3,0,104,3,37
2,4,5,0,103,5,37
2,5,5,0,102,5,37
2,6,5,0,101,5,37
3,1,6,0,100,6,37
3,2,6,0,99,6,37
3,3,6,0,98,6,37
3,4,6,0,97,6,37
3,5,6,0,96,6,37
3,6,6,0,95,6,37
3,7,6,0,94,6,37
4,1,6,0,93,6,37
4,2,6,0,92,6,37
4,3,6,0,91,6,37
4,4,7,0,90,7,37
4,5,8,0,89,8,37
4,6,9,0,88,9,37
5,1,9,0,87,9,37
5,2,9,0,86,9,37
5,3,10,0,85,9,37
5,4,10,0,84,9,37
5,5,10,0,83,9,37
5,6,10,0,82,7,37
6,1,10,0,81,7,37
6,2,10,0,80,7,37
6,3,10,0,79,7,37
6,4,10,0,78,7,37
6,5,11,0,77,8,37
6,6,11,0,76,8,37
7,1,11,0,75,8,37
7,2,12,0,74,9,37
7,3,12,0,73,7,37
7,4,12,0,72,7,37
7,5,12,0,71,7,37
7,6,12,0,70,6,37
8,1,12,0,69,6,37
8,2,13,0,68,7,37
8,3,13,0,67,7,37
8,4,13,0,66,7,37
8,5,13,0,65,7,37
8,6,15,0,64,9,37
9,1,15,0,63,9,37
9,2,15,0,62,9,37
9,3,15,0,61,9,37
9,4,15,0,60,8,37
9,5,15,0,59,7,37
9,6,15,0,58,6,37
10,1,15,0,57,6,37
10,2,15,0,56,6,37
10,3,15,0,55,5,37
10,4,15,0,54,5,37
10,5,15,0,53,5,37
10,6,15,0,52,5,37
11,1,15,0,51,5,37
11,2,17,0,50,7,37
11,3,17,0,49,7,37
11,4,19,0,48,9,37
11,5,19,0,47,8,37
11,6,19,0,46,8,37
12,1,20,0,45,9,37
12,2,20,0,44,8,37
12,3,20,0,43,8,37
12,4,20,0,42,8,37
12,5,20,0,41,8,37
12,6,20,0,40,8,37
13,1,20,0,39,8,37
13,2,20,0,38,7,37
13,3,20,0,37,7,37
13,4,20,0,36,7,37
13,5,20,0,35,7,37
13,6,20,0,34,5,37
14,1,20,0,33,5,37
14,2,20,0,32,5,37
14,3,20,0,31,5,37
14,4,20,0,30,5,37
14,5,20,0,29,5,37
14,6,20,0,28,5,37
15,1,20,0,27,5,37
15,2,20,0,26,5,37
15,3,20,0,25,5,37
15,4,22,0,24,7,37
15,5,22,0,23,7,37
15,6,22,0,22,7,37
16,1,22,0,21,7,37
16,2,24,0,20,7,37
16,3,25,0,19,8,37
16,4,25,0,18,6,37
16,5,26,0,17,7,37
16,6,26,0,16,7,37
17,1,26,0,15,6,37
17,2,26,0,14,6,37
17,3,26,0,13,6,37
17,4,27,0,12,7,37
17,5,31,0,11,11,37
17,6,31,0,10,11,37
18,1,31,0,9,11,37
18,2,34,0,8,14,37
18,3,35,0,7,15,37
18,4,36,0,6,16,37
18,5,36,0,5,16,37
18,6,37,0,4,17,37
18,7,37,0,3,17,37
0,1,1,0,119,1,95
0,2,2,0,118,2,95
0,3,2,0,117,2,95
0,4,2,0,116,2,95
0,5,5,0,115,5,95
0,6,5,0,114,5,95
0,7,5,0,113,5,95
0,8,5,0,112,5,95
1,1,6,0,111,6,95
1,2,6,0,110,6,95
1,3,9,0,109,9,95
1,4,9,0,108,9,95
1,5,9,0,107,9,95
1,6,10,0,106,10,95
1,7,10,0,105,10,95
2,1,10,0,104,10,95
2,2,10,0,103,10,95
2,3,10,0,102,10,95
2,4,10,0,101,10,95
2,5,10,0,100,10,95
2,6,12,0,99,12,95
3,1,12,0,98,12,95
3,2,13,0,97,13,95
3,3,14,0,96,14,95
3,4,15,0,95,15,95
3,5,16,0,94,16,95
3,6,16,0,93,16,95
3,7,18,0,92,18,95
4,1,20,0,91,20,95
4,2,20,0,90,20,95
4,3,20,0,89,19,95
4,4,21,0,88,19,95
4,5,22,0,87,20,95
4,6,22,0,86,20,95
5,1,22,0,85,17,95
5,2,22,0,84,17,95
5,3,23,0,83,18,95
5,4,24,0,82,19,95
5,5,24,0,81,18,95
5,6,24,0,80,18,95
6,1,26,0,79,17,95
6,2,26,0,78,17,95
6,3,27,0,77,18,95
6,4,27,0,76,17,95
6,5,28,0,75,18,95
6,6,28,0,74,18,95
7,1,29,0,73,19,95
7,2,29,0,72,19,95
7,3,31,0,71,21,95
7,4,32,0,70,22,95
7,5,32,0,69,20,95
7,6,32,0,68,20,95
8,1,33,0,67,20,95
8,2,35,0,66,21,95
8,3,36,0,65,21,95
8,4,36,0,64,20,95
8,5,36,0,63,20,95
8,6,37,0,62,19,95
9,1,37,0,61,17,95
9,2,38,0,60,18,95
9,3,38,0,59,18,95
9,4,40,0,58,19,95
9,5,40,0,57,18,95
9,6,41,0,56,19,95
10,1,42,0,55,20,95
10,2,43,0,54,21,95
10,3,43,0,53,20,95
10,4,43,0,52,19,95
10,5,46,0,51,22,95
10,6,47,0,50,23,95
11,1,51,0,49,25,95
11,2,51,0,48,25,95
11,3,51,0,47,24,95
11,4,51,0,46,24,95
11,5,51,0,45,23,95
11,6,51,0,44,23,95
12,1,51,0,43,22,95
12,2,51,0,42,22,95
12,3,51,0,41,20,95
12,4,52,0,40,20,95
12,5,52,0,39,20,95
12,6,53,0,38,21,95
13,1,56,0,37,23,95
13,2,57,0,36,22,95
13,3,58,0,35,22,95
13,4,59,0,34,23,95
13,5,59,0,33,23,95
13,6,59,0,32,22,95
14,1,60,0,31,23,95
14,2,61,0,30,23,95
14,3,61,0,29,23,95
14,4,62,0,28,22,95
14,5,62,0,27,22,95
14,6,62,0,26,21,95
15,1,62,0,25,20,95
15,2,63,0,24,20,95
15,3,65,0,23,22,95
15,4,66,0,22,23,95
15,5,67,0,21,21,95
15,6,71,0,20,24,95
16,1,74,0,19,23,95
16,2,75,0,18,24,95
16,3,76,0,17,25,95
16,4,78,0,16,27,95
16,5,79,0,15,28,95
16,6,79,0,14,28,95
17,1,80,0,13,29,95
17,2,80,0,12,29,95
17,3,81,0,11,30,95
17,4,81,0,10,29,95
17,5,83,0,9,31,95
17,6,84,0,8,31,95
18,1,85,0,7,29,95
18,2,85,0,6,28,95
18,3,87,0,5,29,95
18,4,88,0,4,29,95
18,5,88,0,3,29,95
18,6,88,0,2,29,95
19,1,88,0,1,28,95
19,2,89,0,0,28,95
19,3,91,0,-1,30,95
19,4,93,0,-2,31,95
19,5,94,0,-3,32,95
19,6,95,0,-4,33,95
0,1,0,0,119,0,65
0,2,0,0,118,0,65
0,3,0,0,117,0,65
0,4,1,0,116,1,65
0,5,1,0,115,1,65
0,6,2,0,114,2,65
0,7,2,0,113,2,65
1,1,2,0,112,2,65
1,2,3,0,111,3,65
1,3,4,0,110,4,65
1,4,4,0,109,4,65
1,5,5,0,108,5,65
1,6,6,0,107,6,65
1,7,6,0,106,6,65
1,8,7,0,105,7,65
1,9,7,0,104,7,65
1,1,7,0,103,7,65
2,1,7,0,102,7,65
2,2,7,0,101,7,65
2,3,9,0,100,9,65
2,4,9,0,99,9,65
2,5,9,0,98,9,65
2,6,10,0,97,10,65
3,1,11,0,96,11,65
3,2,11,0,95,11,65
3,3,11,0,94,11,65
3,4,11,0,93,11,65
3,5,11,0,92,11,65
3,6,12,0,91,12,65
4,1,12,0,90,12,65
4,2,12,0,89,12,65
4,3,12,0,88,12,65
4,4,12,0,87,12,65
4,5,12,0,86,11,65
4,6,13,0,85,12,65
4,7,13,0,84,11,65
5,1,13,0,83,11,65
5,2,13,0,82,11,65
5,3,14,0,81,11,65
5,4,14,0,80,10,65
5,5,14,0,79,10,65
5,6,14,0,78,9,65
6,1,14,0,77,8,65
6,2,14,0,76,8,65
6,3,15,0,75,8,65
6,4,16,0,74,9,65
6,5,19,0,73,12,65
6,6,19,0,72,12,65
6,7,19,0,71,12,65
6,8,19,0,70,10,65
6,9,20,0,69,11,65
7,1,20,0,68,11,65
7,2,20,0,67,10,65
7,3,20,0,66,9,65
7,4,20,0,65,9,65
7,5,20,0,64,9,65
7,6,20,0,63,9,65
8,1,20,0,62,9,65
8,2,22,0,61,10,65
8,3,22,0,60,10,65
8,4,22,0,59,10,65
8,5,22,0,58,10,65
8,6,22,0,57,10,65
9,1,23,0,56,11,65
9,2,23,0,55,10,65
9,3,23,0,54,10,65
9,4,23,0,53,10,65
9,5,23,0,52,10,65
9,6,23,0,51,9,65
10,1,23,0,50,9,65
10,2,23,0,49,9,65
10,3,23,0,48,9,65
10,4,23,0,47,9,65
10,5,23,0,46,9,65
10,6,23,0,45,8,65
11,1,25,0,44,9,65
11,2,26,0,43,7,65
11,3,28,0,42,9,65
11,4,28,0,41,9,65
11,5,29,0,40,10,65
11,6,30,0,39,10,65
12,1,31,0,38,11,65
12,2,31,0,37,11,65
12,3,35,0,36,15,65
12,4,35,0,35,15,65
12,5,36,0,34,16,65
12,6,36,0,33,16,65
12,7,36,0,32,16,65
13,1,39,0,31,17,65
13,2,39,0,30,17,65
13,3,39,0,29,17,65
13,4,40,0,28,18,65
13,5,41,0,27,19,65
13,6,41,0,26,18,65
13,7,42,0,25,19,65
14,1,43,0,24,20,65
14,2,43,0,23,20,65
14,3,44,0,22,21,65
14,4,45,0,21,22,65
14,5,45,0,20,22,65
14,6,46,0,19,23,65
15,1,46,0,18,23,65
15,2,46,0,17,23,65
15,3,46,0,16,23,65
15,4,46,0,15,23,65
15,5,47,0,14,22,65
15,6,48,0,13,22,65
16,1,49,0,12,21,65
16,2,49,0,11,21,65
16,3,49,0,10,20,65
16,4,49,0,9,19,65
16,5,50,0,8,19,65
16,6,51,0,7,20,65
17,1,53,0,6,18,65
17,2,54,0,5,19,65
17,3,54,0,4,18,65
17,4,54,0,3,18,65
17,5,55,0,2,19,65
17,6,56,0,1,17,65
18,1,57,0,0,18,65
18,2,57,0,-1,18,65
18,3,57,0,-2,17,65
18,4,57,0,-3,16,65
18,5,58,0,-4,17,65
18,6,60,0,-5,18,65
19,1,60,0,-6,17,65
19,2,61,0,-7,18,65
19,3,62,0,-8,18,65
19,4,63,0,-9,18,65
19,5,64,0,-10,19,65
19,6,65,0,-11,19,65
0,1,0,0,119,0,97
0,2,1,0,118,1,97
0,3,1,0,117,1,97
0,4,1,0,116,1,97
0,5,3,0,115,3,97
0,6,5,0,114,5,97
1,1,5,0,113,5,97
1,2,5,0,112,5,97
1,3,7,0,111,7,97
1,4,7,0,110,7,97
1,5,10,0,109,10,97
1,6,12,0,108,12,97
2,1,12,0,107,12,97
2,2,13,0,106,13,97
2,3,14,0,105,14,97
2,4,14,0,104,14,97
2,5,14,0,103,14,97
2,6,14,0,102,14,97
2,7,14,0,101,14,97
3,1,14,0,100,14,97
3,2,15,0,99,15,97
3,3,16,0,98,16,97
3,4,18,0,97,18,97
3,5,18,0,96,18,97
3,6,19,0,95,19,97
4,1,20,0,94,20,97
4,2,20,0,93,20,97
4,3,20,0,92,20,97
4,4,21,0,91,21,97
4,5,22,0,90,22,97
4,6,23,0,89,23,97
4,7,24,0,88,23,97
5,1,25,0,87,24,97
5,2,25,0,86,24,97
5,3,26,0,85,23,97
5,4,26,0,84,21,97
5,5,27,0,83,22,97
5,6,27,0,82,22,97
6,1,31,0,81,24,97
6,2,31,0,80,24,97
6,3,33,0,79,23,97
6,4,34,0,78,22,97
6,5,34,0,77,22,97
6,6,34,0,76,21,97
7,1,35,0,75,21,97
7,2,35,0,74,21,97
7,3,35,0,73,21,97
7,4,35,0,72,21,97
7,5,35,0,71,21,97
7,6,36,0,70,22,97
8,1,36,0,69,21,97
8,2,36,0,68,20,97
8,3,36,0,67,18,97
8,4,37,0,66,19,97
8,5,39,0,65,20,97
8,6,40,0,64,20,97
9,1,41,0,63,21,97
9,2,42,0,62,22,97
9,3,43,0,61,22,97
9,4,44,0,60,22,97
9,5,45,0,59,22,97
9,6,45,0,58,21,97
10,1,46,0,57,21,97
10,2,47,0,56,22,97
10,3,48,0,55,22,97
10,4,49,0,54,23,97
10,5,50,0,53,23,97
10,6,51,0,52,24,97
11,1,51,0,51,20,97
11,2,51,0,50,20,97
11,3,52,0,49,19,97
11,4,54,0,48,20,97
11,5,54,0,47,20,97
11,6,55,0,46,21,97
12,1,55,0,45,20,97
12,2,56,0,44,21,97
12,3,57,0,43,22,97
12,4,57,0,42,22,97
12,5,58,0,41,23,97
12,6,59,0,40,23,97
13,1,59,0,39,23,97
13,2,60,0,38,24,97
13,3,61,0,37,25,97
13,4,62,0,36,25,97
13,5,63,0,35,24,97
13,6,65,0,34,25,97
13,7,66,0,33,25,97
13,8,67,0,32,25,97
14,1,68,0,31,25,97
14,2,69,0,30,25,97
14,3,70,0,29,25,97
14,4,70,0,28,25,97
14,5,71,0,27,25,97
14,6,72,0,26,25,97
15,1,73,0,25,25,97
15,2,73,0,24,24,97
15,3,75,0,23,25,97
15,4,76,0,22,25,97
15,5,76,0,21,25,97
15,6,77,0,20,26,97
15,7,77,0,19,25,97
16,1,78,0,18,24,97
16,2,79,0,17,25,97
16,3,79,0,16,24,97
16,4,79,0,15,24,97
16,5,79,0,14,23,97
16,6,80,0,13,23,97
17,1,80,0,12,23,97
17,2,81,0,11,23,97
17,3,82,0,10,23,97
17,4,86,0,9,27,97
17,5,86,0,8,26,97
17,6,86,0,7,25,97
18,1,90,0,6,28,97
18,2,91,0,5,28,97
18,3,91,0,4,26,97
18,4,91,0,3,25,97
18,5,91,0,2,24,97
18,6,91,0,1,23,97
19,1,92,0,0,23,97
19,2,93,0,-1,23,97
19,3,95,0,-2,25,97
19,4,96,0,-3,25,97
19,5,97,0,-4,25,97
19,6,97,0,-5,24,97
0,1,0,0,119,0,71
0,2,1,0,118,1,71
0,3,1,0,117,1,71
0,4,1,0,116,1,71
0,5,1,0,115,1,71
0,6,2,0,114,2,71
0,7,2,0,113,2,71
1,1,3,0,112,3,71
1,2,3,0,111,3,71
1,3,4,0,110,4,71
1,4,4,0,109,4,71
1,5,4,0,108,4,71
1,6,4,0,107,4,71
2,1,5,0,106,5,71
2,2,6,0,105,6,71
2,3,7,0,104,7,71
2,4,7,0,103,7,71
2,5,11,0,102,11,71
2,6,11,0,101,11,71
3,1,12,0,100,12,71
3,2,12,0,99,12,71
3,3,13,0,98,13,71
3,4,15,0,97,15,71
3,5,16,0,96,16,71
3,6,16,0,95,16,71
4,1,16,0,94,16,71
4,2,16,0,93,16,71
4,3,16,0,92,16,71
4,4,16,0,91,16,71
4,5,16,0,90,16,71
4,6,16,0,89,16,71
5,1,19,0,88,18,71
5,2,19,0,87,18,71
5,3,19,0,86,18,71
5,4,21,0,85,20,71
5,5,21,0,84,19,71
5,6,23,0,83,21,71
6,1,23,0,82,20,71
6,2,23,0,81,20,71
6,3,23,0,80,19,71
6,4,23,0,79,19,71
6,5,23,0,78,19,71
6,6,25,0,77,21,71
7,1,25,0,76,20,71
7,2,26,0,75,20,71
7,3,26,0,74,19,71
7,4,27,0,73,20,71
7,5,28,0,72,17,71
7,6,29,0,71,18,71
8,1,29,0,70,17,71
8,2,30,0,69,18,71
8,3,31,0,68,18,71
8,4,32,0,67,17,71
8,5,32,0,66,16,71
8,6,32,0,65,16,71
9,1,32,0,64,16,71
9,2,33,0,63,17,71
9,3,35,0,62,19,71
9,4,35,0,61,19,71
9,5,35,0,60,19,71
9,6,35,0,59,19,71
10,1,38,0,58,19,71
10,2,38,0,57,19,71
10,3,38,0,56,19,71
10,4,38,0,55,17,71
10,5,38,0,54,17,71
10,6,39,0,53,16,71
10,7,40,0,52,17,71
11,1,41,0,51,18,71
11,2,41,0,50,18,71
11,3,41,0,49,18,71
11,4,41,0,48,18,71
11,5,41,0,47,16,71
11,6,41,0,46,16,71
12,1,41,0,45,15,71
12,2,42,0,44,16,71
12,3,42,0,43,15,71
12,4,42,0,42,14,71
12,5,42,0,41,13,71
12,6,42,0,40,13,71
13,1,44,0,39,14,71
13,2,44,0,38,13,71
13,3,44,0,37,12,71
13,4,44,0,36,12,71
13,5,45,0,35,13,71
13,6,45,0,34,13,71
14,1,47,0,33,14,71
14,2,47,0,32,12,71
14,3,48,0,31,13,71
14,4,48,0,30,13,71
14,5,49,0,29,14,71
14,6,49,0,28,11,71
15,1,49,0,27,11,71
15,2,50,0,26,12,71
15,3,51,0,25,13,71
15,4,52,0,24,14,71
15,5,52,0,23,13,71
15,6,52,0,22,12,71
15,7,53,0,21,12,71
16,1,57,0,20,16,71
16,2,57,0,19,16,71
16,3,57,0,18,16,71
16,4,58,0,17,17,71
16,5,59,0,16,18,71
16,6,61,0,15,20,71
17,1,61,0,14,19,71
17,2,61,0,13,19,71
17,3,62,0,12,20,71
17,4,62,0,11,20,71
17,5,63,0,10,21,71
17,6,63,0,9,19,71
18,1,63,0,8,19,71
18,2,63,0,7,19,71
18,3,64,0,6,20,71
18,4,64,0,5,19,71
18,5,66,0,4,21,71
18,6,66,0,3,19,71
19,1,67,0,2,20,71
19,2,68,0,1,20,71
19,3,70,0,0,22,71
19,4,70,0,-1,21,71
19,5,71,0,-2,22,71
19,6,71,0,-3,22,71
0,1,0,0,119,0,20
0,2,1,0,118,1,20
0,3,2,0,117,2,20
0,4,2,0,116,2,20
0,5,2,0,115,2,20
0,6,2,0,114,2,20
0,7,2,0,113,2,20
1,1,2,0,112,2,20
1,2,2,0,111,2,20
1,3,2,0,110,2,20
1,4,2,0,109,2,20
1,5,2,0,108,2,20
1,6,2,0,107,2,20
2,1,2,0,106,2,20
2,2,2,0,105,2,20
2,3,2,0,104,2,20
2,4,2,0,103,2,20
2,5,2,0,102,2,20
2,6,2,0,101,2,20
3,1,2,0,100,2,20
3,2,3,0,99,3,20
3,3,3,0,98,3,20
3,4,4,0,97,4,20
3,5,5,0,96,5,20
3,6,5,0,95,5,20
3,7,5,0,94,5,20
4,1,5,0,93,5,20
4,2,7,0,92,7,20
4,3,7,0,91,7,20
4,4,7,0,90,7,20
4,5,7,0,89,7,20
4,6,7,0,88,6,20
5,1,7,0,87,5,20
5,2,7,0,86,5,20
5,3,7,0,85,5,20
5,4,8,0,84,6,20
5,5,8,0,83,6,20
5,6,8,0,82,6,20
5,7,8,0,81,6,20
6,1,8,0,80,6,20
6,2,9,0,79,7,20
6,3,9,0,78,7,20
6,4,9,0,77,7,20
6,5,9,0,76,7,20
6,6,9,0,75,7,20
7,1,10,0,74,8,20
7,2,10,0,73,8,20
7,3,10,0,72,8,20
7,4,10,0,71,8,20
7,5,10,0,70,8,20
7,6,10,0,69,7,20
8,1,10,0,68,7,20
8,2,10,0,67,6,20
8,3,11,0,66,6,20
8,4,11,0,65,6,20
8,5,12,0,64,7,20
8,6,12,0,63,7,20
9,1,12,0,62,5,20
9,2,12,0,61,5,20
9,3,12,0,60,5,20
9,4,12,0,59,5,20
9,5,12,0,58,5,20
9,6,12,0,57,5,20
10,1,13,0,56,6,20
10,2,13,0,55,6,20
10,3,13,0,54,5,20
10,4,13,0,53,5,20
10,5,15,0,52,7,20
10,6,15,0,51,7,20
11,1,15,0,50,7,20
11,2,16,0,49,7,20
11,3,16,0,48,7,20
11,4,16,0,47,7,20
11,5,16,0,46,7,20
11,6,18,0,45,9,20
11,7,18,0,44,8,20
12,1,18,0,43,8,20
12,2,18,0,42,8,20
12,3,18,0,41,8,20
12,4,18,0,40,8,20
12,5,19,0,39,9,20
12,6,20,0,38,10,20
13,1,20,0,37,10,20
13,2,20,0,36,9,20
0,1,0,0,119,0,56
0,2,0,0,118,0,56
0,3,1,0,117,1,56
0,4,1,0,116,1,56
0,5,1,0,115,1,56
0,6,1,0,114,1,56
1,1,1,0,113,1,56
1,2,1,0,112,1,56
1,3,1,0,111,1,56
1,4,1,0,110,1,56
1,5,1,0,109,1,56
1,6,1,0,108,1,56
2,1,1,0,107,1,56
2,2,2,0,106,2,56
2,3,3,0,105,3,56
2,4,3,0,104,3,56
2,5,3,0,103,3,56
2,6,3,0,102,3,56
2,7,5,0,101,5,56
3,1,5,0,100,5,56
3,2,5,0,99,5,56
3,3,6,0,98,6,56
3,4,6,0,97,6,56
3,5,6,0,96,6,56
3,6,6,0,95,6,56
4,1,6,0,94,6,56
4,2,6,0,93,6,56
4,3,6,0,92,6,56
4,4,7,0,91,7,56
4,5,7,0,90,7,56
4,6,7,0,89,7,56
4,7,7,0,88,7,56
5,1,7,0,87,6,56
5,2,8,0,86,7,56
5,3,9,0,85,8,56
5,4,9,0,84,8,56
5,5,10,0,83,9,56
5,6,14,0,82,13,56
6,1,14,0,81,13,56
6,2,15,0,80,14,56
6,3,15,0,79,14,56
6,4,15,0,78,14,56
6,5,16,0,77,15,56
6,6,16,0,76,14,56
7,1,17,0,75,14,56
7,2,17,0,74,14,56
7,3,17,0,73,14,56
7,4,17,0,72,14,56
7,5,18,0,71,13,56
7,6,18,0,70,13,56
8,1,18,0,69,13,56
8,2,19,0,68,13,56
8,3,19,0,67,13,56
8,4,21,0,66,15,56
8,5,22,0,65,16,56
8,6,22,0,64,16,56
9,1,23,0,63,17,56
9,2,23,0,62,17,56
9,3,24,0,61,17,56
9,4,24,0,60,17,56
9,5,26,0,59,19,56
9,6,26,0,58,19,56
10,1,26,0,57,19,56
10,2,26,0,56,18,56
10,3,26,0,55,17,56
10,4,26,0,54,17,56
10,5,26,0,53,16,56
10,6,26,0,52,12,56
11,1,26,0,51,12,56
11,2,26,0,50,11,56
11,3,26,0,49,11,56
11,4,26,0,48,11,56
11,5,30,0,47,14,56
11,6,31,0,46,15,56
12,1,31,0,45,14,56
12,2,31,0,44,14,56
12,3,31,0,43,14,56
12,4,32,0,42,15,56
12,5,33,0,41,15,56
12,6,34,0,40,16,56
13,1,34,0,39,16,56
13,2,36,0,38,17,56
13,3,38,0,37,19,56
13,4,39,0,36,18,56
13,5,39,0,35,17,56
13,6,39,0,34,17,56
13,7,39,0,33,16,56
14,1,40,0,32,17,56
14,2,42,0,31,18,56
14,3,42,0,30,18,56
14,4,43,0,29,17,56
14,5,43,0,28,17,56
14,6,43,0,27,17,56
15,1,44,0,26,18,56
15,2,45,0,25,19,56
15,3,46,0,24,20,56
15,4,46,0,23,20,56
15,5,46,0,22,20,56
15,6,46,0,21,20,56
16,1,46,0,20,20,56
16,2,46,0,19,20,56
16,3,46,0,18,20,56
16,4,46,0,17,16,56
16,5,46,0,16,15,56
16,6,46,0,15,15,56
17,1,46,0,14,15,56
17,2,46,0,13,15,56
17,3,48,0,12,16,56
17,4,48,0,11,15,56
17,5,49,0,10,15,56
17,6,49,0,9,15,56
18,1,49,0,8,13,56
18,2,49,0,7,11,56
18,3,49,0,6,10,56
18,4,50,0,5,11,56
18,5,51,0,4,12,56
18,6,52,0,3,13,56
19,1,52,0,2,12,56
19,2,52,0,1,10,56
19,3,52,0,0,10,56
19,4,52,0,-1,9,56
19,5,55,0,-2,12,56
19,6,55,0,-3,12,56
19,7,56,0,-4,12,56
0,1,0,0,119,0,53
0,2,0,0,118,0,53
0,3,0,0,117,0,53
0,4,0,0,116,0,53
0,5,0,0,115,0,53
0,6,0,0,114,0,53
1,1,0,0,113,0,53
1,2,0,0,112,0,53
1,3,3,0,111,3,53
1,4,3,0,110,3,53
1,5,3,0,109,3,53
1,6,3,0,108,3,53
1,7,3,0,107,3,53
2,1,3,0,106,3,53
2,2,3,0,105,3,53
2,3,4,0,104,4,53
2,4,4,0,103,4,53
2,5,9,0,102,9,53
2,6,9,0,101,9,53
2,7,10,0,100,10,53
2,8,10,0,99,10,53
3,1,11,0,98,11,53
3,2,11,0,97,11,53
3,3,11,0,96,11,53
3,4,11,0,95,11,53
3,5,15,0,94,15,53
3,6,15,0,93,15,53
4,1,15,0,92,15,53
4,2,17,0,91,17,53
4,3,17,0,90,17,53
4,4,17,0,89,17,53
4,5,18,0,88,18,53
4,6,19,0,87,19,53
4,7,19,0,86,19,53
4,8,19,0,85,19,53
5,1,19,0,84,19,53
5,2,20,0,83,20,53
5,3,20,0,82,20,53
5,4,20,0,81,17,53
5,5,20,0,80,17,53
5,6,20,0,79,17,53
6,1,20,0,78,17,53
6,2,20,0,77,17,53
6,3,20,0,76,17,53
6,4,20,0,75,17,53
6,5,20,0,74,16,53
6,6,20,0,73,16,53
7,1,21,0,72,12,53
7,2,21,0,71,12,53
7,3,21,0,70,11,53
7,4,21,0,69,11,53
7,5,22,0,68,11,53
7,6,22,0,67,11,53
8,1,23,0,66,12,53
8,2,24,0,65,13,53
8,3,25,0,64,10,53
8,4,25,0,63,10,53
8,5,25,0,62,10,53
8,6,25,0,61,8,53
9,1,25,0,60,8,53
9,2,25,0,59,8,53
9,3,25,0,58,7,53
9,4,27,0,57,8,53
9,5,27,0,56,8,53
9,6,27,0,55,8,53
9,7,27,0,54,8,53
10,1,27,0,53,7,53
10,2,27,0,52,7,53
10,3,27,0,51,7,53
10,4,27,0,50,7,53
10,5,28,0,49,8,53
10,6,28,0,48,8,53
11,1,28,0,47,8,53
11,2,29,0,46,9,53
11,3,29,0,45,9,53
11,4,29,0,44,9,53
11,5,29,0,43,9,53
11,6,30,0,42,9,53
12,1,31,0,41,10,53
12,2,32,0,40,11,53
12,3,33,0,39,12,53
12,4,36,0,38,14,53
12,5,36,0,37,14,53
12,6,37,0,36,14,53
13,1,39,0,35,15,53
13,2,41,0,34,16,53
13,3,43,0,33,18,53
13,4,43,0,32,18,53
13,5,43,0,31,18,53
13,6,43,0,30,18,53
14,1,47,0,29,22,53
14,2,47,0,28,22,53
14,3,47,0,27,20,53
14,4,47,0,26,20,53
14,5,48,0,25,21,53
14,6,48,0,24,21,53
15,1,48,0,23,21,53
15,2,48,0,22,21,53
15,3,49,0,21,22,53
15,4,49,0,20,22,53
15,5,50,0,19,22,53
15,6,51,0,18,23,53
16,1,51,0,17,23,53
16,2,51,0,16,22,53
16,3,52,0,15,23,53
16,4,53,0,14,24,53
16,5,53,0,13,24,53
16,6,53,0,12,23,53
17,1,53,0,11,22,53
17,2,53,0,10,21,53
17,3,53,0,9,20,53
17,4,53,0,8,17,53
17,5,53,0,7,17,53
17,6,53,0,6,16,53
18,1,53,0,5,14,53
18,2,53,0,4,12,53
18,3,53,0,3,10,53
18,4,53,0,2,10,53
18,5,53,0,1,10,53
0,1,2,0,119,2,88
0,2,3,0,118,3,88
0,3,6,0,117,6,88
0,4,7,0,116,7,88
0,5,8,0,115,8,88
0,6,8,0,114,8,88
0,7,11,0,113,11,88
0,8,13,0,112,13,88
1,1,13,0,111,13,88
1,2,14,0,110,14,88
1,3,14,0,109,14,88
1,4,16,0,108,16,88
1,5,16,0,107,16,88
1,6,18,0,106,18,88
2,1,18,0,105,18,88
2,2,20,0,104,20,88
2,3,20,0,103,20,88
2,4,20,0,102,20,88
2,5,21,0,101,21,88
2,6,21,0,100,21,88
3,1,23,0,99,23,88
3,2,23,0,98,23,88
3,3,25,0,97,25,88
3,4,26,0,96,26,88
3,5,28,0,95,28,88
3,6,29,0,94,29,88
4,1,30,0,93,30,88
4,2,30,0,92,30,88
4,3,32,0,91,32,88
4,4,32,0,90,32,88
4,5,33,0,89,31,88
4,6,37,0,88,34,88
5,1,38,0,87,32,88
5,2,39,0,86,32,88
5,3,40,0,85,32,88
5,4,42,0,84,34,88
5,5,48,0,83,37,88
5,6,54,0,82,41,88
6,1,55,0,81,42,88
6,2,56,0,80,42,88
6,3,57,0,79,43,88
6,4,58,0,78,42,88
6,5,59,0,77,43,88
6,6,60,0,76,42,88
6,7,61,0,75,43,88
6,8,65,0,74,45,88
7,1,67,0,73,47,88
7,2,67,0,72,47,88
7,3,68,0,71,47,88
7,4,69,0,70,48,88
7,5,71,0,69,48,88
7,6,71,0,68,48,88
8,1,72,0,67,47,88
8,2,76,0,66,50,88
8,3,77,0,65,49,88
8,4,79,0,64,50,88
8,5,81,0,63,51,88
8,6,83,0,62,53,88
8,7,83,0,61,51,88
9,1,83,0,60,51,88
9,2,83,0,59,50,88
9,3,83,0,58,46,88
9,4,85,0,57,47,88
9,5,86,0,56,47,88
9,6,88,0,55,48,88
0,1,0,0,119,0,129
0,2,4,0,118,4,129
0,3,8,0,117,8,129
0,4,9,0,116,9,129
0,5,9,0,115,9,129
0,6,9,0,114,9,129
1,1,10,0,113,10,129
1,2,10,0,112,10,129
1,3,10,0,111,10,129
1,4,12,0,110,12,129
1,5,16,0,109,16,129
1,6,20,0,108,20,129
2,1,20,0,107,20,129
2,2,20,0,106,20,129
2,3,20,0,105,20,129
2,4,22,0,104,22,129
2,5,22,0,103,22,129
2,6,23,0,102,23,129
3,1,23,0,101,23,129
3,2,23,0,100,23,129
3,3,23,0,99,23,129
3,4,23,0,98,23,129
3,5,24,0,97,24,129
3,6,24,0,96,24,129
4,1,25,0,95,25,129
4,2,25,0,94,25,129
4,3,25,0,93,25,129
4,4,25,0,92,25,129
4,5,27,0,91,27,129
4,6,27,0,90,27,129
5,1,27,0,89,27,129
5,2,29,0,88,25,129
5,3,34,0,87,26,129
5,4,36,0,86,27,129
5,5,37,0,85,28,129
5,6,37,0,84,28,129
5,7,37,0,83,27,129
6,1,38,0,82,28,129
6,2,39,0,81,29,129
6,3,39,0,80,27,129
6,4,40,0,79,24,129
6,5,41,0,78,21,129
6,6,43,0,77,23,129
7,1,44,0,76,24,129
7,2,44,0,75,24,129
7,3,45,0,74,23,129
7,4,46,0,73,24,129
7,5,46,0,72,23,129
7,6,47,0,71,24,129
8,1,47,0,70,24,129
8,2,47,0,69,24,129
8,3,47,0,68,24,129
8,4,47,0,67,23,129
8,5,47,0,66,23,129
8,6,48,0,65,23,129
9,1,49,0,64,24,129
9,2,50,0,63,25,129
9,3,51,0,62,26,129
9,4,52,0,61,25,129
9,5,53,0,60,26,129
9,6,53,0,59,26,129
10,1,54,0,58,25,129
10,2,54,0,57,20,129
10,3,55,0,56,19,129
10,4,56,0,55,19,129
10,5,56,0,54,19,129
10,6,62,0,53,25,129
11,1,62,0,52,24,129
11,2,62,0,51,23,129
11,3,63,0,50,24,129
11,4,65,0,49,25,129
11,5,66,0,48,25,129
11,6,67,0,47,24,129
12,1,68,0,46,24,129
12,2,68,0,45,24,129
12,3,69,0,44,24,129
12,4,70,0,43,24,129
12,5,71,0,42,25,129
12,6,77,0,41,30,129
13,1,77,0,40,30,129
13,2,78,0,39,31,129
13,3,79,0,38,32,129
13,4,79,0,37,32,129
13,5,79,0,36,32,129
13,6,79,0,35,31,129
14,1,81,0,34,32,129
14,2,87,0,33,37,129
14,3,88,0,32,37,129
14,4,89,0,31,37,129
14,5,90,0,30,37,129
14,6,92,0,29,39,129
15,1,93,0,28,39,129
15,2,93,0,27,39,129
15,3,94,0,26,39,129
15,4,95,0,25,39,129
15,5,96,0,24,40,129
15,6,100,0,23,38,129
16,1,101,0,22,39,129
16,2,102,0,21,40,129
16,3,104,0,20,41,129
16,4,105,0,19,40,129
16,5,106,0,18,40,129
16,6,107,0,17,40,129
17,1,111,0,16,43,129
17,2,114,0,15,46,129
17,3,118,0,14,49,129
17,4,118,0,13,48,129
17,5,118,0,12,47,129
17,6,118,0,11,41,129
18,1,118,0,10,41,129
18,2,118,0,9,40,129
18,3,118,0,8,39,129
18,4,119,0,7,40,129
18,5,119,0,6,40,129
18,6,119,0,5,40,129
19,1,123,0,4,42,129
19,2,123,0,3,36,129
19,3,124,0,2,36,129
19,4,127,0,1,38,129
19,5,128,0,0,38,129
19,6,129,0,-1,37,129
0,1,0,0,119,0,172
0,2,1,0,118,1,172
0,3,1,0,117,1,172
0,4,1,0,116,1,172
0,5,1,0,115,1,172
0,6,1,0,114,1,172
0,7,1,0,113,1,172
1,1,2,0,112,2,172
1,2,2,0,111,2,172
1,3,2,0,110,2,172
1,4,3,0,109,3,172
1,5,3,0,108,3,172
1,6,3,0,107,3,172
1,7,3,0,106,3,172
2,1,3,0,105,3,172
2,2,3,0,104,3,172
2,3,6,0,103,6,172
2,4,6,0,102,6,172
2,5,7,0,101,7,172
2,6,8,0,100,8,172
3,1,10,0,99,10,172
3,2,11,0,98,11,172
3,3,12,0,97,12,172
3,4,12,0,96,12,172
3,5,18,0,95,18,172
3,6,22,0,94,22,172
4,1,24,0,93,24,172
4,2,26,0,92,26,172
4,3,30,0,91,30,172
4,4,30,0,90,30,172
4,5,34,0,89,34,172
4,6,34,0,88,33,172
5,1,35,0,87,34,172
5,2,35,0,86,34,172
5,3,39,0,85,38,172
5,4,43,0,84,42,172
5,5,47,0,83,46,172
5,6,48,0,82,46,172
5,7,52,0,81,50,172
6,1,52,0,80,50,172
6,2,53,0,79,50,172
6,3,54,0,78,51,172
6,4,58,0,77,55,172
6,5,59,0,76,56,172
6,6,60,0,75,57,172
7,1,61,0,74,58,172
7,2,61,0,73,55,172
7,3,62,0,72,56,172
7,4,63,0,71,56,172
7,5,67,0,70,59,172
7,6,69,0,69,59,172
8,1,71,0,68,60,172
8,2,72,0,67,60,172
8,3,72,0,66,60,172
8,4,76,0,65,58,172
8,5,77,0,64,55,172
8,6,81,0,63,57,172
9,1,82,0,62,56,172
9,2,84,0,61,54,172
9,3,87,0,60,57,172
9,4,87,0,59,53,172
9,5,88,0,58,54,172
9,6,90,0,57,55,172
9,7,91,0,56,56,172
10,1,92,0,55,53,172
10,2,93,0,54,50,172
10,3,93,0,53,46,172
10,4,94,0,52,46,172
10,5,95,0,51,43,172
10,6,95,0,50,43,172
11,1,95,0,49,42,172
11,2,96,0,48,42,172
11,3,98,0,47,40,172
11,4,99,0,46,40,172
11,5,100,0,45,40,172
11,6,106,0,44,45,172
12,1,106,0,43,45,172
12,2,107,0,42,45,172
12,3,111,0,41,48,172
12,4,111,0,40,44,172
12,5,112,0,39,43,172
12,6,113,0,38,42,172
12,7,113,0,37,41,172
13,1,117,0,36,45,172
13,2,119,0,35,43,172
13,3,121,0,34,44,172
13,4,123,0,33,42,172
13,5,123,0,32,41,172
13,6,123,0,31,39,172
14,1,123,0,30,36,172
14,2,123,0,29,36,172
14,3,126,0,28,38,172
14,4,127,0,27,37,172
14,5,127,0,26,36,172
14,6,128,0,25,36,172
15,1,134,0,24,41,172
15,2,135,0,23,42,172
15,3,136,0,22,42,172
15,4,137,0,21,42,172
15,5,138,0,20,43,172
15,6,142,0,19,47,172
16,1,143,0,18,47,172
16,2,144,0,17,46,172
16,3,145,0,16,46,172
16,4,146,0,15,46,172
16,5,147,0,14,41,172
16,6,148,0,13,42,172
16,7,148,0,12,41,172
17,1,148,0,11,37,172
17,2,149,0,10,38,172
17,3,150,0,9,38,172
17,4,151,0,8,38,172
17,5,152,0,7,39,172
17,6,156,0,6,39,172
17,7,157,0,5,38,172
18,1,158,0,4,37,172
18,2,160,0,3,37,172
18,3,162,0,2,39,172
18,4,163,0,1,40,172
18,5,164,0,0,41,172
18,6,165,0,-1,42,172
18,7,165,0,-2,39,172
19,1,166,0,-3,39,172
19,2,166,0,-4,39,172
19,3,167,0,-5,39,172
19,4,171,0,-6,37,172
19,5,171,0,-7,36,172
19,6,171,0,-8,35,172
19,7,172,0,-9,35,172
0,1,0,0,119,0,59
0,2,1,0,118,1,59
0,3,1,0,117,1,59
0,4,1,0,116,1,59
0,5,1,0,115,1,59
0,6,1,0,114,1,59
1,1,1,0,113,1,59
1,2,1,0,112,1,59
1,3,1,0,111,1,59
1,4,1,0,110,1,59
1,5,1,0,109,1,59
1,6,2,0,108,2,59
2,1,2,0,107,2,59
2,2,3,0,106,3,59
2,3,3,0,105,3,59
2,4,4,0,104,4,59
2,5,5,0,103,5,59
2,6,5,0,102,5,59
3,1,6,0,101,6,59
3,2,6,0,100,6,59
3,3,10,0,99,10,59
3,4,10,0,98,10,59
3,5,11,0,97,11,59
3,6,11,0,96,11,59
4,1,12,0,95,12,59
4,2,13,0,94,13,59
4,3,14,0,93,14,59
4,4,18,0,92,18,59
4,5,18,0,91,18,59
4,6,18,0,90,18,59
5,1,19,0,89,19,59
5,2,20,0,88,19,59
5,3,20,0,87,19,59
5,4,20,0,86,19,59
5,5,20,0,85,19,59
5,6,21,0,84,20,59
5,7,21,0,83,20,59
6,1,21,0,82,20,59
6,2,23,0,81,22,59
6,3,24,0,80,23,59
6,4,25,0,79,24,59
6,5,26,0,78,24,59
6,6,27,0,77,25,59
6,7,28,0,76,25,59
7,1,29,0,75,26,59
7,2,29,0,74,25,59
7,3,30,0,73,25,59
7,4,30,0,72,25,59
7,5,34,0,71,28,59
7,6,34,0,70,28,59
8,1,35,0,69,25,59
8,2,35,0,68,25,59
8,3,36,0,67,25,59
8,4,42,0,66,31,59
8,5,43,0,65,31,59
8,6,43,0,64,30,59
9,1,43,0,63,29,59
9,2,44,0,62,26,59
9,3,45,0,61,27,59
9,4,46,0,60,28,59
9,5,47,0,59,28,59
9,6,48,0,58,28,59
9,7,49,0,57,29,59
10,1,50,0,56,30,59
10,2,52,0,55,32,59
10,3,53,0,54,32,59
10,4,57,0,53,36,59
10,5,58,0,52,37,59
10,6,59,0,51,36,59
10,7,59,0,50,35,59
0,1,0,0,119,0,162
0,2,1,0,118,1,162
0,3,1,0,117,1,162
0,4,2,0,116,2,162
0,5,2,0,115,2,162
0,6,6,0,114,6,162
0,7,8,0,113,8,162
1,1,8,0,112,8,162
1,2,8,0,111,8,162
1,3,9,0,110,9,162
1,4,13,0,109,13,162
1,5,14,0,108,14,162
1,6,18,0,107,18,162
2,1,18,0,106,18,162
2,2,18,0,105,18,162
2,3,19,0,104,19,162
2,4,19,0,103,19,162
2,5,21,0,102,21,162
2,6,23,0,101,23,162
2,7,24,0,100,24,162
3,1,24,0,99,24,162
3,2,24,0,98,24,162
3,3,28,0,97,28,162
3,4,32,0,96,32,162
3,5,32,0,95,32,162
3,6,34,0,94,34,162
3,7,35,0,93,35,162
4,1,36,0,92,36,162
4,2,37,0,91,37,162
4,3,37,0,90,37,162
4,4,37,0,89,37,162
4,5,41,0,88,40,162
4,6,42,0,87,41,162
5,1,42,0,86,40,162
5,2,46,0,85,44,162
5,3,47,0,84,41,162
5,4,48,0,83,40,162
5,5,49,0,82,41,162
5,6,50,0,81,42,162
6,1,51,0,80,42,162
6,2,52,0,79,39,162
6,3,52,0,78,38,162
6,4,53,0,77,35,162
6,5,54,0,76,36,162
6,6,55,0,75,37,162
7,1,55,0,74,36,162
7,2,55,0,73,36,162
7,3,57,0,72,36,162
7,4,57,0,71,34,162
7,5,58,0,70,34,162
7,6,58,0,69,34,162
7,7,58,0,68,34,162
8,1,59,0,67,31,162
8,2,61,0,66,29,162
8,3,62,0,65,30,162
8,4,63,0,64,29,162
8,5,64,0,63,29,162
8,6,70,0,62,34,162
9,1,71,0,61,34,162
9,2,73,0,60,36,162
9,3,74,0,59,37,162
9,4,75,0,58,34,162
9,5,75,0,57,33,162
9,6,75,0,56,33,162
10,1,75,0,55,29,162
10,2,76,0,54,29,162
10,3,76,0,53,28,162
10,4,78,0,52,29,162
10,5,79,0,51,29,162
10,6,80,0,50,29,162
11,1,81,0,49,29,162
11,2,83,0,48,31,162
11,3,83,0,47,30,162
11,4,83,0,46,29,162
11,5,84,0,45,29,162
11,6,84,0,44,29,162
12,1,86,0,43,31,162
12,2,87,0,42,30,162
12,3,87,0,41,30,162
12,4,88,0,40,30,162
12,5,89,0,39,31,162
12,6,91,0,38,33,162
13,1,92,0,37,33,162
13,2,93,0,36,32,162
13,3,93,0,35,31,162
13,4,94,0,34,31,162
13,5,95,0,33,31,162
13,6,96,0,32,26,162
14,1,98,0,31,27,162
14,2,99,0,30,26,162
14,3,101,0,29,27,162
14,4,102,0,28,27,162
14,5,103,0,27,28,162
14,6,105,0,26,30,162
14,7,106,0,25,31,162
15,1,109,0,24,33,162
15,2,110,0,23,34,162
15,3,111,0,22,33,162
15,4,117,0,21,38,162
15,5,118,0,20,38,162
15,6,118,0,19,37,162
15,7,119,0,18,36,162
16,1,120,0,17,37,162
16,2,121,0,16,38,162
16,3,122,0,15,38,162
16,4,123,0,14,39,162
16,5,124,0,13,38,162
16,6,130,0,12,43,162
17,1,131,0,11,44,162
17,2,132,0,10,44,162
17,3,134,0,9,45,162
17,4,135,0,8,44,162
17,5,136,0,7,44,162
17,6,139,0,6,46,162
18,1,145,0,5,52,162
18,2,147,0,4,53,162
18,3,153,0,3,58,162
18,4,153,0,2,57,162
18,5,154,0,1,56,162
18,6,154,0,0,55,162
19,1,154,0,-1,53,162
19,2,155,0,-2,53,162
19,3,156,0,-3,53,162
19,4,157,0,-4,52,162
19,5,158,0,-5,52,162
19,6,162,0,-6,53,162
0,1,0,0,119,0,156
0,2,0,0,118,0,156
0,3,1,0,117,1,156
0,4,1,0,116,1,156
0,5,3,0,115,3,156
0,6,5,0,114,5,156
1,1,9,0,113,9,156
1,2,10,0,112,10,156
1,3,10,0,111,10,156
1,4,11,0,110,11,156
1,5,12,0,109,12,156
1,6,12,0,108,12,156
2,1,12,0,107,12,156
2,2,12,0,106,12,156
2,3,13,0,105,13,156
2,4,17,0,104,17,156
2,5,18,0,103,18,156
2,6,18,0,102,18,156
3,1,18,0,101,18,156
3,2,19,0,100,19,156
3,3,20,0,99,20,156
3,4,21,0,98,21,156
3,5,22,0,97,22,156
3,6,23,0,96,23,156
4,1,24,0,95,24,156
4,2,25,0,94,25,156
4,3,26,0,93,26,156
4,4,30,0,92,30,156
4,5,30,0,91,30,156
4,6,31,0,90,31,156
5,1,32,0,89,32,156
5,2,32,0,88,32,156
5,3,33,0,87,32,156
5,4,33,0,86,32,156
5,5,34,0,85,31,156
5,6,34,0,84,29,156
6,1,35,0,83,26,156
6,2,35,0,82,25,156
6,3,36,0,81,26,156
6,4,37,0,80,26,156
6,5,38,0,79,26,156
6,6,38,0,78,26,156
7,1,38,0,77,26,156
7,2,39,0,76,27,156
7,3,39,0,75,26,156
7,4,39,0,74,22,156
7,5,40,0,73,22,156
7,6,40,0,72,22,156
8,1,41,0,71,23,156
8,2,42,0,70,23,156
8,3,46,0,69,26,156
8,4,47,0,68,26,156
8,5,48,0,67,26,156
8,6,48,0,66,25,156
8,7,48,0,65,24,156
9,1,48,0,64,23,156
9,2,49,0,63,23,156
9,3,50,0,62,20,156
9,4,51,0,61,21,156
9,5,52,0,60,21,156
9,6,52,0,59,20,156
10,1,53,0,58,21,156
10,2,53,0,57,20,156
10,3,55,0,56,22,156
10,4,56,0,55,22,156
10,5,56,0,54,22,156
10,6,57,0,53,22,156
11,1,59,0,52,24,156
11,2,60,0,51,24,156
11,3,60,0,50,23,156
11,4,61,0,49,23,156
11,5,65,0,48,27,156
11,6,69,0,47,31,156
12,1,73,0,46,34,156
12,2,73,0,45,34,156
12,3,74,0,44,35,156
12,4,80,0,43,40,156
12,5,81,0,42,41,156
12,6,82,0,41,41,156
13,1,84,0,40,42,156
13,2,85,0,39,39,156
13,3,85,0,38,38,156
13,4,86,0,37,38,156
13,5,90,0,36,42,156
13,6,92,0,35,44,156
14,1,93,0,34,45,156
14,2,94,0,33,45,156
14,3,96,0,32,46,156
14,4,98,0,31,47,156
14,5,99,0,30,47,156
14,6,101,0,29,49,156
15,1,101,0,28,48,156
15,2,103,0,27,50,156
15,3,109,0,26,54,156
15,4,111,0,25,55,156
15,5,111,0,24,55,156
15,6,117,0,23,60,156
16,1,118,0,22,59,156
16,2,120,0,21,60,156
16,3,121,0,20,61,156
16,4,121,0,19,60,156
16,5,122,0,18,57,156
16,6,124,0,17,55,156
17,1,124,0,16,51,156
17,2,128,0,15,55,156
17,3,129,0,14,55,156
17,4,135,0,13,55,156
17,5,135,0,12,54,156
17,6,141,0,11,59,156
18,1,145,0,10,61,156
18,2,147,0,9,62,156
18,3,148,0,8,63,156
18,4,149,0,7,63,156
18,5,149,0,6,59,156
18,6,151,0,5,59,156
19,1,152,0,4,59,156
19,2,154,0,3,60,156
19,3,154,0,2,58,156
19,4,154,0,1,56,156
19,5,155,0,0,56,156
19,6,156,0,-1,55,156
19,7,156,0,-2,55,156
19,8,156,0,-3,53,156
0,1,0,0,119,0,159
0,2,1,0,118,1,159
0,3,1,0,117,1,159
0,4,3,0,116,3,159
0,5,3,0,115,3,159
0,6,3,0,114,3,159
1,1,3,0,113,3,159
1,2,3,0,112,3,159
1,3,3,0,111,3,159
1,4,3,0,110,3,159
1,5,5,0,109,5,159
1,6,6,0,108,6,159
2,1,6,0,107,6,159
2,2,6,0,106,6,159
2,3,6,0,105,6,159
2,4,6,0,104,6,159
2,5,6,0,103,6,159
2,6,7,0,102,7,159
3,1,7,0,101,7,159
3,2,7,0,100,7,159
3,3,8,0,99,8,159
3,4,8,0,98,8,159
3,5,9,0,97,9,159
3,6,10,0,96,10,159
4,1,11,0,95,11,159
4,2,11,0,94,11,159
4,3,11,0,93,11,159
4,4,12,0,92,12,159
4,5,14,0,91,14,159
4,6,15,0,90,15,159
5,1,21,0,89,21,159
5,2,25,0,88,24,159
5,3,25,0,87,24,159
5,4,25,0,86,22,159
5,5,29,0,85,26,159
5,6,35,0,84,32,159
6,1,36,0,83,33,159
6,2,36,0,82,33,159
6,3,37,0,81,34,159
6,4,38,0,80,35,159
6,5,38,0,79,33,159
6,6,39,0,78,33,159
7,1,40,0,77,34,159
7,2,40,0,76,34,159
7,3,41,0,75,35,159
7,4,42,0,74,36,159
7,5,43,0,73,37,159
7,6,44,0,72,37,159
8,1,45,0,71,38,159
8,2,51,0,70,44,159
8,3,57,0,69,49,159
8,4,57,0,68,49,159
8,5,58,0,67,49,159
8,6,59,0,66,49,159
8,7,59,0,65,48,159
9,1,60,0,64,49,159
9,2,61,0,63,50,159
9,3,63,0,62,51,159
9,4,64,0,61,50,159
9,5,70,0,60,55,159
9,6,70,0,59,49,159
10,1,70,0,58,45,159
10,2,74,0,57,49,159
10,3,78,0,56,53,159
10,4,82,0,55,53,159
10,5,83,0,54,48,159
10,6,83,0,53,47,159
11,1,84,0,52,48,159
11,2,85,0,51,48,159
11,3,86,0,50,48,159
11,4,87,0,49,49,159
11,5,88,0,48,49,159
11,6,92,0,47,52,159
12,1,93,0,46,53,159
12,2,93,0,45,52,159
12,3,94,0,44,52,159
12,4,96,0,43,53,159
12,5,97,0,42,53,159
12,6,98,0,41,53,159
13,1,98,0,40,47,159
13,2,100,0,39,43,159
13,3,102,0,38,45,159
13,4,106,0,37,48,159
13,5,107,0,36,48,159
13,6,107,0,35,48,159
14,1,107,0,34,47,159
14,2,108,0,33,47,159
14,3,109,0,32,46,159
14,4,110,0,31,46,159
14,5,111,0,30,41,159
14,6,112,0,29,42,159
15,1,112,0,28,42,159
15,2,118,0,27,44,159
15,3,119,0,26,41,159
15,4,121,0,25,39,159
15,5,121,0,24,38,159
15,6,122,0,23,39,159
16,1,123,0,22,39,159
16,2,124,0,21,39,159
16,3,124,0,20,38,159
16,4,125,0,19,38,159
16,5,125,0,18,37,159
16,6,126,0,17,34,159
16,7,127,0,16,34,159
17,1,133,0,15,40,159
17,2,134,0,14,40,159
17,3,135,0,13,39,159
17,4,141,0,12,44,159
17,5,141,0,11,43,159
17,6,142,0,10,44,159
17,7,142,0,9,42,159
17,8,144,0,8,42,159
17,9,144,0,7,38,159
18,1,145,0,6,38,159
18,2,145,0,5,38,159
18,3,146,0,4,39,159
18,4,147,0,3,39,159
18,5,151,0,2,42,159
18,6,153,0,1,43,159
18,7,155,0,0,44,159
18,8,155,0,-1,43,159
18,9,155,0,-2,43,159
19,1,155,0,-3,37,159
19,2,157,0,-4,38,159
19,3,158,0,-5,37,159
19,4,159,0,-6,38,159
19,5,159,0,-7,37,159
0,1,0,0,119,0,192
0,2,1,0,118,1,192
0,3,1,0,117,1,192
0,4,1,0,116,1,192
0,5,1,0,115,1,192
0,6,5,0,114,5,192
1,1,5,0,113,5,192
1,2,6,0,112,6,192
1,3,10,0,111,10,192
1,4,10,0,110,10,192
1,5,11,0,109,11,192
1,6,11,0,108,11,192
2,1,11,0,107,11,192
2,2,11,0,106,11,192
2,3,12,0,105,12,192
2,4,12,0,104,12,192
2,5,13,0,103,13,192
2,6,13,0,102,13,192
3,1,13,0,101,13,192
3,2,17,0,100,17,192
3,3,21,0,99,21,192
3,4,22,0,98,22,192
3,5,23,0,97,23,192
3,6,23,0,96,23,192
4,1,23,0,95,23,192
4,2,29,0,94,29,192
4,3,35,0,93,35,192
4,4,36,0,92,36,192
4,5,42,0,91,42,192
4,6,42,0,90,42,192
4,7,44,0,89,44,192
5,1,44,0,88,43,192
5,2,44,0,87,43,192
5,3,45,0,86,44,192
5,4,45,0,85,44,192
5,5,45,0,84,40,192
5,6,46,0,83,41,192
5,7,47,0,82,41,192
6,1,48,0,81,38,192
6,2,49,0,80,39,192
6,3,50,0,79,39,192
6,4,51,0,78,40,192
6,5,51,0,77,40,192
6,6,53,0,76,42,192
7,1,57,0,75,45,192
7,2,58,0,74,46,192
7,3,58,0,73,45,192
7,4,59,0,72,46,192
7,5,63,0,71,50,192
7,6,63,0,70,46,192
8,1,64,0,69,43,192
8,2,65,0,68,43,192
8,3,66,0,67,43,192
8,4,66,0,66,43,192
8,5,66,0,65,43,192
8,6,67,0,64,38,192
9,1,68,0,63,33,192
9,2,70,0,62,34,192
9,3,71,0,61,29,192
9,4,72,0,60,30,192
9,5,73,0,59,29,192
9,6,74,0,58,30,192
9,7,74,0,57,30,192
10,1,75,0,56,30,192
10,2,76,0,55,31,192
10,3,77,0,54,32,192
10,4,78,0,53,32,192
10,5,84,0,52,37,192
10,6,84,0,51,36,192
11,1,85,0,50,36,192
11,2,86,0,49,36,192
11,3,88,0,48,37,192
11,4,88,0,47,37,192
11,5,89,0,46,36,192
11,6,90,0,45,33,192
12,1,91,0,44,33,192
12,2,92,0,43,34,192
12,3,92,0,42,33,192
12,4,96,0,41,33,192
12,5,97,0,40,34,192
12,6,100,0,39,36,192
12,7,106,0,38,41,192
13,1,107,0,37,41,192
13,2,107,0,36,41,192
13,3,108,0,35,42,192
13,4,109,0,34,42,192
13,5,115,0,33,47,192
13,6,116,0,32,46,192
14,1,117,0,31,46,192
14,2,117,0,30,45,192
14,3,117,0,29,44,192
14,4,118,0,28,44,192
14,5,119,0,27,45,192
14,6,119,0,26,44,192
15,1,119,0,25,43,192
15,2,120,0,24,43,192
15,3,121,0,23,43,192
15,4,121,0,22,37,192
15,5,122,0,21,38,192
15,6,123,0,20,38,192
16,1,125,0,19,39,192
16,2,131,0,18,43,192
16,3,133,0,17,45,192
16,4,137,0,16,48,192
16,5,138,0,15,48,192
16,6,142,0,14,51,192
17,1,143,0,13,51,192
17,2,144,0,12,52,192
17,3,145,0,11,49,192
17,4,151,0,10,54,192
17,5,152,0,9,52,192
17,6,152,0,8,46,192
18,1,153,0,7,46,192
18,2,154,0,6,47,192
18,3,156,0,5,48,192
18,4,157,0,4,48,192
18,5,163,0,3,48,192
18,6,169,0,2,53,192
19,1,170,0,1,53,192
19,2,174,0,0,57,192
19,3,176,0,-1,59,192
19,4,182,0,-2,64,192
19,5,186,0,-3,67,192
19,6,192,0,-4,73,192
0,1,0,0,119,0,138
0,2,1,0,118,1,138
0,3,5,0,117,5,138
0,4,9,0,116,9,138
0,5,10,0,115,10,138
0,6,10,0,114,10,138
1,1,10,0,113,10,138
1,2,10,0,112,10,138
1,3,10,0,111,10,138
1,4,10,0,110,10,138
1,5,11,0,109,11,138
1,6,13,0,108,13,138
1,7,13,0,107,13,138
2,1,13,0,106,13,138
2,2,17,0,105,17,138
2,3,18,0,104,18,138
2,4,19,0,103,19,138
2,5,20,0,102,20,138
2,6,20,0,101,20,138
3,1,20,0,100,20,138
3,2,20,0,99,20,138
3,3,21,0,98,21,138
3,4,21,0,97,21,138
3,5,21,0,96,21,138
3,6,21,0,95,21,138
4,1,21,0,94,21,138
4,2,22,0,93,22,138
4,3,24,0,92,24,138
4,4,28,0,91,28,138
4,5,28,0,90,28,138
4,6,29,0,89,29,138
5,1,33,0,88,32,138
5,2,37,0,87,32,138
5,3,37,0,86,28,138
5,4,38,0,85,28,138
5,5,40,0,84,30,138
5,6,40,0,83,30,138
6,1,40,0,82,30,138
6,2,41,0,81,31,138
6,3,42,0,80,32,138
6,4,42,0,79,31,138
6,5,43,0,78,30,138
6,6,43,0,77,30,138
7,1,43,0,76,30,138
7,2,43,0,75,26,138
7,3,44,0,74,26,138
7,4,46,0,73,27,138
7,5,46,0,72,26,138
7,6,46,0,71,26,138
8,1,46,0,70,26,138
8,2,46,0,69,26,138
8,3,47,0,68,26,138
8,4,48,0,67,27,138
8,5,48,0,66,27,138
8,6,49,0,65,28,138
9,1,51,0,64,30,138
9,2,51,0,63,29,138
9,3,52,0,62,28,138
9,4,52,0,61,24,138
9,5,58,0,60,30,138
9,6,58,0,59,29,138
10,1,58,0,58,25,138
10,2,59,0,57,22,138
10,3,60,0,56,23,138
10,4,60,0,55,22,138
10,5,61,0,54,21,138
10,6,62,0,53,22,138
10,7,62,0,52,22,138
11,1,63,0,51,22,138
11,2,65,0,50,23,138
11,3,65,0,49,23,138
11,4,65,0,48,22,138
11,5,65,0,47,22,138
11,6,69,0,46,26,138
12,1,69,0,45,26,138
12,2,71,0,44,27,138
12,3,72,0,43,26,138
12,4,72,0,42,26,138
12,5,73,0,41,27,138
12,6,77,0,40,31,138
13,1,81,0,39,35,138
13,2,82,0,38,35,138
13,3,82,0,37,34,138
13,4,82,0,36,34,138
13,5,87,0,35,38,138
13,6,88,0,34,37,138
13,7,88,0,33,37,138
14,1,88,0,32,36,138
14,2,88,0,31,36,138
14,3,88,0,30,30,138
14,4,90,0,29,32,138
14,5,91,0,28,33,138
14,6,95,0,27,36,138
15,1,95,0,26,35,138
15,2,96,0,25,36,138
15,3,96,0,24,35,138
15,4,96,0,23,34,138
15,5,96,0,22,34,138
15,6,96,0,21,33,138
16,1,102,0,20,37,138
16,2,103,0,19,38,138
16,3,103,0,18,38,138
16,4,104,0,17,39,138
16,5,104,0,16,35,138
16,6,104,0,15,35,138
17,1,106,0,14,35,138
17,2,106,0,13,34,138
17,3,107,0,12,35,138
17,4,111,0,11,38,138
17,5,112,0,10,35,138
17,6,113,0,9,32,138
17,7,114,0,8,32,138
17,8,114,0,7,32,138
18,1,115,0,6,33,138
18,2,116,0,5,29,138
18,3,117,0,4,29,138
18,4,119,0,3,31,138
18,5,123,0,2,35,138
18,6,123,0,1,35,138
19,1,124,0,0,36,138
19,2,126,0,-1,36,138
19,3,130,0,-2,39,138
19,4,132,0,-3,37,138
19,5,138,0,-4,43,138
19,6,138,0,-5,42,138
0,1,0,0,119,0,198
0,2,4,0,118,4,198
0,3,5,0,117,5,198
0,4,5,0,116,5,198
0,5,6,0,115,6,198
0,6,10,0,114,10,198
1,1,16,0,113,16,198
1,2,16,0,112,16,198
1,3,22,0,111,22,198
1,4,28,0,110,28,198
1,5,32,0,109,32,198
1,6,33,0,108,33,198
2,1,34,0,107,34,198
2,2,35,0,106,35,198
2,3,36,0,105,36,198
2,4,40,0,104,40,198
2,5,40,0,103,40,198
2,6,41,0,102,41,198
2,7,41,0,101,41,198
2,8,42,0,100,42,198
3,1,42,0,99,42,198
3,2,42,0,98,42,198
3,3,43,0,97,43,198
3,4,44,0,96,44,198
3,5,44,0,95,44,198
3,6,44,0,94,44,198
4,1,48,0,93,48,198
4,2,48,0,92,48,198
4,3,52,0,91,52,198
4,4,56,0,90,56,198
4,5,57,0,89,57,198
4,6,61,0,88,57,198
5,1,61,0,87,56,198
5,2,61,0,86,56,198
5,3,67,0,85,61,198
5,4,71,0,84,61,198
5,5,72,0,83,56,198
5,6,73,0,82,57,198
6,1,74,0,81,52,198
6,2,78,0,80,50,198
6,3,82,0,79,50,198
6,4,84,0,78,51,198
6,5,85,0,77,51,198
6,6,85,0,76,50,198
7,1,86,0,75,50,198
7,2,87,0,74,47,198
7,3,89,0,73,49,198
7,4,91,0,72,50,198
7,5,93,0,71,52,198
7,6,97,0,70,55,198
8,1,98,0,69,56,198
8,2,99,0,68,57,198
8,3,105,0,67,62,198
8,4,105,0,66,61,198
8,5,106,0,65,62,198
8,6,106,0,64,62,198
8,7,107,0,63,59,198
9,1,108,0,62,60,198
9,2,109,0,61,57,198
9,3,109,0,60,53,198
9,4,110,0,59,53,198
9,5,111,0,58,50,198
9,6,112,0,57,51,198
10,1,113,0,56,52,198
10,2,114,0,55,47,198
10,3,115,0,54,44,198
10,4,116,0,53,44,198
10,5,122,0,52,49,198
10,6,128,0,51,54,198
10,7,132,0,50,54,198
11,1,133,0,49,51,198
11,2,134,0,48,50,198
11,3,135,0,47,50,198
11,4,136,0,46,51,198
11,5,137,0,45,51,198
11,6,139,0,44,52,198
12,1,143,0,43,54,198
12,2,144,0,42,53,198
12,3,144,0,41,51,198
12,4,145,0,40,48,198
12,5,146,0,39,48,198
12,6,146,0,38,47,198
13,1,148,0,37,43,198
13,2,148,0,36,43,198
13,3,149,0,35,43,198
13,4,150,0,34,44,198
13,5,151,0,33,44,198
13,6,152,0,32,44,198
14,1,153,0,31,44,198
14,2,153,0,30,44,198
14,3,153,0,29,43,198
14,4,154,0,28,43,198
14,5,155,0,27,43,198
14,6,156,0,26,43,198
15,1,156,0,25,42,198
15,2,156,0,24,41,198
15,3,156,0,23,40,198
15,4,158,0,22,36,198
15,5,159,0,21,31,198
15,6,160,0,20,28,198
16,1,161,0,19,28,198
16,2,161,0,18,27,198
16,3,162,0,17,27,198
16,4,163,0,16,27,198
16,5,164,0,15,27,198
16,6,164,0,14,25,198
17,1,165,0,13,22,198
17,2,165,0,12,21,198
17,3,165,0,11,21,198
17,4,165,0,10,20,198
17,5,171,0,9,25,198
17,6,172,0,8,26,198
18,1,172,0,7,24,198
18,2,173,0,6,25,198
18,3,174,0,5,25,198
18,4,175,0,4,25,198
18,5,176,0,3,25,198
18,6,176,0,2,24,198
19,1,177,0,1,24,198
19,2,178,0,0,25,198
19,3,184,0,-1,31,198
19,4,188,0,-2,34,198
19,5,192,0,-3,37,198
19,6,198,0,-4,42,198
0,1,1,0,119,1,176
0,2,2,0,118,2,176
0,3,2,0,117,2,176
0,4,3,0,116,3,176
0,5,9,0,115,9,176
0,6,15,0,114,15,176
1,1,16,0,113,16,176
1,2,16,0,112,16,176
1,3,16,0,111,16,176
1,4,16,0,110,16,176
1,5,17,0,109,17,176
1,6,17,0,108,17,176
1,7,17,0,107,17,176
2,1,18,0,106,18,176
2,2,18,0,105,18,176
2,3,20,0,104,20,176
2,4,20,0,103,20,176
2,5,20,0,102,20,176
2,6,26,0,101,26,176
2,7,27,0,100,27,176
2,8,27,0,99,27,176
3,1,28,0,98,28,176
3,2,32,0,97,32,176
3,3,32,0,96,32,176
3,4,33,0,95,33,176
3,5,33,0,94,33,176
3,6,34,0,93,34,176
4,1,38,0,92,38,176
4,2,39,0,91,39,176
4,3,41,0,90,41,176
4,4,42,0,89,41,176
4,5,43,0,88,41,176
4,6,47,0,87,45,176
4,7,53,0,86,50,176
5,1,53,0,85,44,176
5,2,54,0,84,39,176
5,3,54,0,83,38,176
5,4,55,0,82,39,176
5,5,57,0,81,41,176
5,6,61,0,80,45,176
5,7,62,0,79,45,176
6,1,63,0,78,46,176
6,2,64,0,77,47,176
6,3,65,0,76,47,176
6,4,66,0,75,48,176
6,5,67,0,74,47,176
6,6,68,0,73,48,176
6,7,72,0,72,52,176
7,1,73,0,71,47,176
7,2,73,0,70,46,176
7,3,74,0,69,47,176
7,4,74,0,68,46,176
7,5,75,0,67,43,176
7,6,79,0,66,47,176
8,1,80,0,65,47,176
8,2,86,0,64,53,176
8,3,86,0,63,52,176
8,4,87,0,62,49,176
8,5,88,0,61,49,176
8,6,90,0,60,49,176
9,1,92,0,59,50,176
9,2,93,0,58,50,176
9,3,95,0,57,48,176
9,4,95,0,56,42,176
9,5,96,0,55,43,176
9,6,96,0,54,42,176
10,1,100,0,53,46,176
10,2,101,0,52,46,176
10,3,101,0,51,44,176
10,4,102,0,50,41,176
10,5,104,0,49,42,176
10,6,105,0,48,42,176
11,1,105,0,47,41,176
11,2,105,0,46,40,176
11,3,106,0,45,40,176
11,4,107,0,44,40,176
11,5,107,0,43,39,176
11,6,113,0,42,41,176
12,1,114,0,41,41,176
12,2,115,0,40,42,176
12,3,115,0,39,41,176
12,4,116,0,38,42,176
12,5,122,0,37,47,176
12,6,122,0,36,43,176
13,1,122,0,35,42,176
13,2,124,0,34,38,176
13,3,124,0,33,38,176
13,4,128,0,32,41,176
13,5,128,0,31,40,176
13,6,129,0,30,39,176
14,1,130,0,29,38,176
14,2,130,0,28,37,176
14,3,132,0,27,37,176
14,4,133,0,26,38,176
14,5,134,0,25,38,176
14,6,134,0,24,38,176
15,1,138,0,23,38,176
15,2,138,0,22,37,176
15,3,138,0,21,37,176
15,4,139,0,20,37,176
15,5,140,0,19,36,176
15,6,141,0,18,36,176
16,1,143,0,17,38,176
16,2,143,0,16,38,176
16,3,144,0,15,38,176
16,4,145,0,14,38,176
16,5,145,0,13,38,176
16,6,145,0,12,32,176
17,1,145,0,11,31,176
17,2,146,0,10,31,176
17,3,147,0,9,32,176
17,4,151,0,8,35,176
17,5,155,0,7,33,176
17,6,157,0,6,35,176
18,1,158,0,5,36,176
18,2,159,0,4,35,176
18,3,160,0,3,36,176
18,4,160,0,2,32,176
18,5,162,0,1,34,176
18,6,163,0,0,34,176
19,1,169,0,-1,39,176
19,2,170,0,-2,40,176
19,3,170,0,-3,38,176
19,4,170,0,-4,37,176
19,5,176,0,-5,42,176
19,6,176,0,-6,42,176
0,1,0,0,119,0,102
0,2,1,0,118,1,102
0,3,1,0,117,1,102
0,4,1,0,116,1,102
0,5,2,0,115,2,102
0,6,6,0,114,6,102
0,7,6,0,113,6,102
1,1,6,0,112,6,102
1,2,8,0,111,8,102
1,3,9,0,110,9,102
1,4,13,0,109,13,102
1,5,14,0,108,14,102
1,6,14,0,107,14,102
2,1,14,0,106,14,102
2,2,15,0,105,15,102
2,3,15,0,104,15,102
2,4,15,0,103,15,102
2,5,16,0,102,16,102
2,6,17,0,101,17,102
2,7,18,0,100,18,102
3,1,19,0,99,19,102
3,2,19,0,98,19,102
3,3,20,0,97,20,102
3,4,20,0,96,20,102
3,5,21,0,95,21,102
3,6,21,0,94,21,102
4,1,25,0,93,25,102
4,2,26,0,92,26,102
4,3,27,0,91,27,102
4,4,27,0,90,27,102
4,5,27,0,89,27,102
4,6,27,0,88,26,102
5,1,27,0,87,26,102
5,2,27,0,86,26,102
5,3,27,0,85,25,102
5,4,28,0,84,22,102
5,5,32,0,83,26,102
5,6,32,0,82,26,102
6,1,33,0,81,25,102
6,2,34,0,80,25,102
6,3,34,0,79,21,102
6,4,34,0,78,20,102
6,5,34,0,77,20,102
6,6,34,0,76,20,102
7,1,35,0,75,20,102
7,2,35,0,74,20,102
7,3,35,0,73,20,102
7,4,36,0,72,20,102
7,5,36,0,71,19,102
7,6,36,0,70,18,102
8,1,36,0,69,17,102
8,2,36,0,68,17,102
8,3,36,0,67,16,102
8,4,36,0,66,16,102
8,5,36,0,65,15,102
8,6,36,0,64,15,102
9,1,37,0,63,12,102
9,2,37,0,62,11,102
9,3,38,0,61,11,102
9,4,38,0,60,11,102
9,5,39,0,59,12,102
9,6,39,0,58,12,102
10,1,39,0,57,12,102
10,2,39,0,56,12,102
10,3,39,0,55,12,102
10,4,39,0,54,11,102
10,5,40,0,53,8,102
10,6,41,0,52,9,102
11,1,41,0,51,8,102
11,2,41,0,50,7,102
11,3,42,0,49,8,102
11,4,43,0,48,9,102
11,5,44,0,47,10,102
11,6,44,0,46,10,102
12,1,45,0,45,10,102
12,2,46,0,44,11,102
12,3,47,0,43,12,102
12,4,51,0,42,15,102
12,5,52,0,41,16,102
12,6,53,0,40,17,102
13,1,54,0,39,18,102
13,2,55,0,38,19,102
13,3,59,0,37,23,102
13,4,60,0,36,24,102
13,5,64,0,35,28,102
13,6,64,0,34,28,102
14,1,65,0,33,28,102
14,2,65,0,32,28,102
14,3,65,0,31,27,102
14,4,65,0,30,27,102
14,5,65,0,29,26,102
14,6,66,0,28,27,102
14,7,67,0,27,28,102
15,1,69,0,26,30,102
15,2,70,0,25,31,102
15,3,70,0,24,31,102
15,4,71,0,23,31,102
15,5,72,0,22,31,102
15,6,73,0,21,32,102
15,7,74,0,20,33,102
16,1,75,0,19,33,102
16,2,76,0,18,33,102
16,3,77,0,17,33,102
16,4,81,0,16,37,102
16,5,81,0,15,36,102
16,6,81,0,14,35,102
17,1,82,0,13,35,102
17,2,82,0,12,31,102
17,3,82,0,11,30,102
17,4,83,0,10,30,102
17,5,85,0,9,31,102
17,6,85,0,8,30,102
18,1,86,0,7,27,102
18,2,92,0,6,32,102
18,3,92,0,5,28,102
18,4,92,0,4,28,102
18,5,92,0,3,27,102
18,6,92,0,2,27,102
19,1,94,0,1,29,102
19,2,95,0,0,30,102
19,3,97,0,-1,32,102
19,4,98,0,-2,32,102
19,5,99,0,-3,32,102
19,6,102,0,-4,33,102
0,1,0,0,119,0,146
0,2,0,0,118,0,146
0,3,0,0,117,0,146
0,4,0,0,116,0,146
0,5,1,0,115,1,146
0,6,5,0,114,5,146
1,1,5,0,113,5,146
1,2,9,0,112,9,146
1,3,10,0,111,10,146
1,4,10,0,110,10,146
1,5,10,0,109,10,146
1,6,14,0,108,14,146
2,1,14,0,107,14,146
2,2,14,0,106,14,146
2,3,15,0,105,15,146
2,4,15,0,104,15,146
2,5,19,0,103,19,146
2,6,19,0,102,19,146
2,7,19,0,101,19,146
3,1,20,0,100,20,146
3,2,26,0,99,26,146
3,3,27,0,98,27,146
3,4,28,0,97,28,146
3,5,32,0,96,32,146
3,6,32,0,95,32,146
4,1,32,0,94,32,146
4,2,36,0,93,36,146
4,3,37,0,92,37,146
4,4,37,0,91,37,146
4,5,37,0,90,37,146
4,6,43,0,89,43,146
5,1,45,0,88,45,146
5,2,45,0,87,45,146
5,3,45,0,86,45,146
5,4,45,0,85,44,146
5,5,47,0,84,42,146
5,6,47,0,83,42,146
6,1,51,0,82,42,146
6,2,52,0,81,42,146
6,3,53,0,80,43,146
6,4,53,0,79,43,146
6,5,54,0,78,40,146
6,6,55,0,77,41,146
7,1,57,0,76,43,146
7,2,58,0,75,43,146
7,3,58,0,74,43,146
7,4,62,0,73,43,146
7,5,63,0,72,44,146
7,6,64,0,71,45,146
8,1,64,0,70,44,146
8,2,65,0,69,39,146
8,3,66,0,68,39,146
8,4,66,0,67,38,146
8,5,66,0,66,34,146
8,6,66,0,65,34,146
9,1,67,0,64,35,146
9,2,68,0,63,32,146
9,3,68,0,62,31,146
9,4,68,0,61,31,146
9,5,69,0,60,32,146
9,6,69,0,59,26,146
10,1,69,0,58,24,146
10,2,70,0,57,25,146
10,3,74,0,56,29,146
10,4,75,0,55,30,146
10,5,76,0,54,29,146
10,6,78,0,53,31,146
11,1,80,0,52,29,146
11,2,80,0,51,28,146
11,3,81,0,50,28,146
11,4,81,0,49,28,146
11,5,81,0,48,27,146
11,6,82,0,47,27,146
12,1,82,0,46,25,146
12,2,82,0,45,24,146
12,3,82,0,44,24,146
12,4,82,0,43,20,146
12,5,82,0,42,19,146
12,6,83,0,41,19,146
13,1,83,0,40,19,146
13,2,84,0,39,19,146
13,3,88,0,38,22,146
13,4,89,0,37,23,146
13,5,89,0,36,23,146
13,6,90,0,35,24,146
14,1,90,0,34,23,146
14,2,91,0,33,23,146
14,3,91,0,32,23,146
14,4,95,0,31,27,146
14,5,97,0,30,28,146
14,6,97,0,29,28,146
15,1,98,0,28,29,146
15,2,98,0,27,28,146
15,3,99,0,26,25,146
15,4,100,0,25,25,146
15,5,104,0,24,28,146
15,6,105,0,23,27,146
16,1,105,0,22,25,146
16,2,106,0,21,26,146
16,3,112,0,20,31,146
16,4,118,0,19,37,146
16,5,119,0,18,38,146
16,6,119,0,17,37,146
17,1,120,0,16,38,146
17,2,121,0,15,39,146
17,3,122,0,14,40,146
17,4,123,0,13,41,146
17,5,124,0,12,42,146
17,6,125,0,11,42,146
17,7,126,0,10,43,146
18,1,132,0,9,48,146
18,2,132,0,8,44,146
18,3,136,0,7,47,146
18,4,136,0,6,47,146
18,5,137,0,5,47,146
18,6,143,0,4,53,146
19,1,143,0,3,52,146
19,2,143,0,2,52,146
19,3,144,0,1,49,146
19,4,144,0,0,47,146
19,5,145,0,-1,48,146
19,6,146,0,-2,48,146
0,1,0,0,119,0,149
0,2,1,0,118,1,149
0,3,1,0,117,1,149
0,4,3,0,116,3,149
0,5,4,0,115,4,149
0,6,6,0,114,6,149
0,7,8,0,113,8,149
1,1,9,0,112,9,149
1,2,10,0,111,10,149
1,3,10,0,110,10,149
1,4,10,0,109,10,149
1,5,10,0,108,10,149
1,6,10,0,107,10,149
2,1,14,0,106,14,149
2,2,14,0,105,14,149
2,3,15,0,104,15,149
2,4,15,0,103,15,149
2,5,15,0,102,15,149
2,6,21,0,101,21,149
3,1,22,0,100,22,149
3,2,22,0,99,22,149
3,3,22,0,98,22,149
3,4,22,0,97,22,149
3,5,23,0,96,23,149
3,6,24,0,95,24,149
4,1,24,0,94,24,149
4,2,24,0,93,24,149
4,3,28,0,92,28,149
4,4,28,0,91,28,149
4,5,28,0,90,28,149
4,6,28,0,89,28,149
5,1,28,0,88,27,149
5,2,29,0,87,28,149
5,3,35,0,86,32,149
5,4,37,0,85,33,149
5,5,37,0,84,31,149
5,6,38,0,83,30,149
6,1,39,0,82,30,149
6,2,39,0,81,29,149
6,3,39,0,80,29,149
6,4,39,0,79,29,149
6,5,40,0,78,30,149
6,6,40,0,77,30,149
7,1,40,0,76,26,149
7,2,40,0,75,26,149
7,3,41,0,74,26,149
7,4,42,0,73,27,149
7,5,44,0,72,29,149
7,6,48,0,71,27,149
8,1,48,0,70,26,149
8,2,49,0,69,27,149
8,3,51,0,68,29,149
8,4,53,0,67,31,149
8,5,54,0,66,31,149
8,6,55,0,65,31,149
9,1,56,0,64,32,149
9,2,57,0,63,33,149
9,3,58,0,62,30,149
9,4,62,0,61,34,149
9,5,63,0,60,35,149
9,6,69,0,59,41,149
9,7,70,0,58,42,149
10,1,70,0,57,41,149
10,2,72,0,56,37,149
10,3,72,0,55,35,149
10,4,72,0,54,35,149
10,5,73,0,53,35,149
10,6,77,0,52,38,149
11,1,78,0,51,39,149
11,2,78,0,50,39,149
11,3,78,0,49,39,149
11,4,79,0,48,39,149
11,5,81,0,47,41,149
11,6,82,0,46,42,149
12,1,84,0,45,44,149
12,2,84,0,44,43,149
12,3,84,0,43,42,149
12,4,85,0,42,41,149
12,5,86,0,41,38,149
12,6,87,0,40,39,149
13,1,88,0,39,39,149
13,2,91,0,38,40,149
13,3,95,0,37,42,149
13,4,95,0,36,41,149
13,5,95,0,35,40,149
13,6,96,0,34,40,149
14,1,97,0,33,40,149
14,2,97,0,32,39,149
14,3,98,0,31,36,149
14,4,99,0,30,36,149
14,5,103,0,29,34,149
14,6,104,0,28,34,149
14,7,105,0,27,35,149
15,1,106,0,26,34,149
15,2,107,0,25,35,149
15,3,107,0,24,35,149
15,4,107,0,23,34,149
15,5,111,0,22,34,149
15,6,112,0,21,34,149
16,1,112,0,20,34,149
16,2,114,0,19,36,149
16,3,114,0,18,35,149
16,4,115,0,17,34,149
16,5,115,0,16,33,149
16,6,116,0,15,32,149
17,1,117,0,14,33,149
17,2,119,0,13,35,149
17,3,120,0,12,35,149
17,4,121,0,11,35,149
17,5,122,0,10,35,149
17,6,123,0,9,35,149
18,1,124,0,8,33,149
18,2,125,0,7,30,149
18,3,126,0,6,31,149
18,4,127,0,5,32,149
18,5,128,0,4,32,149
18,6,134,0,3,37,149
19,1,140,0,2,43,149
19,2,144,0,1,46,149
19,3,144,0,0,45,149
19,4,146,0,-1,43,149
19,5,148,0,-2,44,149
19,6,149,0,-3,44,149
0,1,1,0,119,1,140
0,2,1,0,118,1,140
0,3,1,0,117,1,140
0,4,2,0,116,2,140
0,5,3,0,115,3,140
0,6,4,0,114,4,140
0,7,4,0,113,4,140
1,1,4,0,112,4,140
1,2,5,0,111,5,140
1,3,5,0,110,5,140
1,4,5,0,109,5,140
1,5,6,0,108,6,140
1,6,6,0,107,6,140
2,1,7,0,106,7,140
2,2,8,0,105,8,140
2,3,8,0,104,8,140
2,4,9,0,103,9,140
2,5,10,0,102,10,140
2,6,11,0,101,11,140
2,7,15,0,100,15,140
2,8,15,0,99,15,140
2,9,16,0,98,16,140
3,1,16,0,97,16,140
3,2,17,0,96,17,140
3,3,18,0,95,18,140
3,4,22,0,94,22,140
3,5,26,0,93,26,140
3,6,27,0,92,27,140
4,1,28,0,91,28,140
4,2,30,0,90,30,140
4,3,30,0,89,29,140
4,4,31,0,88,30,140
4,5,35,0,87,34,140
4,6,36,0,86,34,140
4,7,36,0,85,33,140
5,1,37,0,84,33,140
5,2,37,0,83,33,140
5,3,39,0,82,35,140
5,4,41,0,81,36,140
5,5,42,0,80,37,140
5,6,43,0,79,38,140
6,1,44,0,78,38,140
6,2,48,0,77,42,140
6,3,49,0,76,42,140
6,4,50,0,75,42,140
6,5,51,0,74,43,140
6,6,51,0,73,42,140
7,1,52,0,72,42,140
7,2,54,0,71,43,140
7,3,55,0,70,40,140
7,4,56,0,69,41,140
7,5,62,0,68,46,140
7,6,63,0,67,47,140
8,1,64,0,66,47,140
8,2,64,0,65,46,140
8,3,65,0,64,43,140
8,4,66,0,63,40,140
8,5,70,0,62,43,140
8,6,70,0,61,42,140
9,1,70,0,60,40,140
9,2,71,0,59,41,140
9,3,71,0,58,40,140
9,4,71,0,57,36,140
9,5,75,0,56,39,140
9,6,76,0,55,40,140
9,7,77,0,54,40,140
10,1,77,0,53,40,140
10,2,78,0,52,39,140
10,3,78,0,51,37,140
10,4,79,0,50,37,140
10,5,80,0,49,37,140
10,6,81,0,48,37,140
11,1,82,0,47,34,140
11,2,84,0,46,35,140
11,3,85,0,45,35,140
11,4,86,0,44,35,140
11,5,87,0,43,36,140
11,6,91,0,42,39,140
12,1,91,0,41,37,140
12,2,91,0,40,36,140
12,3,92,0,39,36,140
12,4,92,0,38,30,140
12,5,93,0,37,30,140
12,6,93,0,36,29,140
13,1,94,0,35,30,140
13,2,95,0,34,30,140
13,3,101,0,33,35,140
13,4,102,0,32,32,140
13,5,104,0,31,34,140
13,6,104,0,30,34,140
13,7,105,0,29,34,140
14,1,105,0,28,34,140
14,2,107,0,27,36,140
14,3,107,0,26,32,140
14,4,108,0,25,32,140
14,5,109,0,24,32,140
14,6,111,0,23,34,140
15,1,112,0,22,34,140
15,2,118,0,21,40,140
15,3,122,0,20,43,140
15,4,123,0,19,43,140
15,5,125,0,18,44,140
15,6,127,0,17,45,140
16,1,128,0,16,44,140
16,2,130,0,15,45,140
16,3,130,0,14,44,140
16,4,130,0,13,43,140
16,5,130,0,12,39,140
16,6,130,0,11,39,140
16,7,130,0,10,39,140
17,1,131,0,9,39,140
17,2,132,0,8,40,140
17,3,133,0,7,40,140
17,4,133,0,6,40,140
17,5,133,0,5,39,140
17,6,134,0,4,39,140
18,1,135,0,3,34,140
18,2,135,0,2,33,140
18,3,135,0,1,31,140
18,4,136,0,0,32,140
18,5,137,0,-1,32,140
18,6,137,0,-2,32,140
18,7,137,0,-3,30,140
19,1,138,0,-4,31,140
19,2,138,0,-5,30,140
19,3,138,0,-6,29,140
19,4,140,0,-7,29,140
19,5,140,0,-8,28,140
0,1,0,0,119,0,124
0,2,0,0,118,0,124
0,3,1,0,117,1,124
0,4,7,0,116,7,124
0,5,11,0,115,11,124
0,6,11,0,114,11,124
0,7,12,0,113,12,124
1,1,13,0,112,13,124
1,2,13,0,111,13,124
1,3,17,0,110,17,124
1,4,18,0,109,18,124
1,5,19,0,108,19,124
1,6,19,0,107,19,124
1,7,19,0,106,19,124
2,1,19,0,105,19,124
2,2,20,0,104,20,124
2,3,20,0,103,20,124
2,4,20,0,102,20,124
2,5,20,0,101,20,124
2,6,20,0,100,20,124
3,1,20,0,99,20,124
3,2,22,0,98,22,124
3,3,22,0,97,22,124
3,4,25,0,96,25,124
3,5,26,0,95,26,124
3,6,26,0,94,26,124
4,1,26,0,93,26,124
4,2,26,0,92,26,124
4,3,30,0,91,30,124
4,4,31,0,90,31,124
4,5,32,0,89,32,124
4,6,32,0,88,32,124
4,7,34,0,87,33,124
5,1,34,0,86,27,124
5,2,38,0,85,27,124
5,3,38,0,84,27,124
5,4,39,0,83,27,124
5,5,39,0,82,26,124
5,6,40,0,81,27,124
5,7,40,0,80,23,124
6,1,40,0,79,22,124
6,2,41,0,78,22,124
6,3,41,0,77,22,124
6,4,45,0,76,26,124
6,5,45,0,75,26,124
6,6,46,0,74,26,124
7,1,46,0,73,26,124
7,2,47,0,72,27,124
7,3,47,0,71,27,124
7,4,48,0,70,28,124
7,5,50,0,69,30,124
7,6,51,0,68,29,124
8,1,55,0,67,33,124
8,2,55,0,66,30,124
8,3,55,0,65,29,124
8,4,56,0,64,30,124
8,5,57,0,63,31,124
8,6,57,0,62,31,124
8,7,63,0,61,33,124
9,1,63,0,60,32,124
9,2,63,0,59,31,124
9,3,63,0,58,31,124
9,4,63,0,57,29,124
9,5,63,0,56,29,124
9,6,63,0,55,25,124
10,1,63,0,54,25,124
10,2,63,0,53,24,124
10,3,64,0,52,25,124
10,4,68,0,51,28,124
10,5,68,0,50,28,124
10,6,69,0,49,29,124
11,1,70,0,48,29,124
11,2,71,0,47,30,124
11,3,71,0,46,26,124
11,4,71,0,45,26,124
11,5,72,0,44,26,124
11,6,72,0,43,26,124
12,1,72,0,42,25,124
12,2,72,0,41,25,124
12,3,72,0,40,24,124
12,4,72,0,39,22,124
12,5,72,0,38,21,124
12,6,73,0,37,18,124
13,1,73,0,36,18,124
13,2,73,0,35,18,124
13,3,73,0,34,17,124
13,4,74,0,33,17,124
13,5,75,0,32,18,124
13,6,76,0,31,13,124
14,1,77,0,30,14,124
14,2,77,0,29,14,124
14,3,77,0,28,14,124
14,4,80,0,27,17,124
14,5,81,0,26,18,124
14,6,81,0,25,18,124
15,1,82,0,24,19,124
15,2,83,0,23,20,124
15,3,83,0,22,19,124
15,4,89,0,21,21,124
15,5,89,0,20,21,124
15,6,95,0,19,26,124
16,1,99,0,18,29,124
16,2,100,0,17,29,124
16,3,101,0,16,30,124
16,4,102,0,15,31,124
16,5,103,0,14,31,124
16,6,103,0,13,31,124
17,1,103,0,12,31,124
17,2,105,0,11,33,124
17,3,105,0,10,33,124
17,4,106,0,9,34,124
17,5,106,0,8,34,124
17,6,106,0,7,33,124
18,1,106,0,6,33,124
18,2,107,0,5,34,124
18,3,113,0,4,40,124
18,4,113,0,3,39,124
18,5,114,0,2,39,124
18,6,115,0,1,39,124
19,1,115,0,0,38,124
19,2,121,0,-1,44,124
19,3,121,0,-2,44,124
19,4,122,0,-3,42,124
19,5,122,0,-4,41,124
19,6,124,0,-5,43,124
0,1,1,0,119,1,143
0,2,1,0,118,1,143
0,3,2,0,117,2,143
0,4,3,0,116,3,143
0,5,4,0,115,4,143
0,6,4,0,114,4,143
1,1,4,0,113,4,143
1,2,5,0,112,5,143
1,3,5,0,111,5,143
1,4,5,0,110,5,143
1,5,5,0,109,5,143
1,6,6,0,108,6,143
2,1,6,0,107,6,143
2,2,7,0,106,7,143
2,3,7,0,105,7,143
2,4,7,0,104,7,143
2,5,8,0,103,8,143
2,6,12,0,102,12,143
3,1,12,0,101,12,143
3,2,12,0,100,12,143
3,3,14,0,99,14,143
3,4,15,0,98,15,143
3,5,15,0,97,15,143
3,6,15,0,96,15,143
4,1,16,0,95,16,143
4,2,16,0,94,16,143
4,3,22,0,93,22,143
4,4,28,0,92,28,143
4,5,32,0,91,32,143
4,6,33,0,90,33,143
4,7,34,0,89,33,143
5,1,35,0,88,34,143
5,2,37,0,87,35,143
5,3,43,0,86,40,143
5,4,45,0,85,41,143
5,5,49,0,84,45,143
5,6,53,0,83,49,143
6,1,54,0,82,49,143
6,2,55,0,81,50,143
6,3,55,0,80,50,143
6,4,57,0,79,52,143
6,5,58,0,78,52,143
6,6,58,0,77,52,143
7,1,58,0,76,51,143
7,2,64,0,75,57,143
7,3,70,0,74,63,143
7,4,71,0,73,63,143
7,5,77,0,72,65,143
7,6,78,0,71,66,143
8,1,80,0,70,68,143
8,2,81,0,69,67,143
8,3,81,0,68,66,143
8,4,81,0,67,66,143
8,5,81,0,66,66,143
8,6,82,0,65,66,143
9,1,83,0,64,67,143
9,2,83,0,63,61,143
9,3,83,0,62,55,143
9,4,84,0,61,52,143
9,5,84,0,60,51,143
9,6,84,0,59,50,143
10,1,84,0,58,49,143
10,2,88,0,57,51,143
10,3,88,0,56,45,143
10,4,89,0,55,44,143
10,5,89,0,54,40,143
10,6,90,0,53,37,143
11,1,91,0,52,37,143
11,2,91,0,51,36,143
11,3,91,0,50,36,143
11,4,92,0,49,35,143
11,5,92,0,48,34,143
11,6,92,0,47,34,143
12,1,94,0,46,36,143
12,2,95,0,45,31,143
12,3,95,0,44,25,143
12,4,96,0,43,25,143
12,5,96,0,42,19,143
12,6,97,0,41,19,143
13,1,97,0,40,17,143
13,2,97,0,39,16,143
13,3,97,0,38,16,143
13,4,97,0,37,16,143
13,5,98,0,36,17,143
13,6,98,0,35,16,143
14,1,98,0,34,15,143
14,2,99,0,33,16,143
14,3,100,0,32,17,143
14,4,100,0,31,16,143
14,5,104,0,30,20,143
14,6,105,0,29,21,143
15,1,105,0,28,21,143
15,2,106,0,27,18,143
15,3,106,0,26,18,143
15,4,106,0,25,17,143
15,5,110,0,24,21,143
15,6,111,0,23,21,143
16,1,112,0,22,21,143
16,2,113,0,21,22,143
16,3,114,0,20,23,143
16,4,114,0,19,22,143
16,5,114,0,18,22,143
16,6,118,0,17,26,143
17,1,118,0,16,24,143
17,2,120,0,15,25,143
17,3,121,0,14,26,143
17,4,125,0,13,29,143
17,5,127,0,12,31,143
17,6,129,0,11,32,143
18,1,133,0,10,36,143
18,2,134,0,9,37,143
18,3,135,0,8,38,143
18,4,135,0,7,38,143
18,5,135,0,6,37,143
18,6,136,0,5,38,143
19,1,136,0,4,38,143
19,2,137,0,3,38,143
19,3,137,0,2,37,143
19,4,140,0,1,40,143
19,5,141,0,0,37,143
19,6,143,0,-1,38,143
0,1,0,0,119,0,121
0,2,0,0,118,0,121
0,3,0,0,117,0,121
0,4,4,0,116,4,121
0,5,5,0,115,5,121
0,6,5,0,114,5,121
1,1,5,0,113,5,121
1,2,11,0,112,11,121
1,3,12,0,111,12,121
1,4,12,0,110,12,121
1,5,12,0,109,12,121
1,6,16,0,108,16,121
1,7,18,0,107,18,121
2,1,20,0,106,20,121
2,2,21,0,105,21,121
2,3,23,0,104,23,121
2,4,27,0,103,27,121
2,5,27,0,102,27,121
2,6,27,0,101,27,121
3,1,27,0,100,27,121
3,2,31,0,99,31,121
3,3,31,0,98,31,121
3,4,37,0,97,37,121
3,5,37,0,96,37,121
3,6,41,0,95,41,121
4,1,41,0,94,41,121
4,2,41,0,93,41,121
4,3,42,0,92,42,121
4,4,42,0,91,42,121
4,5,43,0,90,43,121
4,6,43,0,89,43,121
5,1,47,0,88,47,121
5,2,47,0,87,47,121
5,3,48,0,86,44,121
5,4,49,0,85,44,121
5,5,49,0,84,44,121
5,6,49,0,83,44,121
6,1,50,0,82,39,121
6,2,51,0,81,39,121
6,3,51,0,80,39,121
6,4,55,0,79,43,121
6,5,56,0,78,40,121
6,6,57,0,77,39,121
7,1,58,0,76,38,121
7,2,58,0,75,37,121
7,3,58,0,74,35,121
7,4,59,0,73,32,121
7,5,59,0,72,32,121
7,6,63,0,71,36,121
8,1,63,0,70,36,121
8,2,64,0,69,33,121
8,3,66,0,68,35,121
8,4,68,0,67,31,121
8,5,68,0,66,31,121
8,6,70,0,65,29,121
9,1,70,0,64,29,121
9,2,71,0,63,30,121
9,3,71,0,62,29,121
9,4,72,0,61,30,121
9,5,72,0,60,29,121
9,6,73,0,59,30,121
10,1,73,0,58,26,121
10,2,73,0,57,26,121
10,3,78,0,56,30,121
10,4,78,0,55,29,121
10,5,80,0,54,31,121
10,6,80,0,53,31,121
11,1,80,0,52,30,121
11,2,81,0,51,30,121
11,3,81,0,50,30,121
11,4,82,0,49,27,121
11,5,83,0,48,27,121
11,6,84,0,47,27,121
12,1,84,0,46,26,121
12,2,85,0,45,27,121
12,3,86,0,44,28,121
12,4,86,0,43,27,121
12,5,86,0,42,27,121
12,6,86,0,41,23,121
13,1,87,0,40,24,121
13,2,88,0,39,24,121
13,3,88,0,38,22,121
13,4,89,0,37,21,121
13,5,89,0,36,21,121
13,6,89,0,35,19,121
14,1,89,0,34,19,121
14,2,89,0,33,18,121
14,3,90,0,32,19,121
14,4,91,0,31,19,121
14,5,92,0,30,20,121
14,6,92,0,29,19,121
15,1,93,0,28,20,121
15,2,94,0,27,21,121
15,3,95,0,26,17,121
15,4,95,0,25,17,121
15,5,97,0,24,17,121
15,6,98,0,23,18,121
16,1,99,0,22,19,121
16,2,100,0,21,19,121
16,3,104,0,20,23,121
16,4,106,0,19,24,121
16,5,107,0,18,24,121
16,6,107,0,17,23,121
17,1,109,0,16,25,121
17,2,109,0,15,24,121
17,3,109,0,14,23,121
17,4,109,0,13,23,121
17,5,109,0,12,23,121
17,6,111,0,11,25,121
18,1,111,0,10,24,121
18,2,111,0,9,23,121
18,3,113,0,8,25,121
18,4,113,0,7,24,121
18,5,114,0,6,25,121
18,6,115,0,5,26,121
19,1,116,0,4,27,121
19,2,116,0,3,27,121
19,3,117,0,2,27,121
19,4,118,0,1,27,121
19,5,119,0,0,27,121
19,6,121,0,-1,29,121
0,1,0,0,119,0,153
0,2,1,0,118,1,153
0,3,1,0,117,1,153
0,4,1,0,116,1,153
0,5,1,0,115,1,153
0,6,2,0,114,2,153
1,1,3,0,113,3,153
1,2,4,0,112,4,153
1,3,4,0,111,4,153
1,4,5,0,110,5,153
1,5,5,0,109,5,153
1,6,5,0,108,5,153
2,1,6,0,107,6,153
2,2,6,0,106,6,153
2,3,8,0,105,8,153
2,4,8,0,104,8,153
2,5,14,0,103,14,153
2,6,15,0,102,15,153
3,1,15,0,101,15,153
3,2,19,0,100,19,153
3,3,20,0,99,20,153
3,4,23,0,98,23,153
3,5,27,0,97,27,153
3,6,33,0,96,33,153
4,1,33,0,95,33,153
4,2,33,0,94,33,153
4,3,33,0,93,33,153
4,4,34,0,92,34,153
4,5,35,0,91,35,153
4,6,35,0,90,35,153
5,1,35,0,89,35,153
5,2,35,0,88,34,153
5,3,35,0,87,34,153
5,4,36,0,86,35,153
5,5,37,0,85,36,153
5,6,38,0,84,36,153
6,1,38,0,83,35,153
6,2,39,0,82,35,153
6,3,39,0,81,35,153
6,4,41,0,80,36,153
6,5,43,0,79,38,153
6,6,47,0,78,42,153
7,1,48,0,77,42,153
7,2,49,0,76,43,153
7,3,49,0,75,41,153
7,4,49,0,74,41,153
7,5,50,0,73,36,153
7,6,51,0,72,36,153
7,7,52,0,71,37,153
7,8,53,0,70,34,153
8,1,54,0,69,34,153
8,2,55,0,68,32,153
8,3,57,0,67,30,153
8,4,59,0,66,26,153
8,5,60,0,65,27,153
8,6,61,0,64,28,153
9,1,61,0,63,28,153
9,2,62,0,62,28,153
9,3,63,0,61,28,153
9,4,63,0,60,28,153
9,5,64,0,59,29,153
9,6,65,0,58,30,153
9,7,65,0,57,30,153
10,1,66,0,56,30,153
10,2,67,0,55,30,153
10,3,68,0,54,30,153
10,4,70,0,53,32,153
10,5,71,0,52,32,153
10,6,73,0,51,34,153
11,1,73,0,50,32,153
11,2,74,0,49,31,153
11,3,75,0,48,28,153
11,4,75,0,47,27,153
11,5,79,0,46,30,153
11,6,79,0,45,30,153
12,1,82,0,44,33,153
12,2,82,0,43,32,153
12,3,83,0,42,32,153
12,4,84,0,41,32,153
12,5,88,0,40,35,153
12,6,90,0,39,36,153
13,1,96,0,38,41,153
13,2,97,0,37,40,153
13,3,97,0,36,38,153
13,4,98,0,35,38,153
13,5,99,0,34,38,153
13,6,100,0,33,39,153
13,7,101,0,32,39,153
13,8,105,0,31,42,153
13,9,107,0,30,44,153
14,1,107,0,29,43,153
14,2,111,0,28,46,153
14,3,113,0,27,48,153
14,4,117,0,26,51,153
14,5,118,0,25,51,153
14,6,119,0,24,51,153
15,1,120,0,23,50,153
15,2,120,0,22,49,153
15,3,120,0,21,47,153
15,4,121,0,20,48,153
15,5,122,0,19,48,153
15,6,123,0,18,48,153
15,7,124,0,17,49,153
16,1,128,0,16,49,153
16,2,130,0,15,51,153
16,3,130,0,14,48,153
16,4,130,0,13,48,153
16,5,131,0,12,48,153
16,6,131,0,11,47,153
17,1,132,0,10,44,153
17,2,133,0,9,43,153
17,3,135,0,8,39,153
17,4,136,0,7,39,153
17,5,137,0,6,40,153
17,6,138,0,5,40,153
18,1,139,0,4,40,153
18,2,140,0,3,40,153
18,3,140,0,2,39,153
18,4,141,0,1,36,153
18,5,145,0,0,38,153
18,6,146,0,-1,39,153
19,1,148,0,-2,37,153
19,2,149,0,-3,36,153
19,3,151,0,-4,34,153
19,4,152,0,-5,34,153
19,5,153,0,-6,34,153
19,6,153,0,-7,33,153
0,1,0,0,119,0,143
0,2,4,0,118,4,143
0,3,5,0,117,5,143
0,4,5,0,116,5,143
0,5,5,0,115,5,143
0,6,5,0,114,5,143
1,1,5,0,113,5,143
1,2,9,0,112,9,143
1,3,9,0,111,9,143
1,4,9,0,110,9,143
1,5,9,0,109,9,143
1,6,9,0,108,9,143
2,1,9,0,107,9,143
2,2,13,0,106,13,143
2,3,13,0,105,13,143
2,4,16,0,104,16,143
2,5,16,0,103,16,143
2,6,16,0,102,16,143
3,1,16,0,101,16,143
3,2,16,0,100,16,143
3,3,16,0,99,16,143
3,4,16,0,98,16,143
3,5,20,0,97,20,143
3,6,21,0,96,21,143
4,1,21,0,95,21,143
4,2,23,0,94,23,143
4,3,23,0,93,23,143
4,4,27,0,92,27,143
4,5,28,0,91,28,143
4,6,28,0,90,28,143
4,7,29,0,89,29,143
5,1,29,0,88,25,143
5,2,29,0,87,24,143
5,3,29,0,86,24,143
5,4,29,0,85,24,143
5,5,30,0,84,25,143
5,6,30,0,83,25,143
6,1,31,0,82,22,143
6,2,31,0,81,22,143
6,3,32,0,80,23,143
6,4,33,0,79,24,143
6,5,33,0,78,24,143
6,6,33,0,77,24,143
7,1,33,0,76,20,143
7,2,33,0,75,20,143
7,3,35,0,74,19,143
7,4,36,0,73,20,143
7,5,37,0,72,21,143
7,6,37,0,71,21,143
8,1,38,0,70,22,143
8,2,41,0,69,25,143
8,3,42,0,68,26,143
8,4,44,0,67,24,143
8,5,45,0,66,24,143
8,6,47,0,65,26,143
9,1,47,0,64,24,143
9,2,49,0,63,26,143
9,3,53,0,62,26,143
9,4,54,0,61,26,143
9,5,55,0,60,27,143
9,6,56,0,59,27,143
10,1,57,0,58,28,143
10,2,58,0,57,29,143
10,3,59,0,56,30,143
10,4,59,0,55,30,143
10,5,60,0,54,30,143
10,6,61,0,53,31,143
11,1,62,0,52,31,143
11,2,66,0,51,35,143
11,3,66,0,50,34,143
11,4,70,0,49,37,143
11,5,72,0,48,39,143
11,6,72,0,47,39,143
12,1,73,0,46,40,143
12,2,73,0,45,40,143
12,3,74,0,44,39,143
12,4,75,0,43,39,143
12,5,76,0,42,39,143
12,6,76,0,41,39,143
13,1,76,0,40,38,143
13,2,77,0,39,36,143
13,3,78,0,38,36,143
13,4,79,0,37,35,143
13,5,81,0,36,36,143
13,6,81,0,35,34,143
14,1,83,0,34,36,143
14,2,85,0,33,36,143
14,3,87,0,32,34,143
14,4,91,0,31,37,143
14,5,92,0,30,37,143
14,6,98,0,29,42,143
15,1,102,0,28,45,143
15,2,103,0,27,45,143
15,3,107,0,26,48,143
15,4,110,0,25,51,143
15,5,111,0,24,51,143
15,6,113,0,23,52,143
16,1,114,0,22,52,143
16,2,115,0,21,49,143
16,3,116,0,20,50,143
16,4,118,0,19,48,143
16,5,118,0,18,46,143
16,6,118,0,17,46,143
17,1,118,0,16,45,143
17,2,124,0,15,51,143
17,3,124,0,14,50,143
17,4,124,0,13,49,143
17,5,124,0,12,48,143
17,6,125,0,11,49,143
18,1,125,0,10,49,143
18,2,125,0,9,48,143
18,3,126,0,8,48,143
18,4,128,0,7,49,143
18,5,130,0,6,49,143
18,6,131,0,5,50,143
19,1,132,0,4,49,143
19,2,132,0,3,47,143
19,3,136,0,2,49,143
19,4,137,0,1,46,143
19,5,143,0,0,51,143
19,6,143,0,-1,45,143
0,1,4,0,119,4,61
0,2,4,0,118,4,61
0,3,10,0,117,10,61
0,4,10,0,116,10,61
0,5,10,0,115,10,61
0,6,10,0,114,10,61
1,1,11,0,113,11,61
1,2,11,0,112,11,61
1,3,15,0,111,15,61
1,4,16,0,110,16,61
1,5,16,0,109,16,61
1,6,17,0,108,17,61
2,1,17,0,107,17,61
2,2,18,0,106,18,61
2,3,19,0,105,19,61
2,4,19,0,104,19,61
2,5,20,0,103,20,61
2,6,20,0,102,20,61
3,1,20,0,101,20,61
3,2,24,0,100,24,61
3,3,25,0,99,25,61
3,4,31,0,98,31,61
3,5,31,0,97,31,61
3,6,32,0,96,32,61
4,1,33,0,95,33,61
4,2,34,0,94,34,61
4,3,34,0,93,34,61
4,4,35,0,92,35,61
4,5,36,0,91,36,61
4,6,36,0,90,36,61
4,7,37,0,89,33,61
5,1,39,0,88,35,61
5,2,40,0,87,30,61
5,3,40,0,86,30,61
5,4,44,0,85,34,61
5,5,46,0,84,36,61
5,6,46,0,83,35,61
6,1,47,0,82,36,61
6,2,47,0,81,32,61
6,3,49,0,80,33,61
6,4,53,0,79,37,61
6,5,54,0,78,37,61
6,6,54,0,77,37,61
7,1,55,0,76,37,61
7,2,55,0,75,36,61
7,3,57,0,74,38,61
7,4,61,0,73,41,61
0,1,0,0,119,0,146
0,2,1,0,118,1,146
0,3,1,0,117,1,146
0,4,1,0,116,1,146
0,5,2,0,115,2,146
0,6,2,0,114,2,146
1,1,4,0,113,4,146
1,2,8,0,112,8,146
1,3,8,0,111,8,146
1,4,8,0,110,8,146
1,5,9,0,109,9,146
1,6,9,0,108,9,146
2,1,9,0,107,9,146
2,2,10,0,106,10,146
2,3,11,0,105,11,146
2,4,11,0,104,11,146
2,5,15,0,103,15,146
2,6,16,0,102,16,146
2,7,16,0,101,16,146
3,1,17,0,100,17,146
3,2,21,0,99,21,146
3,3,22,0,98,22,146
3,4,22,0,97,22,146
3,5,22,0,96,22,146
3,6,22,0,95,22,146
4,1,23,0,94,23,146
4,2,24,0,93,24,146
4,3,24,0,92,24,146
4,4,25,0,91,25,146
4,5,29,0,90,29,146
4,6,33,0,89,33,146
5,1,33,0,88,32,146
5,2,33,0,87,32,146
5,3,33,0,86,32,146
5,4,34,0,85,32,146
5,5,35,0,84,33,146
5,6,39,0,83,35,146
5,7,39,0,82,31,146
6,1,39,0,81,31,146
6,2,39,0,80,31,146
6,3,40,0,79,31,146
6,4,41,0,78,32,146
6,5,43,0,77,34,146
6,6,47,0,76,37,146
6,7,48,0,75,37,146
7,1,49,0,74,38,146
7,2,49,0,73,34,146
7,3,50,0,72,34,146
7,4,50,0,71,34,146
7,5,50,0,70,33,146
7,6,51,0,69,30,146
7,7,51,0,68,29,146
8,1,51,0,67,29,146
8,2,52,0,66,30,146
8,3,53,0,65,31,146
8,4,53,0,64,30,146
8,5,54,0,63,30,146
8,6,55,0,62,31,146
9,1,56,0,61,31,146
9,2,57,0,60,28,146
9,3,57,0,59,24,146
9,4,57,0,58,24,146
9,5,59,0,57,26,146
9,6,60,0,56,27,146
10,1,64,0,55,30,146
10,2,65,0,54,30,146
10,3,66,0,53,27,146
10,4,66,0,52,27,146
10,5,66,0,51,27,146
10,6,67,0,50,28,146
11,1,67,0,49,27,146
11,2,68,0,48,27,146
11,3,68,0,47,25,146
11,4,69,0,46,22,146
11,5,70,0,45,22,146
11,6,70,0,44,21,146
12,1,74,0,43,25,146
12,2,76,0,42,26,146
12,3,77,0,41,27,146
12,4,77,0,40,27,146
12,5,77,0,39,26,146
12,6,78,0,38,27,146
13,1,78,0,37,27,146
13,2,78,0,36,26,146
13,3,79,0,35,26,146
13,4,80,0,34,27,146
13,5,81,0,33,27,146
13,6,82,0,32,27,146
14,1,82,0,31,26,146
14,2,88,0,30,31,146
14,3,89,0,29,32,146
14,4,91,0,28,34,146
14,5,92,0,27,33,146
14,6,92,0,26,32,146
15,1,92,0,25,28,146
15,2,94,0,24,29,146
15,3,94,0,23,28,146
15,4,94,0,22,28,146
15,5,94,0,21,28,146
15,6,95,0,20,28,146
16,1,97,0,19,30,146
16,2,101,0,18,33,146
16,3,105,0,17,37,146
16,4,105,0,16,36,146
16,5,106,0,15,36,146
16,6,106,0,14,36,146
16,7,107,0,13,33,146
17,1,108,0,12,32,146
17,2,109,0,11,32,146
17,3,112,0,10,35,146
17,4,112,0,9,35,146
17,5,113,0,8,35,146
17,6,113,0,7,35,146
17,7,116,0,6,38,146
17,8,117,0,5,38,146
18,1,117,0,4,37,146
18,2,117,0,3,36,146
18,3,118,0,2,36,146
18,4,122,0,1,40,146
18,5,128,0,0,40,146
18,6,129,0,-1,40,146
19,1,130,0,-2,39,146
19,2,131,0,-3,39,146
19,3,135,0,-4,43,146
19,4,139,0,-5,47,146
19,5,140,0,-6,46,146
19,6,145,0,-7,51,146
19,7,146,0,-8,52,146
0,1,1,0,119,1,145
0,2,1,0,118,1,145
0,3,2,0,117,2,145
0,4,3,0,116,3,145
0,5,4,0,115,4,145
0,6,5,0,114,5,145
1,1,6,0,113,6,145
1,2,7,0,112,7,145
1,3,9,0,111,9,145
1,4,13,0,110,13,145
1,5,14,0,109,14,145
1,6,18,0,108,18,145
1,7,18,0,107,18,145
2,1,20,0,106,20,145
2,2,20,0,105,20,145
2,3,22,0,104,22,145
2,4,22,0,103,22,145
2,5,26,0,102,26,145
2,6,27,0,101,27,145
3,1,31,0,100,31,145
3,2,31,0,99,31,145
3,3,33,0,98,33,145
3,4,35,0,97,35,145
3,5,36,0,96,36,145
3,6,40,0,95,40,145
4,1,41,0,94,41,145
4,2,43,0,93,43,145
4,3,44,0,92,44,145
4,4,44,0,91,44,145
4,5,45,0,90,45,145
4,6,46,0,89,45,145
5,1,47,0,88,46,145
5,2,51,0,87,49,145
5,3,51,0,86,48,145
5,4,51,0,85,47,145
5,5,52,0,84,47,145
5,6,54,0,83,48,145
6,1,55,0,82,48,145
6,2,56,0,81,47,145
6,3,56,0,80,43,145
6,4,57,0,79,43,145
6,5,58,0,78,40,145
6,6,58,0,77,40,145
7,1,60,0,76,40,145
7,2,61,0,75,41,145
7,3,61,0,74,39,145
7,4,62,0,73,40,145
7,5,62,0,72,36,145
7,6,63,0,71,36,145
8,1,66,0,70,35,145
8,2,67,0,69,36,145
8,3,69,0,68,36,145
8,4,70,0,67,35,145
8,5,71,0,66,35,145
8,6,72,0,65,32,145
9,1,73,0,64,32,145
9,2,79,0,63,36,145
9,3,80,0,62,36,145
9,4,81,0,61,37,145
9,5,85,0,60,40,145
9,6,85,0,59,39,145
10,1,86,0,58,39,145
10,2,88,0,57,37,145
10,3,90,0,56,39,145
10,4,91,0,55,40,145
10,5,91,0,54,39,145
10,6,92,0,53,38,145
11,1,93,0,52,38,145
11,2,93,0,51,37,145
11,3,94,0,50,38,145
11,4,95,0,49,38,145
11,5,95,0,48,37,145
11,6,96,0,47,38,145
12,1,97,0,46,37,145
12,2,97,0,45,36,145
12,3,101,0,44,40,145
12,4,101,0,43,39,145
12,5,102,0,42,40,145
12,6,103,0,41,40,145
13,1,104,0,40,38,145
13,2,105,0,39,38,145
13,3,105,0,38,36,145
13,4,105,0,37,35,145
13,5,105,0,36,34,145
13,6,105,0,35,33,145
14,1,107,0,34,34,145
14,2,107,0,33,28,145
14,3,109,0,32,29,145
14,4,110,0,31,29,145
14,5,111,0,30,26,145
14,6,112,0,29,27,145
14,7,112,0,28,26,145
15,1,114,0,27,26,145
15,2,116,0,26,26,145
15,3,117,0,25,26,145
15,4,117,0,24,26,145
15,5,119,0,23,27,145
15,6,120,0,22,27,145
16,1,120,0,21,27,145
16,2,122,0,20,28,145
16,3,122,0,19,27,145
16,4,123,0,18,28,145
16,5,124,0,17,28,145
16,6,125,0,16,28,145
17,1,127,0,15,30,145
17,2,128,0,14,27,145
17,3,128,0,13,27,145
17,4,128,0,12,26,145
17,5,129,0,11,26,145
17,6,133,0,10,29,145
18,1,134,0,9,29,145
18,2,138,0,8,33,145
18,3,139,0,7,34,145
18,4,140,0,6,35,145
18,5,140,0,5,35,145
18,6,140,0,4,33,145
19,1,140,0,3,33,145
19,2,140,0,2,31,145
19,3,144,0,1,34,145
19,4,144,0,0,33,145
19,5,145,0,-1,33,145
19,6,145,0,-2,33,145
0,1,0,0,119,0,135
0,2,0,0,118,0,135
0,3,0,0,117,0,135
0,4,3,0,116,3,135
0,5,3,0,115,3,135
0,6,3,0,114,3,135
1,1,3,0,113,3,135
1,2,4,0,112,4,135
1,3,5,0,111,5,135
1,4,5,0,110,5,135
1,5,5,0,109,5,135
1,6,7,0,108,7,135
1,7,12,0,107,12,135
1,8,12,0,106,12,135
1,9,14,0,105,14,135
2,1,15,0,104,15,135
2,2,19,0,103,19,135
2,3,19,0,102,19,135
2,4,19,0,101,19,135
2,5,19,0,100,19,135
2,6,19,0,99,19,135
3,1,19,0,98,19,135
3,2,19,0,97,19,135
3,3,19,0,96,19,135
3,4,19,0,95,19,135
3,5,23,0,94,23,135
3,6,25,0,93,25,135
4,1,25,0,92,25,135
4,2,29,0,91,29,135
4,3,33,0,90,33,135
4,4,33,0,89,33,135
4,5,33,0,88,33,135
4,6,34,0,87,34,135
5,1,34,0,86,31,135
5,2,35,0,85,32,135
5,3,37,0,84,34,135
5,4,41,0,83,38,135
5,5,41,0,82,37,135
5,6,42,0,81,37,135
6,1,42,0,80,37,135
6,2,42,0,79,37,135
6,3,43,0,78,36,135
6,4,44,0,77,32,135
6,5,44,0,76,32,135
6,6,45,0,75,31,135
7,1,46,0,74,31,135
7,2,47,0,73,28,135
7,3,51,0,72,32,135
7,4,51,0,71,32,135
7,5,52,0,70,33,135
7,6,53,0,69,34,135
8,1,55,0,68,36,135
8,2,56,0,67,37,135
8,3,56,0,66,37,135
8,4,57,0,65,38,135
8,5,58,0,64,35,135
8,6,59,0,63,34,135
9,1,60,0,62,35,135
9,2,61,0,61,32,135
9,3,61,0,60,28,135
9,4,61,0,59,28,135
9,5,63,0,58,30,135
9,6,65,0,57,31,135
10,1,65,0,56,31,135
10,2,65,0,55,30,135
10,3,66,0,54,29,135
10,4,67,0,53,26,135
10,5,68,0,52,27,135
10,6,74,0,51,32,135
11,1,75,0,50,33,135
11,2,75,0,49,33,135
11,3,75,0,48,32,135
11,4,76,0,47,32,135
11,5,82,0,46,38,135
11,6,83,0,45,38,135
12,1,84,0,44,38,135
12,2,84,0,43,37,135
12,3,84,0,42,33,135
12,4,85,0,41,34,135
12,5,86,0,40,34,135
12,6,86,0,39,33,135
13,1,87,0,38,32,135
13,2,87,0,37,31,135
13,3,88,0,36,32,135
13,4,89,0,35,32,135
13,5,89,0,34,31,135
13,6,89,0,33,30,135
13,7,90,0,32,30,135
14,1,91,0,31,30,135
14,2,92,0,30,31,135
14,3,92,0,29,31,135
14,4,93,0,28,30,135
14,5,99,0,27,34,135
14,6,99,0,26,34,135
15,1,103,0,25,38,135
15,2,105,0,24,39,135
15,3,109,0,23,42,135
15,4,110,0,22,42,135
15,5,111,0,21,37,135
15,6,113,0,20,38,135
16,1,117,0,19,42,135
16,2,117,0,18,42,135
16,3,118,0,17,42,135
16,4,118,0,16,36,135
16,5,119,0,15,36,135
16,6,120,0,14,36,135
17,1,121,0,13,37,135
17,2,125,0,12,41,135
17,3,126,0,11,41,135
17,4,126,0,10,40,135
17,5,132,0,9,46,135
17,6,134,0,8,47,135
18,1,134,0,7,47,135
18,2,134,0,6,46,135
18,3,134,0,5,45,135
18,4,134,0,4,45,135
18,5,134,0,3,45,135
18,6,134,0,2,44,135
19,1,135,0,1,44,135
19,2,135,0,0,43,135
19,3,135,0,-1,43,135
19,4,135,0,-2,42,135
0,1,0,0,119,0,132
0,2,0,0,118,0,132
0,3,0,0,117,0,132
0,4,4,0,116,4,132
0,5,5,0,115,5,132
0,6,5,0,114,5,132
1,1,5,0,113,5,132
1,2,5,0,112,5,132
1,3,6,0,111,6,132
1,4,6,0,110,6,132
1,5,7,0,109,7,132
1,6,8,0,108,8,132
2,1,10,0,107,10,132
2,2,10,0,106,10,132
2,3,10,0,105,10,132
2,4,12,0,104,12,132
2,5,13,0,103,13,132
2,6,19,0,102,19,132
3,1,19,0,101,19,132
3,2,19,0,100,19,132
3,3,19,0,99,19,132
3,4,20,0,98,20,132
3,5,24,0,97,24,132
3,6,28,0,96,28,132
4,1,31,0,95,31,132
4,2,33,0,94,33,132
4,3,37,0,93,37,132
4,4,38,0,92,38,132
4,5,40,0,91,40,132
4,6,40,0,90,40,132
5,1,46,0,89,46,132
5,2,46,0,88,46,132
5,3,47,0,87,47,132
5,4,48,0,86,44,132
5,5,52,0,85,47,132
5,6,53,0,84,48,132
6,1,54,0,83,49,132
6,2,55,0,82,50,132
6,3,56,0,81,50,132
6,4,57,0,80,51,132
6,5,58,0,79,51,132
6,6,59,0,78,51,132
7,1,60,0,77,50,132
7,2,61,0,76,51,132
7,3,62,0,75,52,132
7,4,62,0,74,50,132
7,5,63,0,73,50,132
7,6,63,0,72,44,132
8,1,64,0,71,45,132
8,2,65,0,70,46,132
8,3,65,0,69,46,132
8,4,66,0,68,46,132
8,5,69,0,67,45,132
8,6,69,0,66,41,132
9,1,70,0,65,39,132
9,2,72,0,64,39,132
9,3,73,0,63,36,132
9,4,75,0,62,37,132
9,5,75,0,61,35,132
9,6,75,0,60,35,132
10,1,76,0,59,30,132
10,2,76,0,58,30,132
10,3,76,0,57,29,132
10,4,77,0,56,29,132
10,5,77,0,55,25,132
10,6,78,0,54,25,132
11,1,79,0,53,25,132
11,2,81,0,52,26,132
11,3,82,0,51,26,132
11,4,82,0,50,25,132
11,5,82,0,49,24,132
11,6,82,0,48,23,132
12,1,83,0,47,23,132
12,2,84,0,46,23,132
12,3,84,0,45,22,132
12,4,85,0,44,23,132
12,5,85,0,43,22,132
12,6,86,0,42,23,132
13,1,92,0,41,28,132
13,2,94,0,40,29,132
13,3,94,0,39,29,132
13,4,94,0,38,28,132
13,5,94,0,37,25,132
13,6,94,0,36,25,132
14,1,95,0,35,25,132
14,2,95,0,34,23,132
14,3,96,0,33,23,132
14,4,97,0,32,22,132
14,5,98,0,31,23,132
14,6,98,0,30,23,132
15,1,99,0,29,23,132
15,2,100,0,28,24,132
15,3,101,0,27,25,132
15,4,101,0,26,24,132
15,5,101,0,25,24,132
15,6,102,0,24,24,132
16,1,102,0,23,23,132
16,2,103,0,22,22,132
16,3,104,0,21,22,132
16,4,105,0,20,23,132
16,5,105,0,19,23,132
16,6,106,0,18,24,132
17,1,107,0,17,24,132
17,2,107,0,16,23,132
17,3,108,0,15,24,132
17,4,109,0,14,24,132
17,5,109,0,13,24,132
17,6,113,0,12,27,132
18,1,113,0,11,21,132
18,2,114,0,10,20,132
18,3,116,0,9,22,132
18,4,118,0,8,24,132
18,5,122,0,7,28,132
18,6,124,0,6,30,132
19,1,124,0,5,29,132
19,2,125,0,4,30,132
19,3,127,0,3,31,132
19,4,129,0,2,32,132
19,5,131,0,1,33,132
19,6,132,0,0,34,132
0,1,1,0,119,1,141
0,2,1,0,118,1,141
0,3,3,0,117,3,141
0,4,3,0,116,3,141
0,5,3,0,115,3,141
0,6,7,0,114,7,141
1,1,8,0,113,8,141
1,2,14,0,112,14,141
1,3,20,0,111,20,141
1,4,20,0,110,20,141
1,5,20,0,109,20,141
1,6,21,0,108,21,141
2,1,23,0,107,23,141
2,2,29,0,106,29,141
2,3,29,0,105,29,141
2,4,30,0,104,30,141
2,5,30,0,103,30,141
2,6,30,0,102,30,141
3,1,31,0,101,31,141
3,2,32,0,100,32,141
3,3,36,0,99,36,141
3,4,40,0,98,40,141
3,5,46,0,97,46,141
3,6,47,0,96,47,141
4,1,48,0,95,48,141
4,2,52,0,94,52,141
4,3,53,0,93,53,141
4,4,54,0,92,54,141
4,5,56,0,91,56,141
4,6,60,0,90,60,141
5,1,60,0,89,59,141
5,2,60,0,88,59,141
5,3,62,0,87,59,141
5,4,63,0,86,60,141
5,5,64,0,85,61,141
5,6,65,0,84,58,141
6,1,66,0,83,58,141
6,2,68,0,82,54,141
6,3,68,0,81,48,141
6,4,68,0,80,48,141
6,5,68,0,79,48,141
6,6,68,0,78,47,141
7,1,69,0,77,46,141
7,2,70,0,76,41,141
7,3,70,0,75,41,141
7,4,71,0,74,41,141
7,5,71,0,73,41,141
7,6,71,0,72,41,141
8,1,71,0,71,40,141
8,2,72,0,70,40,141
8,3,73,0,69,37,141
8,4,73,0,68,33,141
8,5,74,0,67,28,141
8,6,74,0,66,27,141
9,1,74,0,65,26,141
9,2,74,0,64,22,141
9,3,75,0,63,22,141
9,4,76,0,62,22,141
9,5,77,0,61,21,141
9,6,77,0,60,17,141
10,1,79,0,59,19,141
10,2,81,0,58,21,141
10,3,82,0,57,20,141
10,4,82,0,56,19,141
10,5,83,0,55,19,141
10,6,84,0,54,19,141
11,1,88,0,53,22,141
11,2,89,0,52,21,141
11,3,89,0,51,21,141
11,4,89,0,50,21,141
11,5,89,0,49,21,141
11,6,90,0,48,22,141
12,1,91,0,47,22,141
12,2,92,0,46,22,141
12,3,94,0,45,24,141
12,4,95,0,44,24,141
12,5,96,0,43,25,141
12,6,98,0,42,27,141
13,1,99,0,41,28,141
13,2,99,0,40,27,141
13,3,99,0,39,26,141
13,4,100,0,38,27,141
13,5,101,0,37,27,141
13,6,102,0,36,28,141
14,1,103,0,35,29,141
14,2,105,0,34,31,141
14,3,105,0,33,30,141
14,4,106,0,32,30,141
14,5,106,0,31,29,141
14,6,107,0,30,30,141
15,1,108,0,29,29,141
15,2,108,0,28,27,141
15,3,110,0,27,28,141
15,4,111,0,26,29,141
15,5,115,0,25,32,141
15,6,119,0,24,35,141
16,1,120,0,23,32,141
16,2,122,0,22,33,141
16,3,122,0,21,33,141
16,4,123,0,20,34,141
16,5,123,0,19,34,141
16,6,124,0,18,34,141
17,1,125,0,17,34,141
17,2,127,0,16,35,141
17,3,127,0,15,33,141
17,4,128,0,14,33,141
17,5,129,0,13,33,141
17,6,130,0,12,32,141
18,1,131,0,11,32,141
18,2,132,0,10,33,141
18,3,132,0,9,33,141
18,4,133,0,8,33,141
18,5,133,0,7,32,141
18,6,135,0,6,33,141
19,1,136,0,5,33,141
19,2,137,0,4,32,141
19,3,139,0,3,34,141
19,4,140,0,2,34,141
19,5,140,0,1,34,141
19,6,141,0,0,34,141
0,1,1,0,119,1,87
0,2,2,0,118,2,87
0,3,3,0,117,3,87
0,4,4,0,116,4,87
0,5,5,0,115,5,87
0,6,5,0,114,5,87
0,7,6,0,113,6,87
0,8,6,0,112,6,87
0,9,6,0,111,6,87
1,1,8,0,110,8,87
1,2,9,0,109,9,87
1,3,13,0,108,13,87
1,4,14,0,107,14,87
1,5,15,0,106,15,87
1,6,16,0,105,16,87
2,1,16,0,104,16,87
2,2,16,0,103,16,87
2,3,17,0,102,17,87
2,4,18,0,101,18,87
2,5,18,0,100,18,87
2,6,18,0,99,18,87
3,1,18,0,98,18,87
3,2,22,0,97,22,87
3,3,22,0,96,22,87
3,4,26,0,95,26,87
3,5,26,0,94,26,87
3,6,26,0,93,26,87
4,1,26,0,92,26,87
4,2,27,0,91,27,87
4,3,28,0,90,28,87
4,4,28,0,89,27,87
4,5,28,0,88,26,87
4,6,28,0,87,25,87
5,1,32,0,86,28,87
5,2,34,0,85,29,87
5,3,34,0,84,29,87
5,4,34,0,83,28,87
5,5,35,0,82,29,87
5,6,36,0,81,30,87
6,1,36,0,80,28,87
6,2,36,0,79,27,87
6,3,36,0,78,23,87
6,4,37,0,77,23,87
6,5,37,0,76,22,87
6,6,38,0,75,22,87
6,7,38,0,74,22,87
7,1,38,0,73,22,87
7,2,39,0,72,22,87
7,3,39,0,71,21,87
7,4,40,0,70,22,87
7,5,40,0,69,22,87
7,6,40,0,68,22,87
8,1,40,0,67,18,87
8,2,40,0,66,18,87
8,3,41,0,65,15,87
8,4,41,0,64,15,87
8,5,45,0,63,19,87
8,6,45,0,62,19,87
9,1,46,0,61,19,87
9,2,47,0,60,19,87
9,3,47,0,59,19,87
9,4,47,0,58,19,87
9,5,48,0,57,20,87
9,6,49,0,56,17,87
10,1,50,0,55,16,87
10,2,51,0,54,17,87
10,3,51,0,53,17,87
10,4,53,0,52,18,87
10,5,53,0,51,17,87
10,6,53,0,50,17,87
11,1,54,0,49,18,87
11,2,55,0,48,19,87
11,3,59,0,47,22,87
11,4,59,0,46,22,87
11,5,60,0,45,22,87
11,6,60,0,44,22,87
12,1,61,0,43,23,87
12,2,63,0,42,24,87
12,3,63,0,41,24,87
12,4,63,0,40,23,87
12,5,65,0,39,25,87
12,6,65,0,38,25,87
13,1,65,0,37,25,87
13,2,67,0,36,27,87
13,3,68,0,35,27,87
13,4,69,0,34,28,87
13,5,70,0,33,25,87
13,6,70,0,32,25,87
14,1,71,0,31,25,87
14,2,72,0,30,25,87
14,3,72,0,29,25,87
14,4,72,0,28,25,87
14,5,72,0,27,24,87
14,6,73,0,26,24,87
15,1,73,0,25,23,87
15,2,74,0,24,23,87
15,3,75,0,23,24,87
15,4,75,0,22,22,87
15,5,75,0,21,22,87
15,6,75,0,20,22,87
16,1,79,0,19,25,87
16,2,83,0,18,28,87
16,3,83,0,17,24,87
16,4,83,0,16,24,87
16,5,84,0,15,24,87
16,6,84,0,14,24,87
17,1,85,0,13,24,87
17,2,87,0,12,24,87
17,3,87,0,11,24,87
0,1,1,0,119,1,147
0,2,1,0,118,1,147
0,3,2,0,117,2,147
0,4,2,0,116,2,147
0,5,2,0,115,2,147
0,6,2,0,114,2,147
1,1,2,0,113,2,147
1,2,2,0,112,2,147
1,3,2,0,111,2,147
1,4,2,0,110,2,147
1,5,2,0,109,2,147
1,6,2,0,108,2,147
2,1,4,0,107,4,147
2,2,10,0,106,10,147
2,3,14,0,105,14,147
2,4,14,0,104,14,147
2,5,14,0,103,14,147
2,6,14,0,102,14,147
3,1,14,0,101,14,147
3,2,14,0,100,14,147
3,3,14,0,99,14,147
3,4,14,0,98,14,147
3,5,14,0,97,14,147
3,6,15,0,96,15,147
4,1,15,0,95,15,147
4,2,21,0,94,21,147
4,3,21,0,93,21,147
4,4,21,0,92,21,147
4,5,22,0,91,22,147
4,6,22,0,90,22,147
4,7,24,0,89,23,147
5,1,28,0,88,27,147
5,2,32,0,87,30,147
5,3,33,0,86,31,147
5,4,34,0,85,32,147
5,5,35,0,84,33,147
5,6,36,0,83,34,147
5,7,36,0,82,34,147
6,1,36,0,81,34,147
6,2,37,0,80,35,147
6,3,38,0,79,36,147
6,4,38,0,78,36,147
6,5,38,0,77,34,147
6,6,39,0,76,29,147
7,1,40,0,75,26,147
7,2,41,0,74,27,147
7,3,41,0,73,27,147
7,4,42,0,72,28,147
7,5,43,0,71,29,147
7,6,44,0,70,30,147
8,1,45,0,69,31,147
8,2,46,0,68,32,147
8,3,48,0,67,34,147
8,4,49,0,66,34,147
8,5,51,0,65,36,147
8,6,51,0,64,30,147
9,1,52,0,63,31,147
9,2,52,0,62,31,147
9,3,54,0,61,32,147
9,4,58,0,60,36,147
9,5,58,0,59,34,147
9,6,64,0,58,36,147
10,1,65,0,57,33,147
10,2,65,0,56,32,147
10,3,66,0,55,32,147
10,4,66,0,54,31,147
10,5,68,0,53,32,147
10,6,68,0,52,32,147
11,1,69,0,51,33,147
11,2,69,0,50,32,147
11,3,70,0,49,32,147
11,4,70,0,48,32,147
11,5,74,0,47,36,147
11,6,74,0,46,35,147
12,1,75,0,45,35,147
12,2,75,0,44,34,147
12,3,76,0,43,35,147
12,4,76,0,42,34,147
12,5,77,0,41,34,147
12,6,78,0,40,34,147
13,1,78,0,39,33,147
13,2,79,0,38,33,147
13,3,80,0,37,32,147
13,4,81,0,36,32,147
13,5,82,0,35,31,147
13,6,83,0,34,32,147
14,1,87,0,33,35,147
14,2,89,0,32,37,147
14,3,90,0,31,36,147
14,4,91,0,30,33,147
14,5,92,0,29,34,147
14,6,93,0,28,29,147
15,1,94,0,27,29,147
15,2,95,0,26,30,147
15,3,99,0,25,33,147
15,4,100,0,24,34,147
15,5,101,0,23,33,147
15,6,102,0,22,34,147
16,1,103,0,21,34,147
16,2,104,0,20,35,147
16,3,110,0,19,40,147
16,4,114,0,18,44,147
16,5,115,0,17,41,147
16,6,116,0,16,42,147
17,1,118,0,15,43,147
17,2,118,0,14,43,147
17,3,118,0,13,42,147
17,4,119,0,12,43,147
17,5,120,0,11,43,147
17,6,121,0,10,43,147
18,1,121,0,9,43,147
18,2,122,0,8,43,147
18,3,123,0,7,43,147
18,4,125,0,6,44,147
18,5,131,0,5,49,147
18,6,133,0,4,50,147
19,1,134,0,3,47,147
19,2,138,0,2,49,147
19,3,139,0,1,49,147
19,4,140,0,0,49,147
19,5,146,0,-1,54,147
19,6,147,0,-2,54,147
0,1,4,0,119,4,135
0,2,4,0,118,4,135
0,3,4,0,117,4,135
0,4,4,0,116,4,135
0,5,4,0,115,4,135
0,6,4,0,114,4,135
1,1,4,0,113,4,135
1,2,5,0,112,5,135
1,3,5,0,111,5,135
1,4,8,0,110,8,135
1,5,8,0,109,8,135
1,6,12,0,108,12,135
2,1,12,0,107,12,135
2,2,18,0,106,18,135
2,3,24,0,105,24,135
2,4,24,0,104,24,135
2,5,25,0,103,25,135
2,6,25,0,102,25,135
3,1,31,0,101,31,135
3,2,31,0,100,31,135
3,3,31,0,99,31,135
3,4,35,0,98,35,135
3,5,39,0,97,39,135
3,6,40,0,96,40,135
4,1,40,0,95,40,135
4,2,40,0,94,40,135
4,3,40,0,93,40,135
4,4,44,0,92,44,135
4,5,45,0,91,45,135
4,6,46,0,90,46,135
5,1,47,0,89,43,135
5,2,47,0,88,43,135
5,3,48,0,87,44,135
5,4,48,0,86,44,135
5,5,48,0,85,44,135
5,6,49,0,84,45,135
5,7,50,0,83,46,135
6,1,50,0,82,45,135
6,2,50,0,81,45,135
6,3,53,0,80,45,135
6,4,54,0,79,46,135
6,5,58,0,78,46,135
6,6,58,0,77,46,135
6,7,58,0,76,40,135
6,8,59,0,75,35,135
7,1,60,0,74,36,135
7,2,61,0,73,36,135
7,3,61,0,72,36,135
7,4,61,0,71,30,135
7,5,61,0,70,30,135
7,6,61,0,69,30,135
8,1,61,0,68,26,135
8,2,61,0,67,22,135
8,3,62,0,66,22,135
8,4,63,0,65,23,135
8,5,63,0,64,23,135
8,6,64,0,63,24,135
9,1,65,0,62,21,135
9,2,66,0,61,21,135
9,3,66,0,60,20,135
9,4,67,0,59,20,135
9,5,68,0,58,21,135
9,6,69,0,57,21,135
9,7,69,0,56,21,135
10,1,70,0,55,22,135
10,2,70,0,54,21,135
10,3,71,0,53,21,135
10,4,72,0,52,22,135
10,5,73,0,51,23,135
10,6,74,0,50,21,135
11,1,75,0,49,21,135
11,2,76,0,48,18,135
11,3,76,0,47,18,135
11,4,76,0,46,18,135
11,5,77,0,45,18,135
11,6,77,0,44,17,135
11,7,77,0,43,16,135
12,1,78,0,42,17,135
12,2,78,0,41,17,135
12,3,78,0,40,17,135
12,4,78,0,39,17,135
12,5,78,0,38,17,135
12,6,79,0,37,18,135
13,1,79,0,36,17,135
13,2,80,0,35,17,135
13,3,80,0,34,17,135
13,4,80,0,33,16,135
13,5,82,0,32,17,135
13,6,83,0,31,17,135
14,1,84,0,30,18,135
14,2,84,0,29,17,135
14,3,84,0,28,16,135
14,4,85,0,27,16,135
14,5,86,0,26,17,135
14,6,87,0,25,17,135
15,1,87,0,24,17,135
15,2,87,0,23,16,135
15,3,89,0,22,17,135
15,4,89,0,21,16,135
15,5,90,0,20,16,135
15,6,91,0,19,16,135
15,7,92,0,18,16,135
16,1,93,0,17,17,135
16,2,94,0,16,18,135
16,3,95,0,15,18,135
16,4,96,0,14,19,135
16,5,96,0,13,19,135
16,6,97,0,12,19,135
17,1,98,0,11,20,135
17,2,99,0,10,21,135
17,3,105,0,9,27,135
17,4,106,0,8,28,135
17,5,110,0,7,31,135
17,6,111,0,6,32,135
18,1,112,0,5,32,135
18,2,113,0,4,33,135
18,3,119,0,3,39,135
18,4,121,0,2,39,135
18,5,122,0,1,39,135
18,6,123,0,0,39,135
19,1,125,0,-1,41,135
19,2,126,0,-2,42,135
19,3,132,0,-3,47,135
19,4,132,0,-4,46,135
19,5,133,0,-5,46,135
19,6,135,0,-6,48,135
0,1,1,0,119,1,161
0,2,1,0,118,1,161
0,3,2,0,117,2,161
0,4,6,0,116,6,161
0,5,8,0,115,8,161
0,6,10,0,114,10,161
1,1,10,0,113,10,161
1,2,11,0,112,11,161
1,3,11,0,111,11,161
1,4,11,0,110,11,161
1,5,11,0,109,11,161
1,6,12,0,108,12,161
2,1,16,0,107,16,161
2,2,16,0,106,16,161
2,3,17,0,105,17,161
2,4,17,0,104,17,161
2,5,17,0,103,17,161
2,6,17,0,102,17,161
3,1,17,0,101,17,161
3,2,18,0,100,18,161
3,3,21,0,99,21,161
3,4,21,0,98,21,161
3,5,25,0,97,25,161
3,6,25,0,96,25,161
4,1,29,0,95,29,161
4,2,29,0,94,29,161
4,3,30,0,93,30,161
4,4,30,0,92,30,161
4,5,34,0,91,34,161
4,6,34,0,90,34,161
5,1,38,0,89,37,161
5,2,42,0,88,41,161
5,3,43,0,87,41,161
5,4,43,0,86,37,161
5,5,44,0,85,36,161
5,6,44,0,84,34,161
6,1,45,0,83,35,161
6,2,45,0,82,34,161
6,3,45,0,81,34,161
6,4,49,0,80,38,161
6,5,50,0,79,39,161
6,6,51,0,78,39,161
7,1,51,0,77,35,161
7,2,52,0,76,36,161
7,3,53,0,75,36,161
7,4,54,0,74,37,161
7,5,55,0,73,38,161
7,6,57,0,72,40,161
8,1,58,0,71,41,161
8,2,59,0,70,41,161
8,3,60,0,69,39,161
8,4,60,0,68,39,161
8,5,60,0,67,35,161
8,6,60,0,66,35,161
9,1,61,0,65,32,161
9,2,61,0,64,32,161
9,3,65,0,63,35,161
9,4,65,0,62,35,161
9,5,65,0,61,31,161
9,6,66,0,60,32,161
10,1,67,0,59,29,161
10,2,67,0,58,25,161
10,3,69,0,57,26,161
10,4,69,0,56,26,161
10,5,69,0,55,25,161
10,6,69,0,54,25,161
11,1,69,0,53,24,161
11,2,70,0,52,25,161
11,3,76,0,51,31,161
11,4,76,0,50,27,161
11,5,77,0,49,27,161
11,6,79,0,48,28,161
11,7,85,0,47,34,161
12,1,85,0,46,33,161
12,2,85,0,45,32,161
12,3,85,0,44,31,161
12,4,89,0,43,34,161
12,5,93,0,42,36,161
12,6,94,0,41,36,161
13,1,94,0,40,35,161
13,2,96,0,39,36,161
13,3,96,0,38,36,161
13,4,96,0,37,36,161
13,5,97,0,36,37,161
13,6,97,0,35,36,161
14,1,98,0,34,37,161
14,2,100,0,33,35,161
14,3,100,0,32,35,161
14,4,102,0,31,37,161
14,5,103,0,30,37,161
14,6,103,0,29,36,161
15,1,104,0,28,37,161
15,2,104,0,27,35,161
15,3,105,0,26,36,161
15,4,109,0,25,40,161
15,5,111,0,24,42,161
15,6,117,0,23,48,161
16,1,118,0,22,48,161
16,2,119,0,21,43,161
16,3,121,0,20,45,161
16,4,122,0,19,45,161
16,5,124,0,18,45,161
16,6,126,0,17,41,161
17,1,127,0,16,42,161
17,2,128,0,15,43,161
17,3,132,0,14,47,161
17,4,133,0,13,44,161
17,5,139,0,12,46,161
17,6,140,0,11,46,161
18,1,142,0,10,48,161
18,2,142,0,9,46,161
18,3,143,0,8,47,161
18,4,147,0,7,51,161
18,5,148,0,6,51,161
18,6,149,0,5,52,161
18,7,149,0,4,51,161
19,1,150,0,3,50,161
19,2,154,0,2,54,161
19,3,156,0,1,54,161
19,4,156,0,0,53,161
19,5,160,0,-1,57,161
19,6,161,0,-2,57,161
0,1,2,0,119,2,172
0,2,3,0,118,3,172
0,3,3,0,117,3,172
0,4,4,0,116,4,172
0,5,8,0,115,8,172
0,6,8,0,114,8,172
0,7,12,0,113,12,172
1,1,12,0,112,12,172
1,2,12,0,111,12,172
1,3,16,0,110,16,172
1,4,17,0,109,17,172
1,5,17,0,108,17,172
1,6,18,0,107,18,172
2,1,19,0,106,19,172
2,2,19,0,105,19,172
2,3,20,0,104,20,172
2,4,20,0,103,20,172
2,5,21,0,102,21,172
2,6,25,0,101,25,172
3,1,25,0,100,25,172
3,2,31,0,99,31,172
3,3,35,0,98,35,172
3,4,35,0,97,35,172
3,5,36,0,96,36,172
3,6,36,0,95,36,172
4,1,36,0,94,36,172
4,2,40,0,93,40,172
4,3,44,0,92,44,172
4,4,46,0,91,46,172
4,5,50,0,90,50,172
4,6,50,0,89,48,172
5,1,51,0,88,48,172
5,2,51,0,87,48,172
5,3,52,0,86,48,172
5,4,56,0,85,48,172
5,5,56,0,84,48,172
5,6,56,0,83,44,172
6,1,56,0,82,44,172
6,2,57,0,81,45,172
6,3,58,0,80,42,172
6,4,58,0,79,41,172
6,5,59,0,78,42,172
6,6,59,0,77,41,172
7,1,60,0,76,41,172
7,2,61,0,75,42,172
7,3,62,0,74,42,172
7,4,62,0,73,42,172
7,5,63,0,72,42,172
7,6,63,0,71,38,172
7,7,67,0,70,42,172
8,1,68,0,69,37,172
8,2,69,0,68,34,172
8,3,69,0,67,34,172
8,4,70,0,66,34,172
8,5,71,0,65,35,172
8,6,72,0,64,36,172
9,1,73,0,63,33,172
9,2,73,0,62,29,172
9,3,74,0,61,28,172
9,4,75,0,60,25,172
9,5,76,0,59,26,172
9,6,77,0,58,26,172
10,1,77,0,57,26,172
10,2,81,0,56,29,172
10,3,81,0,55,25,172
10,4,82,0,54,26,172
10,5,83,0,53,27,172
10,6,83,0,52,27,172
11,1,83,0,51,26,172
11,2,83,0,50,25,172
11,3,84,0,49,26,172
11,4,85,0,48,26,172
11,5,85,0,47,26,172
11,6,86,0,46,26,172
11,7,87,0,45,26,172
12,1,87,0,44,25,172
12,2,87,0,43,25,172
12,3,88,0,42,25,172
12,4,89,0,41,26,172
12,5,90,0,40,23,172
12,6,96,0,39,28,172
13,1,97,0,38,28,172
13,2,98,0,37,29,172
13,3,98,0,36,28,172
13,4,98,0,35,27,172
13,5,99,0,34,27,172
13,6,105,0,33,32,172
14,1,106,0,32,33,172
14,2,112,0,31,38,172
14,3,112,0,30,37,172
14,4,112,0,29,36,172
14,5,113,0,28,36,172
14,6,114,0,27,37,172
15,1,114,0,26,33,172
15,2,114,0,25,33,172
15,3,118,0,24,36,172
15,4,124,0,23,41,172
15,5,124,0,22,41,172
15,6,124,0,21,41,172
16,1,130,0,20,47,172
16,2,130,0,19,46,172
16,3,131,0,18,46,172
16,4,132,0,17,47,172
16,5,133,0,16,47,172
16,6,134,0,15,47,172
16,7,135,0,14,48,172
17,1,136,0,13,49,172
17,2,136,0,12,48,172
17,3,136,0,11,47,172
17,4,136,0,10,46,172
17,5,137,0,9,41,172
17,6,138,0,8,41,172
18,1,144,0,7,46,172
18,2,145,0,6,47,172
18,3,145,0,5,47,172
18,4,151,0,4,52,172
18,5,152,0,3,47,172
18,6,158,0,2,52,172
19,1,158,0,1,46,172
19,2,159,0,0,47,172
19,3,160,0,-1,48,172
19,4,166,0,-2,53,172
19,5,172,0,-3,58,172
19,6,172,0,-4,58,172
0,1,0,0,119,0,105
0,2,0,0,118,0,105
0,3,1,0,117,1,105
0,4,1,0,116,1,105
0,5,1,0,115,1,105
0,6,2,0,114,2,105
0,7,3,0,113,3,105
1,1,3,0,112,3,105
1,2,5,0,111,5,105
1,3,6,0,110,6,105
1,4,6,0,109,6,105
1,5,6,0,108,6,105
1,6,6,0,107,6,105
1,7,6,0,106,6,105
2,1,6,0,105,6,105
2,2,6,0,104,6,105
2,3,6,0,103,6,105
2,4,6,0,102,6,105
2,5,7,0,101,7,105
2,6,7,0,100,7,105
3,1,7,0,99,7,105
3,2,7,0,98,7,105
3,3,7,0,97,7,105
3,4,7,0,96,7,105
3,5,7,0,95,7,105
3,6,11,0,94,11,105
4,1,11,0,93,11,105
4,2,12,0,92,12,105
4,3,13,0,91,13,105
4,4,13,0,90,13,105
4,5,14,0,89,14,105
4,6,15,0,88,15,105
5,1,16,0,87,15,105
5,2,16,0,86,15,105
5,3,17,0,85,16,105
5,4,18,0,84,16,105
5,5,18,0,83,15,105
5,6,19,0,82,16,105
6,1,19,0,81,14,105
6,2,20,0,80,14,105
6,3,21,0,79,15,105
6,4,22,0,78,16,105
6,5,23,0,77,17,105
6,6,24,0,76,18,105
7,1,25,0,75,19,105
7,2,25,0,74,19,105
7,3,26,0,73,20,105
7,4,26,0,72,20,105
7,5,28,0,71,21,105
7,6,30,0,70,23,105
8,1,30,0,69,23,105
8,2,30,0,68,23,105
8,3,31,0,67,24,105
8,4,32,0,66,25,105
8,5,33,0,65,26,105
8,6,33,0,64,22,105
9,1,33,0,63,22,105
9,2,34,0,62,22,105
9,3,36,0,61,23,105
9,4,37,0,60,24,105
9,5,38,0,59,24,105
9,6,39,0,58,24,105
10,1,40,0,57,24,105
10,2,40,0,56,24,105
10,3,40,0,55,23,105
10,4,40,0,54,22,105
10,5,40,0,53,22,105
10,6,41,0,52,22,105
11,1,42,0,51,23,105
11,2,43,0,50,23,105
11,3,43,0,49,22,105
11,4,43,0,48,21,105
11,5,43,0,47,20,105
11,6,44,0,46,20,105
12,1,45,0,45,20,105
12,2,45,0,44,20,105
12,3,46,0,43,20,105
12,4,46,0,42,20,105
12,5,47,0,41,19,105
12,6,48,0,40,18,105
13,1,49,0,39,19,105
13,2,49,0,38,19,105
13,3,50,0,37,19,105
13,4,51,0,36,19,105
13,5,52,0,35,19,105
13,6,52,0,34,19,105
14,1,54,0,33,21,105
14,2,56,0,32,22,105
14,3,57,0,31,21,105
14,4,61,0,30,24,105
14,5,61,0,29,23,105
14,6,61,0,28,22,105
15,1,62,0,27,22,105
15,2,62,0,26,22,105
15,3,63,0,25,23,105
15,4,64,0,24,24,105
15,5,68,0,23,28,105
15,6,69,0,22,28,105
16,1,69,0,21,27,105
16,2,69,0,20,26,105
16,3,70,0,19,27,105
16,4,70,0,18,27,105
16,5,73,0,17,30,105
16,6,74,0,16,30,105
17,1,78,0,15,33,105
17,2,79,0,14,34,105
17,3,79,0,13,33,105
17,4,79,0,12,33,105
17,5,79,0,11,32,105
17,6,80,0,10,32,105
18,1,81,0,9,32,105
18,2,82,0,8,33,105
18,3,86,0,7,36,105
18,4,87,0,6,36,105
18,5,93,0,5,41,105
18,6,94,0,4,42,105
19,1,95,0,3,41,105
19,2,101,0,2,45,105
19,3,101,0,1,44,105
19,4,102,0,0,41,105
19,5,102,0,-1,41,105
19,6,104,0,-2,43,105
19,7,105,0,-3,43,105
0,1,4,0,119,4,173
0,2,8,0,118,8,173
0,3,9,0,117,9,173
0,4,9,0,116,9,173
0,5,10,0,115,10,173
0,6,10,0,114,10,173
1,1,10,0,113,10,173
1,2,10,0,112,10,173
1,3,10,0,111,10,173
1,4,11,0,110,11,173
1,5,11,0,109,11,173
1,6,12,0,108,12,173
1,7,12,0,107,12,173
2,1,12,0,106,12,173
2,2,16,0,105,16,173
2,3,18,0,104,18,173
2,4,20,0,103,20,173
2,5,21,0,102,21,173
2,6,21,0,101,21,173
3,1,21,0,100,21,173
3,2,23,0,99,23,173
3,3,24,0,98,24,173
3,4,28,0,97,28,173
3,5,29,0,96,29,173
3,6,29,0,95,29,173
4,1,35,0,94,35,173
4,2,39,0,93,39,173
4,3,43,0,92,43,173
4,4,44,0,91,44,173
4,5,45,0,90,45,173
4,6,47,0,89,43,173
5,1,51,0,88,43,173
5,2,52,0,87,43,173
5,3,53,0,86,44,173
5,4,54,0,85,44,173
5,5,58,0,84,48,173
5,6,60,0,83,50,173
6,1,60,0,82,50,173
6,2,60,0,81,50,173
6,3,61,0,80,50,173
6,4,65,0,79,54,173
6,5,66,0,78,54,173
6,6,70,0,77,58,173
7,1,70,0,76,58,173
7,2,74,0,75,58,173
7,3,75,0,74,57,173
7,4,76,0,73,56,173
7,5,77,0,72,56,173
7,6,78,0,71,57,173
8,1,79,0,70,58,173
8,2,80,0,69,57,173
8,3,84,0,68,60,173
8,4,88,0,67,60,173
8,5,89,0,66,60,173
8,6,90,0,65,61,173
9,1,91,0,64,56,173
9,2,93,0,63,54,173
9,3,95,0,62,52,173
9,4,95,0,61,51,173
9,5,96,0,60,51,173
9,6,97,0,59,50,173
10,1,98,0,58,47,173
10,2,98,0,57,46,173
10,3,99,0,56,46,173
10,4,100,0,55,46,173
10,5,100,0,54,42,173
10,6,101,0,53,41,173
11,1,101,0,52,41,173
11,2,101,0,51,41,173
11,3,102,0,50,41,173
11,4,102,0,49,37,173
11,5,103,0,48,37,173
11,6,104,0,47,34,173
12,1,104,0,46,34,173
12,2,106,0,45,32,173
12,3,107,0,44,32,173
12,4,107,0,43,31,173
12,5,107,0,42,30,173
12,6,108,0,41,30,173
13,1,108,0,40,29,173
13,2,114,0,39,34,173
13,3,115,0,38,31,173
13,4,115,0,37,27,173
13,5,119,0,36,30,173
13,6,119,0,35,29,173
14,1,119,0,34,28,173
14,2,120,0,33,27,173
14,3,121,0,32,26,173
14,4,125,0,31,30,173
14,5,125,0,30,29,173
14,6,129,0,29,32,173
15,1,131,0,28,33,173
15,2,131,0,27,33,173
15,3,132,0,26,33,173
15,4,133,0,25,33,173
15,5,133,0,24,33,173
15,6,134,0,23,33,173
16,1,136,0,22,35,173
16,2,136,0,21,35,173
16,3,137,0,20,35,173
16,4,139,0,19,37,173
16,5,140,0,18,37,173
16,6,146,0,17,42,173
17,1,150,0,16,46,173
17,2,150,0,15,44,173
17,3,150,0,14,43,173
17,4,150,0,13,43,173
17,5,151,0,12,44,173
17,6,152,0,11,44,173
18,1,153,0,10,45,173
18,2,153,0,9,39,173
18,3,154,0,8,39,173
18,4,155,0,7,40,173
18,5,159,0,6,40,173
18,6,165,0,5,46,173
19,1,166,0,4,47,173
19,2,167,0,3,47,173
19,3,167,0,2,46,173
19,4,168,0,1,43,173
19,5,172,0,0,47,173
19,6,173,0,-1,44,173
0,1,4,0,119,4,181
0,2,4,0,118,4,181
0,3,4,0,117,4,181
0,4,5,0,116,5,181
0,5,11,0,115,11,181
0,6,12,0,114,12,181
1,1,18,0,113,18,181
1,2,22,0,112,22,181
1,3,23,0,111,23,181
1,4,24,0,110,24,181
1,5,25,0,109,25,181
1,6,25,0,108,25,181
2,1,26,0,107,26,181
2,2,32,0,106,32,181
2,3,32,0,105,32,181
2,4,32,0,104,32,181
2,5,36,0,103,36,181
2,6,37,0,102,37,181
3,1,38,0,101,38,181
3,2,38,0,100,38,181
3,3,38,0,99,38,181
3,4,38,0,98,38,181
3,5,39,0,97,39,181
3,6,43,0,96,43,181
4,1,43,0,95,43,181
4,2,45,0,94,45,181
4,3,46,0,93,46,181
4,4,46,0,92,46,181
4,5,52,0,91,52,181
4,6,54,0,90,54,181
5,1,54,0,89,50,181
5,2,54,0,88,50,181
5,3,56,0,87,52,181
5,4,57,0,86,52,181
5,5,63,0,85,52,181
5,6,64,0,84,52,181
6,1,64,0,83,46,181
6,2,65,0,82,43,181
6,3,65,0,81,42,181
6,4,66,0,80,42,181
6,5,67,0,79,42,181
6,6,69,0,78,44,181
7,1,69,0,77,43,181
7,2,72,0,76,40,181
7,3,72,0,75,40,181
7,4,72,0,74,40,181
7,5,78,0,73,42,181
7,6,78,0,72,41,181
8,1,80,0,71,42,181
8,2,84,0,70,46,181
8,3,85,0,69,47,181
8,4,85,0,68,47,181
8,5,85,0,67,46,181
8,6,87,0,66,44,181
9,1,88,0,65,45,181
9,2,88,0,64,43,181
9,3,88,0,63,42,181
9,4,89,0,62,43,181
9,5,90,0,61,38,181
9,6,91,0,60,37,181
10,1,92,0,59,38,181
10,2,93,0,58,39,181
10,3,93,0,57,37,181
10,4,93,0,56,36,181
10,5,93,0,55,30,181
10,6,94,0,54,30,181
11,1,98,0,53,34,181
11,2,99,0,52,34,181
11,3,100,0,51,35,181
11,4,100,0,50,34,181
11,5,100,0,49,33,181
11,6,100,0,48,31,181
12,1,100,0,47,31,181
12,2,102,0,46,30,181
12,3,102,0,45,30,181
12,4,106,0,44,34,181
12,5,107,0,43,29,181
12,6,109,0,42,31,181
13,1,110,0,41,30,181
13,2,110,0,40,26,181
13,3,110,0,39,25,181
13,4,111,0,38,26,181
13,5,111,0,37,26,181
13,6,112,0,36,25,181
13,7,114,0,35,26,181
14,1,115,0,34,27,181
14,2,119,0,33,31,181
14,3,119,0,32,30,181
14,4,119,0,31,29,181
14,5,121,0,30,30,181
14,6,123,0,29,31,181
14,7,126,0,28,33,181
15,1,127,0,27,34,181
15,2,129,0,26,36,181
15,3,129,0,25,36,181
15,4,133,0,24,39,181
15,5,139,0,23,41,181
15,6,139,0,22,40,181
16,1,145,0,21,45,181
16,2,145,0,20,45,181
16,3,146,0,19,46,181
16,4,152,0,18,52,181
16,5,152,0,17,52,181
16,6,153,0,16,51,181
17,1,154,0,15,52,181
17,2,158,0,14,52,181
17,3,162,0,13,55,181
17,4,163,0,12,54,181
17,5,163,0,11,53,181
17,6,163,0,10,53,181
18,1,165,0,9,55,181
18,2,167,0,8,56,181
18,3,173,0,7,62,181
18,4,173,0,6,61,181
18,5,174,0,5,60,181
18,6,174,0,4,59,181
19,1,175,0,3,56,181
19,2,176,0,2,57,181
19,3,176,0,1,57,181
19,4,180,0,0,59,181
19,5,181,0,-1,58,181
19,6,181,0,-2,55,181
0,1,0,0,119,0,125
0,2,0,0,118,0,125
0,3,0,0,117,0,125
0,4,0,0,116,0,125
0,5,0,0,115,0,125
0,6,0,0,114,0,125
1,1,0,0,113,0,125
1,2,1,0,112,1,125
1,3,2,0,111,2,125
1,4,3,0,110,3,125
1,5,3,0,109,3,125
1,6,3,0,108,3,125
1,7,5,0,107,5,125
2,1,6,0,106,6,125
2,2,6,0,105,6,125
2,3,6,0,104,6,125
2,4,6,0,103,6,125
2,5,6,0,102,6,125
2,6,7,0,101,7,125
3,1,7,0,100,7,125
3,2,8,0,99,8,125
3,3,8,0,98,8,125
3,4,8,0,97,8,125
3,5,9,0,96,9,125
3,6,10,0,95,10,125
4,1,14,0,94,14,125
4,2,18,0,93,18,125
4,3,19,0,92,19,125
4,4,19,0,91,19,125
4,5,23,0,90,23,125
4,6,23,0,89,23,125
5,1,24,0,88,24,125
5,2,24,0,87,24,125
5,3,25,0,86,25,125
5,4,25,0,85,25,125
5,5,25,0,84,25,125
5,6,26,0,83,26,125
5,7,27,0,82,26,125
6,1,27,0,81,25,125
6,2,28,0,80,25,125
6,3,29,0,79,26,125
6,4,31,0,78,28,125
6,5,31,0,77,26,125
6,6,31,0,76,25,125
7,1,32,0,75,26,125
7,2,33,0,74,27,125
7,3,37,0,73,31,125
7,4,37,0,72,31,125
7,5,37,0,71,30,125
7,6,39,0,70,32,125
8,1,40,0,69,32,125
8,2,41,0,68,33,125
8,3,43,0,67,35,125
8,4,44,0,66,35,125
8,5,45,0,65,35,125
8,6,46,0,64,32,125
8,7,47,0,63,29,125
9,1,48,0,62,29,125
9,2,48,0,61,29,125
9,3,52,0,60,29,125
9,4,52,0,59,29,125
9,5,54,0,58,30,125
9,6,54,0,57,30,125
10,1,56,0,56,31,125
10,2,56,0,55,31,125
10,3,57,0,54,32,125
10,4,57,0,53,31,125
10,5,59,0,52,32,125
10,6,60,0,51,33,125
11,1,60,0,50,32,125
11,2,61,0,49,32,125
11,3,62,0,48,31,125
11,4,63,0,47,32,125
11,5,64,0,46,33,125
11,6,65,0,45,33,125
11,7,69,0,44,36,125
12,1,71,0,43,34,125
12,2,72,0,42,35,125
12,3,73,0,41,36,125
12,4,73,0,40,34,125
12,5,74,0,39,34,125
12,6,75,0,38,34,125
13,1,75,0,37,32,125
13,2,75,0,36,31,125
13,3,76,0,35,31,125
13,4,77,0,34,31,125
13,5,83,0,33,36,125
13,6,83,0,32,35,125
14,1,83,0,31,35,125
14,2,87,0,30,35,125
14,3,87,0,29,35,125
14,4,87,0,28,33,125
14,5,88,0,27,34,125
14,6,88,0,26,32,125
15,1,88,0,25,32,125
15,2,88,0,24,31,125
15,3,89,0,23,32,125
15,4,90,0,22,31,125
15,5,90,0,21,30,125
15,6,90,0,20,30,125
16,1,91,0,19,30,125
16,2,93,0,18,31,125
16,3,97,0,17,34,125
16,4,98,0,16,34,125
16,5,98,0,15,33,125
16,6,98,0,14,29,125
17,1,98,0,13,27,125
17,2,104,0,12,32,125
17,3,104,0,11,31,125
17,4,104,0,10,31,125
17,5,104,0,9,30,125
17,6,105,0,8,30,125
18,1,107,0,7,32,125
18,2,111,0,6,36,125
18,3,112,0,5,36,125
18,4,112,0,4,35,125
18,5,116,0,3,33,125
18,6,120,0,2,37,125
19,1,120,0,1,37,125
19,2,120,0,0,33,125
19,3,122,0,-1,35,125
19,4,122,0,-2,35,125
19,5,124,0,-3,36,125
19,6,125,0,-4,37,125
0,1,0,0,119,0,97
0,2,2,0,118,2,97
0,3,2,0,117,2,97
0,4,3,0,116,3,97
0,5,3,0,115,3,97
0,6,3,0,114,3,97
0,7,3,0,113,3,97
1,1,3,0,112,3,97
1,2,4,0,111,4,97
1,3,8,0,110,8,97
1,4,9,0,109,9,97
1,5,9,0,108,9,97
1,6,9,0,107,9,97
2,1,10,0,106,10,97
2,2,11,0,105,11,97
2,3,11,0,104,11,97
2,4,12,0,103,12,97
2,5,12,0,102,12,97
2,6,13,0,101,13,97
2,7,13,0,100,13,97
3,1,13,0,99,13,97
3,2,13,0,98,13,97
3,3,14,0,97,14,97
3,4,14,0,96,14,97
3,5,14,0,95,14,97
3,6,15,0,94,15,97
4,1,15,0,93,15,97
4,2,17,0,92,17,97
4,3,19,0,91,19,97
4,4,19,0,90,19,97
4,5,20,0,89,20,97
4,6,21,0,88,19,97
5,1,21,0,87,19,97
5,2,25,0,86,22,97
5,3,26,0,85,23,97
5,4,28,0,84,25,97
5,5,29,0,83,26,97
5,6,33,0,82,30,97
6,1,34,0,81,30,97
6,2,34,0,80,26,97
6,3,35,0,79,26,97
6,4,36,0,78,27,97
6,5,36,0,77,27,97
6,6,36,0,76,26,97
7,1,37,0,75,26,97
7,2,37,0,74,26,97
7,3,37,0,73,25,97
7,4,37,0,72,25,97
7,5,41,0,71,28,97
7,6,42,0,70,29,97
8,1,42,0,69,29,97
8,2,43,0,68,30,97
8,3,43,0,67,29,97
8,4,44,0,66,30,97
8,5,48,0,65,34,97
8,6,49,0,64,34,97
9,1,50,0,63,35,97
9,2,51,0,62,34,97
9,3,51,0,61,32,97
9,4,52,0,60,33,97
9,5,52,0,59,32,97
9,6,52,0,58,31,97
10,1,53,0,57,32,97
10,2,54,0,56,29,97
10,3,54,0,55,28,97
10,4,55,0,54,27,97
10,5,56,0,53,27,97
10,6,56,0,52,23,97
11,1,56,0,51,22,97
11,2,56,0,50,22,97
11,3,57,0,49,22,97
11,4,57,0,48,21,97
11,5,57,0,47,21,97
11,6,57,0,46,21,97
12,1,57,0,45,20,97
12,2,57,0,44,20,97
12,3,58,0,43,21,97
12,4,58,0,42,21,97
12,5,58,0,41,17,97
12,6,59,0,40,17,97
13,1,65,0,39,23,97
13,2,67,0,38,24,97
13,3,67,0,37,24,97
13,4,69,0,36,25,97
13,5,69,0,35,21,97
13,6,71,0,34,22,97
14,1,71,0,33,21,97
14,2,71,0,32,20,97
14,3,71,0,31,20,97
14,4,72,0,30,20,97
14,5,76,0,29,24,97
14,6,76,0,28,24,97
15,1,76,0,27,23,97
15,2,77,0,26,23,97
15,3,81,0,25,27,97
15,4,82,0,24,27,97
15,5,82,0,23,26,97
15,6,83,0,22,27,97
16,1,83,0,21,27,97
16,2,84,0,20,28,97
16,3,85,0,19,28,97
16,4,86,0,18,29,97
16,5,86,0,17,29,97
16,6,86,0,16,29,97
17,1,86,0,15,29,97
17,2,86,0,14,29,97
17,3,87,0,13,29,97
17,4,87,0,12,29,97
17,5,87,0,11,29,97
17,6,87,0,10,28,97
18,1,87,0,9,22,97
18,2,88,0,8,21,97
18,3,88,0,7,21,97
18,4,89,0,6,20,97
18,5,90,0,5,21,97
18,6,91,0,4,20,97
19,1,93,0,3,22,97
19,2,94,0,2,23,97
19,3,95,0,1,24,97
19,4,95,0,0,23,97
19,5,96,0,-1,20,97
19,6,97,0,-2,21,97
0,1,0,0,119,0,122
0,2,0,0,118,0,122
0,3,1,0,117,1,122
0,4,1,0,116,1,122
0,5,1,0,115,1,122
0,6,2,0,114,2,122
1,1,2,0,113,2,122
1,2,2,0,112,2,122
1,3,2,0,111,2,122
1,4,4,0,110,4,122
1,5,6,0,109,6,122
1,6,7,0,108,7,122
2,1,7,0,107,7,122
2,2,7,0,106,7,122
2,3,11,0,105,11,122
2,4,12,0,104,12,122
2,5,12,0,103,12,122
2,6,13,0,102,13,122
3,1,14,0,101,14,122
3,2,18,0,100,18,122
3,3,18,0,99,18,122
3,4,19,0,98,19,122
3,5,22,0,97,22,122
3,6,26,0,96,26,122
4,1,26,0,95,26,122
4,2,27,0,94,27,122
4,3,27,0,93,27,122
4,4,28,0,92,28,122
4,5,28,0,91,28,122
4,6,29,0,90,29,122
5,1,29,0,89,29,122
5,2,29,0,88,29,122
5,3,34,0,87,33,122
5,4,35,0,86,34,122
5,5,35,0,85,34,122
5,6,36,0,84,34,122
5,7,37,0,83,35,122
6,1,41,0,82,39,122
6,2,42,0,81,40,122
6,3,42,0,80,38,122
6,4,43,0,79,37,122
6,5,44,0,78,37,122
6,6,45,0,77,38,122
7,1,46,0,76,39,122
7,2,47,0,75,36,122
7,3,47,0,74,35,122
7,4,49,0,73,37,122
7,5,51,0,72,38,122
7,6,55,0,71,41,122
8,1,55,0,70,37,122
8,2,55,0,69,37,122
8,3,55,0,68,36,122
8,4,56,0,67,34,122
8,5,56,0,66,30,122
8,6,56,0,65,30,122
9,1,56,0,64,29,122
9,2,58,0,63,31,122
9,3,64,0,62,36,122
9,4,65,0,61,37,122
9,5,66,0,60,37,122
9,6,66,0,59,37,122
10,1,68,0,58,39,122
10,2,69,0,57,35,122
10,3,73,0,56,38,122
10,4,73,0,55,38,122
10,5,74,0,54,38,122
10,6,75,0,53,38,122
11,1,75,0,52,34,122
11,2,76,0,51,34,122
11,3,77,0,50,35,122
11,4,78,0,49,35,122
11,5,79,0,48,35,122
11,6,79,0,47,34,122
12,1,80,0,46,34,122
12,2,81,0,45,34,122
12,3,85,0,44,38,122
12,4,86,0,43,37,122
12,5,87,0,42,36,122
12,6,88,0,41,33,122
13,1,88,0,40,33,122
13,2,89,0,39,34,122
13,3,89,0,38,34,122
13,4,91,0,37,35,122
13,5,92,0,36,36,122
13,6,93,0,35,37,122
14,1,93,0,34,37,122
14,2,97,0,33,39,122
14,3,97,0,32,33,122
14,4,98,0,31,33,122
14,5,100,0,30,34,122
14,6,102,0,29,36,122
15,1,102,0,28,34,122
15,2,102,0,27,33,122
15,3,106,0,26,33,122
15,4,106,0,25,33,122
15,5,106,0,24,32,122
15,6,107,0,23,32,122
16,1,107,0,22,32,122
16,2,108,0,21,32,122
16,3,109,0,20,32,122
16,4,110,0,19,32,122
16,5,110,0,18,31,122
16,6,111,0,17,32,122
17,1,112,0,16,32,122
17,2,113,0,15,32,122
17,3,114,0,14,29,122
17,4,115,0,13,29,122
17,5,115,0,12,28,122
17,6,115,0,11,27,122
18,1,115,0,10,27,122
18,2,116,0,9,27,122
18,3,118,0,8,29,122
18,4,118,0,7,27,122
18,5,118,0,6,26,122
18,6,119,0,5,26,122
19,1,121,0,4,28,122
19,2,122,0,3,25,122
19,3,122,0,2,25,122
19,4,122,0,1,24,122
19,5,122,0,0,22,122
0,1,0,0,119,0,147
0,2,1,0,118,1,147
0,3,1,0,117,1,147
0,4,1,0,116,1,147
0,5,5,0,115,5,147
0,6,5,0,114,5,147
1,1,7,0,113,7,147
1,2,7,0,112,7,147
1,3,7,0,111,7,147
1,4,8,0,110,8,147
1,5,9,0,109,9,147
1,6,9,0,108,9,147
2,1,13,0,107,13,147
2,2,17,0,106,17,147
2,3,17,0,105,17,147
2,4,17,0,104,17,147
2,5,19,0,103,19,147
2,6,19,0,102,19,147
3,1,20,0,101,20,147
3,2,21,0,100,21,147
3,3,25,0,99,25,147
3,4,26,0,98,26,147
3,5,26,0,97,26,147
3,6,26,0,96,26,147
4,1,28,0,95,28,147
4,2,32,0,94,32,147
4,3,32,0,93,32,147
4,4,32,0,92,32,147
4,5,36,0,91,36,147
4,6,40,0,90,40,147
5,1,40,0,89,40,147
5,2,44,0,88,43,147
5,3,46,0,87,45,147
5,4,50,0,86,49,147
5,5,56,0,85,51,147
5,6,56,0,84,51,147
6,1,56,0,83,49,147
6,2,57,0,82,50,147
6,3,57,0,81,50,147
6,4,57,0,80,49,147
6,5,57,0,79,48,147
6,6,58,0,78,49,147
7,1,58,0,77,45,147
7,2,59,0,76,42,147
7,3,63,0,75,46,147
7,4,64,0,74,47,147
7,5,65,0,73,46,147
7,6,65,0,72,46,147
8,1,66,0,71,46,147
8,2,67,0,70,46,147
8,3,67,0,69,42,147
8,4,68,0,68,42,147
8,5,69,0,67,43,147
8,6,69,0,66,43,147
9,1,70,0,65,42,147
9,2,71,0,64,39,147
9,3,72,0,63,40,147
9,4,72,0,62,40,147
9,5,72,0,61,36,147
9,6,72,0,60,32,147
10,1,78,0,59,38,147
10,2,79,0,58,35,147
10,3,79,0,57,33,147
10,4,79,0,56,29,147
10,5,79,0,55,23,147
10,6,79,0,54,23,147
11,1,79,0,53,23,147
11,2,80,0,52,23,147
11,3,80,0,51,23,147
11,4,81,0,50,24,147
11,5,82,0,49,25,147
11,6,82,0,48,24,147
12,1,83,0,47,25,147
12,2,83,0,46,24,147
12,3,87,0,45,24,147
12,4,88,0,44,24,147
12,5,89,0,43,24,147
12,6,90,0,42,25,147
13,1,92,0,41,26,147
13,2,93,0,40,26,147
13,3,93,0,39,26,147
13,4,95,0,38,27,147
13,5,95,0,37,26,147
13,6,96,0,36,27,147
14,1,97,0,35,27,147
14,2,98,0,34,27,147
14,3,99,0,33,27,147
14,4,99,0,32,27,147
14,5,99,0,31,27,147
14,6,100,0,30,28,147
15,1,100,0,29,22,147
15,2,101,0,28,22,147
15,3,101,0,27,22,147
15,4,101,0,26,22,147
15,5,102,0,25,23,147
15,6,102,0,24,23,147
16,1,102,0,23,23,147
16,2,108,0,22,28,147
16,3,108,0,21,28,147
16,4,110,0,20,29,147
16,5,111,0,19,29,147
16,6,111,0,18,29,147
17,1,113,0,17,30,147
17,2,114,0,16,31,147
17,3,114,0,15,27,147
17,4,117,0,14,29,147
17,5,121,0,13,32,147
17,6,125,0,12,35,147
17,7,129,0,11,37,147
18,1,130,0,10,37,147
18,2,132,0,9,39,147
18,3,134,0,8,39,147
18,4,134,0,7,39,147
18,5,135,0,6,39,147
18,6,135,0,5,38,147
19,1,136,0,4,38,147
19,2,140,0,3,41,147
19,3,144,0,2,45,147
19,4,145,0,1,46,147
19,5,145,0,0,45,147
19,6,147,0,-1,47,147
0,1,0,0,119,0,197
0,2,3,0,118,3,197
0,3,3,0,117,3,197
0,4,7,0,116,7,197
0,5,7,0,115,7,197
0,6,8,0,114,8,197
1,1,8,0,113,8,197
1,2,14,0,112,14,197
1,3,15,0,111,15,197
1,4,15,0,110,15,197
1,5,17,0,109,17,197
1,6,21,0,108,21,197
2,1,21,0,107,21,197
2,2,21,0,106,21,197
2,3,22,0,105,22,197
2,4,23,0,104,23,197
2,5,24,0,103,24,197
2,6,25,0,102,25,197
3,1,26,0,101,26,197
3,2,32,0,100,32,197
3,3,32,0,99,32,197
3,4,38,0,98,38,197
3,5,39,0,97,39,197
3,6,40,0,96,40,197
3,7,44,0,95,44,197
4,1,45,0,94,45,197
4,2,45,0,93,45,197
4,3,49,0,92,49,197
4,4,53,0,91,53,197
4,5,54,0,90,54,197
4,6,55,0,89,55,197
5,1,56,0,88,53,197
5,2,56,0,87,53,197
5,3,57,0,86,50,197
5,4,63,0,85,56,197
5,5,64,0,84,56,197
5,6,65,0,83,57,197
5,7,65,0,82,51,197
6,1,65,0,81,50,197
6,2,69,0,80,54,197
6,3,70,0,79,53,197
6,4,70,0,78,49,197
6,5,70,0,77,49,197
6,6,70,0,76,49,197
7,1,72,0,75,50,197
7,2,74,0,74,51,197
7,3,74,0,73,50,197
7,4,75,0,72,50,197
7,5,75,0,71,49,197
7,6,75,0,70,43,197
8,1,76,0,69,44,197
8,2,80,0,68,42,197
8,3,80,0,67,41,197
8,4,81,0,66,41,197
8,5,81,0,65,37,197
8,6,82,0,64,37,197
9,1,83,0,63,38,197
9,2,84,0,62,35,197
9,3,88,0,61,35,197
9,4,89,0,60,35,197
9,5,90,0,59,35,197
9,6,90,0,58,34,197
10,1,92,0,57,36,197
10,2,93,0,56,36,197
10,3,97,0,55,34,197
10,4,98,0,54,34,197
10,5,99,0,53,34,197
10,6,100,0,52,35,197
11,1,100,0,51,35,197
11,2,106,0,50,37,197
11,3,107,0,49,37,197
11,4,113,0,48,43,197
11,5,113,0,47,43,197
11,6,114,0,46,44,197
12,1,115,0,45,43,197
12,2,116,0,44,42,197
12,3,116,0,43,42,197
12,4,120,0,42,45,197
12,5,121,0,41,46,197
12,6,121,0,40,46,197
13,1,127,0,39,51,197
13,2,127,0,38,47,197
13,3,130,0,37,50,197
13,4,134,0,36,53,197
13,5,134,0,35,53,197
13,6,136,0,34,54,197
13,7,137,0,33,54,197
14,1,139,0,32,55,197
14,2,141,0,31,53,197
14,3,145,0,30,56,197
14,4,151,0,29,61,197
14,5,151,0,28,61,197
14,6,155,0,27,63,197
15,1,156,0,26,63,197
15,2,158,0,25,61,197
15,3,159,0,24,61,197
15,4,160,0,23,61,197
15,5,162,0,22,62,197
15,6,163,0,21,63,197
16,1,164,0,20,58,197
16,2,165,0,19,58,197
16,3,166,0,18,53,197
16,4,167,0,17,54,197
16,5,171,0,16,57,197
16,6,173,0,15,58,197
17,1,175,0,14,59,197
17,2,175,0,13,59,197
17,3,178,0,12,58,197
17,4,178,0,11,57,197
17,5,178,0,10,57,197
17,6,179,0,9,52,197
17,7,180,0,8,53,197
18,1,182,0,7,52,197
18,2,186,0,6,52,197
18,3,186,0,5,52,197
18,4,186,0,4,50,197
18,5,187,0,3,50,197
18,6,188,0,2,49,197
19,1,189,0,1,48,197
19,2,190,0,0,45,197
19,3,192,0,-1,41,197
19,4,196,0,-2,45,197
19,5,196,0,-3,41,197
19,6,197,0,-4,41,197
0,1,0,0,119,0,135
0,2,0,0,118,0,135
0,3,4,0,117,4,135
0,4,4,0,116,4,135
0,5,4,0,115,4,135
0,6,4,0,114,4,135
1,1,4,0,113,4,135
1,2,4,0,112,4,135
1,3,5,0,111,5,135
1,4,5,0,110,5,135
1,5,5,0,109,5,135
1,6,5,0,108,5,135
2,1,5,0,107,5,135
2,2,7,0,106,7,135
2,3,11,0,105,11,135
2,4,12,0,104,12,135
2,5,12,0,103,12,135
2,6,16,0,102,16,135
3,1,16,0,101,16,135
3,2,16,0,100,16,135
3,3,16,0,99,16,135
3,4,20,0,98,20,135
3,5,20,0,97,20,135
3,6,21,0,96,21,135
4,1,25,0,95,25,135
4,2,26,0,94,26,135
4,3,26,0,93,26,135
4,4,26,0,92,26,135
4,5,26,0,91,26,135
4,6,26,0,90,26,135
5,1,27,0,89,27,135
5,2,28,0,88,28,135
5,3,32,0,87,28,135
5,4,34,0,86,30,135
5,5,36,0,85,32,135
5,6,37,0,84,33,135
6,1,38,0,83,34,135
6,2,39,0,82,35,135
6,3,39,0,81,34,135
6,4,39,0,80,34,135
6,5,39,0,79,34,135
6,6,39,0,78,34,135
7,1,40,0,77,35,135
7,2,40,0,76,33,135
7,3,41,0,75,30,135
7,4,45,0,74,33,135
7,5,45,0,73,33,135
7,6,45,0,72,29,135
8,1,49,0,71,33,135
8,2,51,0,70,35,135
8,3,57,0,69,41,135
8,4,57,0,68,37,135
8,5,58,0,67,38,135
8,6,59,0,66,38,135
9,1,60,0,65,35,135
9,2,61,0,64,35,135
9,3,62,0,63,36,135
9,4,62,0,62,36,135
9,5,62,0,61,36,135
9,6,62,0,60,36,135
10,1,62,0,59,35,135
10,2,63,0,58,35,135
10,3,64,0,57,32,135
10,4,64,0,56,30,135
10,5,64,0,55,28,135
10,6,64,0,54,27,135
11,1,64,0,53,26,135
11,2,68,0,52,29,135
11,3,69,0,51,30,135
11,4,69,0,50,30,135
11,5,70,0,49,31,135
11,6,71,0,48,32,135
12,1,72,0,47,32,135
12,2,73,0,46,33,135
12,3,74,0,45,33,135
12,4,75,0,44,30,135
12,5,75,0,43,30,135
12,6,76,0,42,31,135
13,1,76,0,41,27,135
13,2,77,0,40,26,135
13,3,78,0,39,21,135
13,4,79,0,38,22,135
13,5,80,0,37,22,135
13,6,81,0,36,22,135
13,7,83,0,35,23,135
14,1,83,0,34,22,135
14,2,84,0,33,22,135
14,3,85,0,32,23,135
14,4,86,0,31,24,135
14,5,86,0,30,24,135
14,6,87,0,29,25,135
15,1,87,0,28,24,135
15,2,87,0,27,23,135
15,3,87,0,26,23,135
15,4,88,0,25,24,135
15,5,92,0,24,28,135
15,6,92,0,23,28,135
16,1,92,0,22,24,135
16,2,98,0,21,29,135
16,3,98,0,20,29,135
16,4,104,0,19,34,135
16,5,105,0,18,34,135
16,6,106,0,17,34,135
17,1,107,0,16,34,135
17,2,109,0,15,35,135
17,3,110,0,14,35,135
17,4,111,0,13,36,135
17,5,112,0,12,36,135
17,6,112,0,11,36,135
18,1,113,0,10,36,135
18,2,114,0,9,36,135
18,3,118,0,8,39,135
18,4,120,0,7,40,135
18,5,121,0,6,40,135
18,6,125,0,5,42,135
19,1,131,0,4,48,135
19,2,132,0,3,48,135
19,3,133,0,2,48,135
19,4,135,0,1,49,135
19,5,135,0,0,49,135
19,6,135,0,-1,48,135
0,1,0,0,119,0,148
0,2,4,0,118,4,148
0,3,4,0,117,4,148
0,4,4,0,116,4,148
0,5,8,0,115,8,148
0,6,8,0,114,8,148
1,1,8,0,113,8,148
1,2,8,0,112,8,148
1,3,8,0,111,8,148
1,4,8,0,110,8,148
1,5,10,0,109,10,148
1,6,10,0,108,10,148
1,7,16,0,107,16,148
2,1,17,0,106,17,148
2,2,17,0,105,17,148
2,3,17,0,104,17,148
2,4,18,0,103,18,148
2,5,18,0,102,18,148
2,6,19,0,101,19,148
2,7,20,0,100,20,148
3,1,20,0,99,20,148
3,2,20,0,98,20,148
3,3,21,0,97,21,148
3,4,22,0,96,22,148
3,5,26,0,95,26,148
3,6,30,0,94,30,148
4,1,31,0,93,31,148
4,2,35,0,92,35,148
4,3,36,0,91,36,148
4,4,40,0,90,40,148
4,5,41,0,89,41,148
4,6,41,0,88,37,148
5,1,45,0,87,41,148
5,2,47,0,86,43,148
5,3,48,0,85,40,148
5,4,50,0,84,42,148
5,5,51,0,83,43,148
5,6,51,0,82,43,148
6,1,52,0,81,44,148
6,2,53,0,80,45,148
6,3,59,0,79,49,148
6,4,60,0,78,50,148
6,5,61,0,77,45,148
6,6,62,0,76,45,148
7,1,66,0,75,49,148
7,2,67,0,74,50,148
7,3,68,0,73,50,148
7,4,69,0,72,51,148
7,5,69,0,71,50,148
7,6,70,0,70,50,148
8,1,71,0,69,51,148
8,2,72,0,68,52,148
8,3,73,0,67,52,148
8,4,74,0,66,52,148
8,5,74,0,65,48,148
8,6,75,0,64,45,148
8,7,76,0,63,45,148
9,1,76,0,62,41,148
9,2,77,0,61,41,148
9,3,77,0,60,37,148
9,4,78,0,59,37,148
9,5,79,0,58,38,148
9,6,80,0,57,35,148
10,1,81,0,56,34,148
10,2,81,0,55,33,148
10,3,82,0,54,32,148
10,4,83,0,53,32,148
10,5,84,0,52,33,148
10,6,84,0,51,32,148
11,1,85,0,50,32,148
11,2,86,0,49,27,148
11,3,87,0,48,27,148
11,4,87,0,47,26,148
11,5,87,0,46,25,148
11,6,88,0,45,22,148
12,1,88,0,44,21,148
12,2,88,0,43,20,148
12,3,88,0,42,19,148
12,4,88,0,41,19,148
12,5,89,0,40,19,148
12,6,90,0,39,19,148
13,1,96,0,38,24,148
13,2,97,0,37,24,148
13,3,98,0,36,24,148
13,4,98,0,35,24,148
13,5,99,0,34,24,148
13,6,100,0,33,24,148
14,1,104,0,32,28,148
14,2,110,0,31,33,148
14,3,111,0,30,34,148
14,4,112,0,29,34,148
14,5,113,0,28,34,148
14,6,113,0,27,33,148
15,1,114,0,26,33,148
15,2,120,0,25,39,148
15,3,120,0,24,38,148
15,4,121,0,23,38,148
15,5,122,0,22,38,148
15,6,124,0,21,40,148
16,1,124,0,20,39,148
16,2,125,0,19,39,148
16,3,125,0,18,38,148
16,4,126,0,17,39,148
16,5,126,0,16,39,148
16,6,132,0,15,44,148
17,1,133,0,14,45,148
17,2,133,0,13,45,148
17,3,134,0,12,46,148
17,4,134,0,11,46,148
17,5,134,0,10,45,148
17,6,134,0,9,44,148
17,7,135,0,8,39,148
17,8,136,0,7,39,148
18,1,137,0,6,39,148
18,2,138,0,5,40,148
18,3,138,0,4,39,148
18,4,138,0,3,38,148
18,5,139,0,2,35,148
18,6,140,0,1,30,148
19,1,144,0,0,33,148
19,2,144,0,-1,32,148
19,3,145,0,-2,32,148
19,4,146,0,-3,33,148
19,5,147,0,-4,33,148
19,6,148,0,-5,28,148
0,1,2,0,119,2,188
0,2,2,0,118,2,188
0,3,2,0,117,2,188
0,4,2,0,116,2,188
0,5,2,0,115,2,188
0,6,2,0,114,2,188
1,1,2,0,113,2,188
1,2,3,0,112,3,188
1,3,3,0,111,3,188
1,4,3,0,110,3,188
1,5,3,0,109,3,188
1,6,3,0,108,3,188
2,1,3,0,107,3,188
2,2,4,0,106,4,188
2,3,5,0,105,5,188
2,4,7,0,104,7,188
2,5,13,0,103,13,188
2,6,14,0,102,14,188
3,1,14,0,101,14,188
3,2,15,0,100,15,188
3,3,16,0,99,16,188
3,4,16,0,98,16,188
3,5,16,0,97,16,188
3,6,20,0,96,20,188
4,1,20,0,95,20,188
4,2,21,0,94,21,188
4,3,25,0,93,25,188
4,4,25,0,92,25,188
4,5,31,0,91,31,188
4,6,35,0,90,35,188
5,1,39,0,89,37,188
5,2,45,0,88,43,188
5,3,46,0,87,44,188
5,4,46,0,86,44,188
5,5,46,0,85,44,188
5,6,46,0,84,44,188
6,1,46,0,83,44,188
6,2,48,0,82,45,188
6,3,50,0,81,47,188
6,4,51,0,80,48,188
6,5,51,0,79,48,188
6,6,57,0,78,54,188
7,1,58,0,77,55,188
7,2,58,0,76,54,188
7,3,60,0,75,55,188
7,4,61,0,74,54,188
7,5,62,0,73,49,188
7,6,62,0,72,48,188
8,1,63,0,71,49,188
8,2,64,0,70,49,188
8,3,65,0,69,49,188
8,4,69,0,68,53,188
8,5,70,0,67,54,188
8,6,70,0,66,50,188
9,1,70,0,65,50,188
9,2,70,0,64,49,188
9,3,70,0,63,45,188
9,4,71,0,62,46,188
9,5,71,0,61,40,188
9,6,71,0,60,36,188
10,1,75,0,59,36,188
10,2,76,0,58,31,188
10,3,77,0,57,31,188
10,4,77,0,56,31,188
10,5,77,0,55,31,188
10,6,77,0,54,31,188
11,1,78,0,53,32,188
11,2,84,0,52,36,188
11,3,84,0,51,34,188
11,4,85,0,50,34,188
11,5,86,0,49,35,188
11,6,86,0,48,29,188
12,1,86,0,47,28,188
12,2,87,0,46,29,188
12,3,91,0,45,31,188
12,4,93,0,44,32,188
12,5,94,0,43,32,188
12,6,95,0,42,33,188
13,1,99,0,41,36,188
13,2,99,0,40,35,188
13,3,100,0,39,35,188
13,4,101,0,38,32,188
13,5,102,0,37,32,188
13,6,108,0,36,38,188
14,1,109,0,35,39,188
14,2,110,0,34,40,188
14,3,111,0,33,41,188
14,4,112,0,32,41,188
14,5,118,0,31,47,188
14,6,118,0,30,47,188
15,1,119,0,29,44,188
15,2,121,0,28,45,188
15,3,125,0,27,48,188
15,4,126,0,26,49,188
15,5,127,0,25,50,188
15,6,131,0,24,54,188
15,7,132,0,23,54,188
16,1,133,0,22,49,188
16,2,138,0,21,54,188
16,3,140,0,20,55,188
16,4,142,0,19,56,188
16,5,143,0,18,57,188
16,6,147,0,17,61,188
16,7,148,0,16,61,188
17,1,149,0,15,58,188
17,2,150,0,14,57,188
17,3,156,0,13,62,188
17,4,157,0,12,62,188
17,5,158,0,11,59,188
17,6,159,0,10,60,188
17,7,165,0,9,65,188
18,1,165,0,8,64,188
18,2,166,0,7,64,188
18,3,167,0,6,59,188
18,4,168,0,5,59,188
18,5,172,0,4,62,188
18,6,173,0,3,62,188
19,1,174,0,2,62,188
19,2,180,0,1,62,188
19,3,186,0,0,68,188
19,4,186,0,-1,67,188
19,5,186,0,-2,65,188
19,6,188,0,-3,63,188
0,1,0,0,119,0,105
0,2,0,0,118,0,105
0,3,1,0,117,1,105
0,4,2,0,116,2,105
0,5,3,0,115,3,105
0,6,3,0,114,3,105
1,1,5,0,113,5,105
1,2,5,0,112,5,105
1,3,5,0,111,5,105
1,4,6,0,110,6,105
1,5,6,0,109,6,105
1,6,9,0,108,9,105
2,1,9,0,107,9,105
2,2,9,0,106,9,105
2,3,9,0,105,9,105
2,4,9,0,104,9,105
2,5,10,0,103,10,105
2,6,10,0,102,10,105
3,1,11,0,101,11,105
3,2,13,0,100,13,105
3,3,13,0,99,13,105
3,4,13,0,98,13,105
3,5,14,0,97,14,105
3,6,16,0,96,16,105
4,1,17,0,95,17,105
4,2,17,0,94,17,105
4,3,18,0,93,18,105
4,4,22,0,92,22,105
4,5,24,0,91,24,105
4,6,25,0,90,25,105
5,1,26,0,89,26,105
5,2,27,0,88,27,105
5,3,27,0,87,26,105
5,4,27,0,86,25,105
5,5,31,0,85,28,105
5,6,32,0,84,29,105
6,1,33,0,83,28,105
6,2,34,0,82,29,105
6,3,36,0,81,31,105
6,4,37,0,80,31,105
6,5,38,0,79,32,105
6,6,38,0,78,29,105
7,1,39,0,77,30,105
7,2,40,0,76,31,105
7,3,41,0,75,32,105
7,4,41,0,74,32,105
7,5,41,0,73,31,105
7,6,41,0,72,31,105
7,7,43,0,71,32,105
7,8,43,0,70,30,105
8,1,45,0,69,32,105
8,2,45,0,68,32,105
8,3,45,0,67,31,105
8,4,45,0,66,29,105
8,5,45,0,65,28,105
8,6,46,0,64,29,105
8,7,47,0,63,29,105
9,1,48,0,62,26,105
9,2,48,0,61,24,105
9,3,48,0,60,23,105
9,4,49,0,59,23,105
9,5,49,0,58,22,105
9,6,50,0,57,23,105
9,7,50,0,56,23,105
10,1,51,0,55,20,105
10,2,52,0,54,20,105
10,3,52,0,53,19,105
10,4,53,0,52,19,105
10,5,53,0,51,17,105
10,6,54,0,50,17,105
10,7,54,0,49,16,105
11,1,54,0,48,16,105
11,2,56,0,47,17,105
11,3,57,0,46,17,105
11,4,57,0,45,16,105
11,5,57,0,44,16,105
11,6,57,0,43,16,105
12,1,58,0,42,17,105
12,2,58,0,41,15,105
12,3,59,0,40,16,105
12,4,59,0,39,14,105
12,5,60,0,38,15,105
12,6,60,0,37,15,105
13,1,61,0,36,16,105
13,2,63,0,35,18,105
13,3,66,0,34,20,105
13,4,67,0,33,20,105
13,5,68,0,32,20,105
13,6,68,0,31,20,105
13,7,69,0,30,21,105
14,1,70,0,29,21,105
14,2,70,0,28,21,105
14,3,71,0,27,21,105
14,4,71,0,26,21,105
14,5,72,0,25,21,105
14,6,74,0,24,22,105
14,7,74,0,23,22,105
15,1,74,0,22,21,105
15,2,77,0,21,24,105
15,3,81,0,20,27,105
15,4,82,0,19,28,105
15,5,83,0,18,29,105
15,6,84,0,17,28,105
16,1,85,0,16,28,105
16,2,86,0,15,29,105
16,3,87,0,14,30,105
16,4,88,0,13,31,105
16,5,88,0,12,30,105
16,6,89,0,11,31,105
17,1,91,0,10,32,105
17,2,92,0,9,33,105
17,3,93,0,8,33,105
17,4,94,0,7,34,105
17,5,95,0,6,34,105
17,6,96,0,5,33,105
18,1,97,0,4,31,105
18,2,98,0,3,31,105
18,3,99,0,2,31,105
18,4,99,0,1,31,105
18,5,99,0,0,30,105
18,6,99,0,-1,29,105
18,7,101,0,-2,31,105
18,8,101,0,-3,30,105
19,1,101,0,-4,30,105
19,2,101,0,-5,29,105
19,3,102,0,-6,28,105
19,4,103,0,-7,29,105
19,5,105,0,-8,31,105
19,6,105,0,-9,28,105
0,1,0,0,119,0,90
0,2,0,0,118,0,90
0,3,0,0,117,0,90
0,4,1,0,116,1,90
0,5,2,0,115,2,90
0,6,2,0,114,2,90
0,7,2,0,113,2,90
1,1,6,0,112,6,90
1,2,7,0,111,7,90
1,3,7,0,110,7,90
1,4,7,0,109,7,90
1,5,7,0,108,7,90
1,6,7,0,107,7,90
2,1,8,0,106,8,90
2,2,8,0,105,8,90
2,3,9,0,104,9,90
2,4,9,0,103,9,90
2,5,9,0,102,9,90
2,6,10,0,101,10,90
3,1,14,0,100,14,90
3,2,14,0,99,14,90
3,3,14,0,98,14,90
3,4,14,0,97,14,90
3,5,14,0,96,14,90
3,6,14,0,95,14,90
4,1,15,0,94,15,90
4,2,15,0,93,15,90
4,3,16,0,92,16,90
4,4,16,0,91,16,90
4,5,17,0,90,17,90
4,6,19,0,89,19,90
5,1,19,0,88,19,90
5,2,19,0,87,19,90
5,3,19,0,86,18,90
5,4,19,0,85,17,90
5,5,19,0,84,17,90
5,6,19,0,83,17,90
6,1,20,0,82,14,90
6,2,21,0,81,14,90
6,3,21,0,80,14,90
6,4,22,0,79,15,90
6,5,22,0,78,15,90
6,6,22,0,77,15,90
7,1,22,0,76,14,90
7,2,26,0,75,18,90
7,3,27,0,74,18,90
7,4,27,0,73,18,90
7,5,31,0,72,22,90
7,6,31,0,71,21,90
7,7,32,0,70,18,90
8,1,32,0,69,18,90
8,2,32,0,68,18,90
8,3,36,0,67,22,90
8,4,40,0,66,26,90
8,5,41,0,65,27,90
8,6,42,0,64,27,90
9,1,43,0,63,28,90
9,2,43,0,62,27,90
9,3,43,0,61,27,90
9,4,47,0,60,30,90
9,5,47,0,59,28,90
9,6,48,0,58,29,90
9,7,49,0,57,30,90
10,1,50,0,56,31,90
10,2,50,0,55,31,90
10,3,51,0,54,32,90
10,4,51,0,53,32,90
10,5,52,0,52,32,90
10,6,53,0,51,32,90
11,1,53,0,50,32,90
11,2,53,0,49,31,90
11,3,53,0,48,31,90
11,4,54,0,47,32,90
11,5,56,0,46,34,90
11,6,57,0,45,31,90
12,1,59,0,44,32,90
12,2,59,0,43,32,90
12,3,60,0,42,29,90
12,4,61,0,41,30,90
12,5,65,0,40,33,90
12,6,69,0,39,37,90
13,1,69,0,38,37,90
13,2,69,0,37,33,90
13,3,71,0,36,31,90
13,4,71,0,35,30,90
13,5,72,0,34,30,90
13,6,73,0,33,30,90
14,1,73,0,32,30,90
14,2,73,0,31,30,90
14,3,74,0,30,27,90
14,4,75,0,29,28,90
14,5,75,0,28,27,90
14,6,75,0,27,26,90
14,7,76,0,26,26,90
15,1,76,0,25,26,90
15,2,77,0,24,26,90
15,3,78,0,23,27,90
15,4,78,0,22,26,90
15,5,79,0,21,26,90
15,6,79,0,20,26,90
16,1,79,0,19,26,90
16,2,79,0,18,26,90
16,3,79,0,17,25,90
16,4,80,0,16,24,90
16,5,80,0,15,23,90
16,6,81,0,14,22,90
16,7,81,0,13,22,90
17,1,82,0,12,22,90
17,2,82,0,11,21,90
17,3,83,0,10,18,90
17,4,84,0,9,15,90
17,5,84,0,8,15,90
17,6,85,0,7,16,90
17,7,85,0,6,14,90
18,1,85,0,5,14,90
18,2,86,0,4,14,90
18,3,86,0,3,13,90
18,4,87,0,2,14,90
18,5,88,0,1,15,90
18,6,88,0,0,14,90
19,1,89,0,-1,14,90
19,2,89,0,-2,14,90
19,3,89,0,-3,14,90
19,4,89,0,-4,13,90
19,5,90,0,-5,14,90
19,6,90,0,-6,13,90
0,1,1,0,119,1,88
0,2,2,0,118,2,88
0,3,6,0,117,6,88
0,4,6,0,116,6,88
0,5,6,0,115,6,88
0,6,6,0,114,6,88
0,7,6,0,113,6,88
0,8,6,0,112,6,88
1,1,6,0,111,6,88
1,2,6,0,110,6,88
1,3,6,0,109,6,88
1,4,6,0,108,6,88
1,5,7,0,107,7,88
1,6,7,0,106,7,88
1,7,8,0,105,8,88
1,8,9,0,104,9,88
1,9,10,0,103,10,88
2,1,10,0,102,10,88
2,2,10,0,101,10,88
2,3,10,0,100,10,88
2,4,10,0,99,10,88
2,5,10,0,98,10,88
2,6,10,0,97,10,88
3,1,11,0,96,11,88
3,2,11,0,95,11,88
3,3,11,0,94,11,88
3,4,12,0,93,12,88
3,5,14,0,92,14,88
3,6,14,0,91,14,88
3,7,14,0,90,14,88
4,1,15,0,89,14,88
4,2,18,0,88,16,88
4,3,18,0,87,12,88
4,4,18,0,86,12,88
4,5,19,0,85,13,88
4,6,19,0,84,13,88
4,7,20,0,83,14,88
5,1,20,0,82,14,88
5,2,21,0,81,15,88
5,3,21,0,80,15,88
5,4,21,0,79,15,88
5,5,22,0,78,16,88
5,6,22,0,77,15,88
5,7,25,0,76,18,88
6,1,26,0,75,18,88
6,2,27,0,74,18,88
6,3,27,0,73,17,88
6,4,27,0,72,17,88
6,5,27,0,71,17,88
6,6,29,0,70,19,88
6,7,29,0,69,19,88
6,8,31,0,68,21,88
7,1,31,0,67,21,88
7,2,32,0,66,21,88
7,3,32,0,65,21,88
7,4,32,0,64,21,88
7,5,32,0,63,20,88
7,6,32,0,62,18,88
8,1,33,0,61,19,88
8,2,33,0,60,19,88
8,3,34,0,59,19,88
8,4,34,0,58,16,88
8,5,35,0,57,17,88
8,6,35,0,56,17,88
9,1,35,0,55,16,88
9,2,35,0,54,16,88
9,3,35,0,53,15,88
9,4,37,0,52,17,88
9,5,38,0,51,17,88
9,6,38,0,50,17,88
10,1,38,0,49,17,88
10,2,39,0,48,17,88
10,3,41,0,47,19,88
10,4,42,0,46,17,88
10,5,43,0,45,17,88
10,6,44,0,44,17,88
11,1,45,0,43,18,88
11,2,47,0,42,20,88
11,3,47,0,41,20,88
11,4,47,0,40,18,88
11,5,48,0,39,19,88
11,6,48,0,38,17,88
12,1,50,0,37,19,88
12,2,50,0,36,18,88
12,3,50,0,35,18,88
12,4,50,0,34,18,88
12,5,52,0,33,20,88
12,6,54,0,32,22,88
12,7,55,0,31,22,88
13,1,56,0,30,23,88
13,2,56,0,29,22,88
13,3,57,0,28,23,88
13,4,57,0,27,22,88
13,5,57,0,26,22,88
13,6,58,0,25,23,88
14,1,59,0,24,24,88
14,2,59,0,23,24,88
14,3,60,0,22,23,88
14,4,61,0,21,23,88
14,5,62,0,20,24,88
14,6,63,0,19,25,88
15,1,63,0,18,24,88
15,2,64,0,17,23,88
15,3,65,0,16,23,88
15,4,65,0,15,22,88
15,5,66,0,14,22,88
15,6,70,0,13,25,88
16,1,71,0,12,24,88
16,2,71,0,11,24,88
16,3,72,0,10,25,88
16,4,73,0,9,25,88
16,5,74,0,8,26,88
16,6,74,0,7,24,88
17,1,75,0,6,25,88
17,2,75,0,5,25,88
17,3,75,0,4,25,88
17,4,76,0,3,24,88
17,5,77,0,2,23,88
17,6,78,0,1,23,88
18,1,78,0,0,22,88
18,2,81,0,-1,25,88
18,3,82,0,-2,25,88
18,4,82,0,-3,25,88
18,5,83,0,-4,26,88
18,6,84,0,-5,26,88
19,1,84,0,-6,25,88
19,2,85,0,-7,26,88
19,3,87,0,-8,27,88
19,4,87,0,-9,26,88
19,5,87,0,-10,25,88
19,6,88,0,-11,25,88
0,1,4,0,119,4,110
0,2,5,0,118,5,110
0,3,5,0,117,5,110
0,4,5,0,116,5,110
0,5,5,0,115,5,110
0,6,5,0,114,5,110
0,7,6,0,113,6,110
1,1,6,0,112,6,110
1,2,8,0,111,8,110
1,3,8,0,110,8,110
1,4,9,0,109,9,110
1,5,10,0,108,10,110
1,6,10,0,107,10,110
2,1,10,0,106,10,110
2,2,10,0,105,10,110
2,3,12,0,104,12,110
2,4,12,0,103,12,110
2,5,13,0,102,13,110
2,6,14,0,101,14,110
2,7,17,0,100,17,110
3,1,17,0,99,17,110
3,2,17,0,98,17,110
3,3,21,0,97,21,110
3,4,21,0,96,21,110
3,5,23,0,95,23,110
3,6,23,0,94,23,110
4,1,23,0,93,23,110
4,2,27,0,92,27,110
4,3,27,0,91,27,110
4,4,29,0,90,29,110
4,5,29,0,89,25,110
4,6,30,0,88,25,110
5,1,30,0,87,25,110
5,2,31,0,86,26,110
5,3,32,0,85,27,110
5,4,32,0,84,27,110
5,5,33,0,83,27,110
5,6,33,0,82,27,110
6,1,34,0,81,26,110
6,2,34,0,80,26,110
6,3,36,0,79,27,110
6,4,36,0,78,26,110
6,5,36,0,77,26,110
6,6,36,0,76,26,110
7,1,36,0,75,26,110
7,2,36,0,74,24,110
7,3,36,0,73,24,110
7,4,37,0,72,24,110
7,5,37,0,71,23,110
7,6,38,0,70,21,110
8,1,39,0,69,22,110
8,2,39,0,68,22,110
8,3,40,0,67,19,110
8,4,40,0,66,19,110
8,5,41,0,65,18,110
8,6,41,0,64,18,110
9,1,41,0,63,18,110
9,2,42,0,62,15,110
9,3,42,0,61,15,110
9,4,42,0,60,13,110
9,5,43,0,59,14,110
9,6,47,0,58,17,110
10,1,48,0,57,18,110
10,2,49,0,56,18,110
10,3,50,0,55,18,110
10,4,51,0,54,19,110
10,5,52,0,53,19,110
10,6,53,0,52,20,110
10,7,54,0,51,20,110
10,8,55,0,50,21,110
11,1,55,0,49,19,110
11,2,56,0,48,20,110
11,3,57,0,47,21,110
11,4,58,0,46,22,110
11,5,58,0,45,22,110
11,6,60,0,44,24,110
12,1,60,0,43,24,110
12,2,60,0,42,23,110
12,3,60,0,41,23,110
12,4,66,0,40,28,110
12,5,66,0,39,27,110
12,6,67,0,38,28,110
13,1,68,0,37,28,110
13,2,68,0,36,28,110
13,3,69,0,35,28,110
13,4,69,0,34,28,110
13,5,73,0,33,32,110
13,6,73,0,32,31,110
14,1,73,0,31,31,110
14,2,74,0,30,32,110
14,3,76,0,29,33,110
14,4,76,0,28,29,110
14,5,77,0,27,29,110
14,6,77,0,26,28,110
15,1,77,0,25,27,110
15,2,77,0,24,26,110
15,3,77,0,23,25,110
15,4,78,0,22,25,110
15,5,80,0,21,26,110
15,6,80,0,20,25,110
16,1,81,0,19,26,110
16,2,81,0,18,25,110
16,3,82,0,17,25,110
16,4,83,0,16,25,110
16,5,84,0,15,26,110
16,6,84,0,14,24,110
17,1,85,0,13,25,110
17,2,87,0,12,27,110
17,3,88,0,11,28,110
17,4,90,0,10,24,110
17,5,90,0,9,24,110
17,6,93,0,8,26,110
17,7,93,0,7,25,110
18,1,94,0,6,26,110
18,2,98,0,5,29,110
18,3,100,0,4,31,110
18,4,100,0,3,27,110
18,5,102,0,2,29,110
18,6,104,0,1,31,110
18,7,105,0,0,31,110
19,1,106,0,-1,30,110
19,2,107,0,-2,31,110
19,3,108,0,-3,31,110
19,4,108,0,-4,31,110
19,5,108,0,-5,31,110
19,6,110,0,-6,33,110
0,1,0,0,119,0,70
0,2,0,0,118,0,70
0,3,0,0,117,0,70
0,4,4,0,116,4,70
0,5,4,0,115,4,70
0,6,4,0,114,4,70
1,1,4,0,113,4,70
1,2,4,0,112,4,70
1,3,4,0,111,4,70
1,4,8,0,110,8,70
1,5,8,0,109,8,70
1,6,8,0,108,8,70
2,1,8,0,107,8,70
2,2,8,0,106,8,70
2,3,8,0,105,8,70
2,4,9,0,104,9,70
2,5,9,0,103,9,70
2,6,9,0,102,9,70
2,7,9,0,101,9,70
3,1,10,0,100,10,70
3,2,10,0,99,10,70
3,3,11,0,98,11,70
3,4,12,0,97,12,70
3,5,12,0,96,12,70
3,6,13,0,95,13,70
3,7,14,0,94,14,70
3,8,15,0,93,15,70
3,9,16,0,92,16,70
3,1,16,0,91,16,70
4,1,16,0,90,16,70
4,2,16,0,89,16,70
4,3,17,0,88,17,70
4,4,17,0,87,17,70
4,5,17,0,86,13,70
4,6,17,0,85,13,70
5,1,17,0,84,13,70
5,2,18,0,83,14,70
5,3,18,0,82,14,70
5,4,18,0,81,14,70
5,5,18,0,80,10,70
5,6,18,0,79,10,70
6,1,18,0,78,10,70
6,2,18,0,77,10,70
6,3,18,0,76,10,70
6,4,19,0,75,11,70
6,5,19,0,74,10,70
6,6,19,0,73,10,70
7,1,19,0,72,10,70
7,2,20,0,71,11,70
7,3,20,0,70,10,70
7,4,20,0,69,10,70
7,5,20,0,68,9,70
7,6,20,0,67,8,70
7,7,21,0,66,9,70
8,1,21,0,65,8,70
8,2,21,0,64,7,70
8,3,21,0,63,6,70
8,4,21,0,62,5,70
8,5,21,0,61,5,70
8,6,21,0,60,5,70
9,1,21,0,59,5,70
9,2,22,0,58,5,70
9,3,22,0,57,5,70
9,4,22,0,56,5,70
9,5,23,0,55,6,70
9,6,23,0,54,6,70
9,7,23,0,53,5,70
10,1,24,0,52,6,70
10,2,24,0,51,6,70
10,3,27,0,50,9,70
10,4,27,0,49,9,70
10,5,27,0,48,9,70
10,6,27,0,47,9,70
10,7,29,0,46,11,70
11,1,29,0,45,10,70
11,2,30,0,44,11,70
11,3,31,0,43,12,70
11,4,32,0,42,13,70
11,5,33,0,41,13,70
11,6,34,0,40,14,70
11,7,36,0,39,16,70
12,1,36,0,38,16,70
12,2,37,0,37,17,70
12,3,38,0,36,17,70
12,4,38,0,35,17,70
12,5,39,0,34,18,70
12,6,39,0,33,18,70
12,7,40,0,32,19,70
13,1,41,0,31,20,70
13,2,42,0,30,21,70
13,3,42,0,29,21,70
13,4,42,0,28,20,70
13,5,43,0,27,21,70
13,6,43,0,26,21,70
14,1,43,0,25,20,70
14,2,43,0,24,20,70
14,3,45,0,23,22,70
14,4,46,0,22,22,70
14,5,46,0,21,22,70
14,6,50,0,20,23,70
15,1,50,0,19,23,70
15,2,51,0,18,24,70
15,3,51,0,17,24,70
15,4,53,0,16,24,70
15,5,53,0,15,24,70
15,6,53,0,14,23,70
16,1,54,0,13,23,70
16,2,55,0,12,23,70
16,3,56,0,11,23,70
16,4,56,0,10,22,70
16,5,58,0,9,22,70
16,6,58,0,8,22,70
17,1,58,0,7,21,70
17,2,62,0,6,24,70
17,3,62,0,5,24,70
17,4,62,0,4,23,70
17,5,62,0,3,23,70
17,6,62,0,2,22,70
18,1,62,0,1,21,70
18,2,62,0,0,20,70
18,3,62,0,-1,20,70
18,4,63,0,-2,21,70
18,5,63,0,-3,20,70
18,6,66,0,-4,23,70
19,1,66,0,-5,23,70
19,2,66,0,-6,23,70
19,3,67,0,-7,22,70
19,4,69,0,-8,23,70
19,5,69,0,-9,23,70
19,6,70,0,-10,20,70
0,1,0,0,119,0,74
0,2,0,0,118,0,74
0,3,0,0,117,0,74
0,4,1,0,116,1,74
0,5,1,0,115,1,74
0,6,2,0,114,2,74
1,1,2,0,113,2,74
1,2,2,0,112,2,74
1,3,2,0,111,2,74
1,4,2,0,110,2,74
1,5,2,0,109,2,74
1,6,2,0,108,2,74
2,1,3,0,107,3,74
2,2,3,0,106,3,74
2,3,3,0,105,3,74
2,4,3,0,104,3,74
2,5,4,0,103,4,74
2,6,5,0,102,5,74
3,1,5,0,101,5,74
3,2,5,0,100,5,74
3,3,6,0,99,6,74
3,4,6,0,98,6,74
3,5,7,0,97,7,74
3,6,7,0,96,7,74
3,7,7,0,95,7,74
4,1,7,0,94,7,74
4,2,7,0,93,7,74
4,3,7,0,92,7,74
4,4,8,0,91,8,74
4,5,8,0,90,8,74
4,6,8,0,89,8,74
5,1,9,0,88,9,74
5,2,9,0,87,9,74
5,3,10,0,86,9,74
5,4,10,0,85,9,74
5,5,11,0,84,9,74
5,6,12,0,83,10,74
6,1,12,0,82,10,74
6,2,13,0,81,11,74
6,3,13,0,80,11,74
6,4,13,0,79,11,74
6,5,13,0,78,11,74
6,6,13,0,77,10,74
7,1,13,0,76,10,74
7,2,13,0,75,10,74
7,3,14,0,74,11,74
7,4,16,0,73,12,74
7,5,16,0,72,11,74
7,6,16,0,71,11,74
8,1,16,0,70,11,74
8,2,16,0,69,10,74
8,3,16,0,68,10,74
8,4,18,0,67,11,74
8,5,19,0,66,12,74
8,6,19,0,65,12,74
8,7,19,0,64,12,74
9,1,20,0,63,13,74
9,2,20,0,62,13,74
9,3,21,0,61,13,74
9,4,22,0,60,14,74
9,5,23,0,59,15,74
9,6,23,0,58,14,74
9,7,23,0,57,14,74
10,1,25,0,56,15,74
10,2,26,0,55,16,74
10,3,26,0,54,15,74
10,4,26,0,53,14,74
10,5,27,0,52,15,74
10,6,27,0,51,14,74
11,1,28,0,50,15,74
11,2,28,0,49,15,74
11,3,29,0,48,16,74
11,4,30,0,47,17,74
11,5,30,0,46,17,74
11,6,31,0,45,18,74
11,7,31,0,44,17,74
11,8,31,0,43,15,74
12,1,34,0,42,18,74
12,2,34,0,41,18,74
12,3,36,0,40,20,74
12,4,36,0,39,20,74
12,5,39,0,38,23,74
12,6,40,0,37,22,74
13,1,40,0,36,21,74
13,2,41,0,35,22,74
13,3,42,0,34,23,74
13,4,43,0,33,23,74
13,5,43,0,32,23,74
13,6,43,0,31,22,74
14,1,45,0,30,23,74
14,2,46,0,29,23,74
14,3,48,0,28,25,74
14,4,48,0,27,25,74
14,5,49,0,26,24,74
14,6,50,0,25,24,74
15,1,51,0,24,25,74
15,2,52,0,23,26,74
15,3,52,0,22,25,74
15,4,52,0,21,25,74
15,5,52,0,20,24,74
15,6,52,0,19,24,74
16,1,54,0,18,25,74
16,2,57,0,17,27,74
16,3,57,0,16,27,74
16,4,58,0,15,27,74
16,5,59,0,14,28,74
16,6,60,0,13,29,74
17,1,60,0,12,26,74
17,2,61,0,11,27,74
17,3,61,0,10,25,74
17,4,63,0,9,27,74
17,5,64,0,8,25,74
17,6,65,0,7,25,74
18,1,65,0,6,25,74
18,2,67,0,5,26,74
18,3,68,0,4,26,74
18,4,68,0,3,25,74
18,5,69,0,2,26,74
18,6,69,0,1,26,74
19,1,70,0,0,25,74
19,2,71,0,-1,25,74
19,3,72,0,-2,24,74
19,4,73,0,-3,25,74
19,5,73,0,-4,24,74
19,6,74,0,-5,24,74
0,1,0,0,119,0,100
0,2,4,0,118,4,100
0,3,5,0,117,5,100
0,4,5,0,116,5,100
0,5,7,0,115,7,100
0,6,7,0,114,7,100
1,1,7,0,113,7,100
1,2,7,0,112,7,100
1,3,7,0,111,7,100
1,4,7,0,110,7,100
1,5,7,0,109,7,100
1,6,7,0,108,7,100
2,1,8,0,107,8,100
2,2,8,0,106,8,100
2,3,8,0,105,8,100
2,4,8,0,104,8,100
2,5,9,0,103,9,100
2,6,13,0,102,13,100
3,1,13,0,101,13,100
3,2,13,0,100,13,100
3,3,15,0,99,15,100
3,4,15,0,98,15,100
3,5,15,0,97,15,100
3,6,15,0,96,15,100
4,1,16,0,95,16,100
4,2,16,0,94,16,100
4,3,17,0,93,17,100
4,4,17,0,92,17,100
4,5,21,0,91,21,100
4,6,21,0,90,21,100
4,7,22,0,89,22,100
5,1,22,0,88,18,100
5,2,22,0,87,17,100
5,3,22,0,86,17,100
5,4,22,0,85,15,100
5,5,22,0,84,15,100
5,6,22,0,83,15,100
6,1,22,0,82,15,100
6,2,23,0,81,16,100
6,3,23,0,80,16,100
6,4,25,0,79,18,100
6,5,25,0,78,18,100
6,6,25,0,77,17,100
6,7,25,0,76,17,100
7,1,26,0,75,18,100
7,2,26,0,74,18,100
7,3,27,0,73,18,100
7,4,27,0,72,14,100
7,5,28,0,71,15,100
7,6,28,0,70,15,100
7,7,32,0,69,17,100
8,1,32,0,68,17,100
8,2,32,0,67,17,100
8,3,32,0,66,17,100
8,4,36,0,65,20,100
8,5,36,0,64,20,100
8,6,38,0,63,21,100
9,1,40,0,62,23,100
9,2,40,0,61,19,100
9,3,40,0,60,19,100
9,4,40,0,59,18,100
9,5,40,0,58,18,100
9,6,40,0,57,18,100
10,1,40,0,56,18,100
10,2,42,0,55,20,100
10,3,42,0,54,20,100
10,4,46,0,53,24,100
10,5,46,0,52,24,100
10,6,46,0,51,23,100
11,1,47,0,50,24,100
11,2,47,0,49,22,100
11,3,47,0,48,22,100
11,4,47,0,47,22,100
11,5,47,0,46,22,100
11,6,47,0,45,21,100
11,7,47,0,44,21,100
12,1,47,0,43,20,100
12,2,48,0,42,21,100
12,3,49,0,41,21,100
12,4,50,0,40,22,100
12,5,50,0,39,18,100
12,6,51,0,38,19,100
13,1,51,0,37,19,100
13,2,51,0,36,19,100
13,3,51,0,35,15,100
13,4,52,0,34,16,100
13,5,54,0,33,16,100
13,6,55,0,32,15,100
14,1,56,0,31,16,100
14,2,56,0,30,16,100
14,3,57,0,29,17,100
14,4,57,0,28,17,100
14,5,61,0,27,21,100
14,6,62,0,26,22,100
15,1,63,0,25,21,100
15,2,63,0,24,21,100
15,3,67,0,23,21,100
15,4,67,0,22,21,100
15,5,68,0,21,22,100
15,6,69,0,20,22,100
16,1,70,0,19,23,100
16,2,70,0,18,23,100
16,3,71,0,17,24,100
16,4,72,0,16,25,100
16,5,76,0,15,29,100
16,6,76,0,14,29,100
17,1,76,0,13,29,100
17,2,76,0,12,28,100
17,3,77,0,11,28,100
17,4,77,0,10,27,100
17,5,77,0,9,27,100
17,6,81,0,8,30,100
18,1,83,0,7,32,100
18,2,84,0,6,33,100
18,3,85,0,5,34,100
18,4,86,0,4,34,100
18,5,87,0,3,33,100
18,6,88,0,2,33,100
19,1,90,0,1,34,100
19,2,92,0,0,36,100
19,3,94,0,-1,37,100
19,4,94,0,-2,37,100
19,5,95,0,-3,34,100
19,6,96,0,-4,34,100
19,7,100,0,-5,37,100
0,1,0,0,119,0,78
0,2,0,0,118,0,78
0,3,1,0,117,1,78
0,4,1,0,116,1,78
0,5,2,0,115,2,78
0,6,2,0,114,2,78
0,7,2,0,113,2,78
0,8,4,0,112,4,78
1,1,4,0,111,4,78
1,2,4,0,110,4,78
1,3,5,0,109,5,78
1,4,6,0,108,6,78
1,5,8,0,107,8,78
1,6,9,0,106,9,78
1,7,11,0,105,11,78
2,1,11,0,104,11,78
2,2,11,0,103,11,78
2,3,11,0,102,11,78
2,4,11,0,101,11,78
2,5,12,0,100,12,78
2,6,12,0,99,12,78
3,1,13,0,98,13,78
3,2,13,0,97,13,78
3,3,17,0,96,17,78
3,4,18,0,95,18,78
3,5,18,0,94,18,78
3,6,19,0,93,19,78
3,7,19,0,92,19,78
4,1,19,0,91,19,78
4,2,19,0,90,19,78
4,3,19,0,89,19,78
4,4,19,0,88,19,78
4,5,19,0,87,18,78
4,6,20,0,86,19,78
5,1,20,0,85,18,78
5,2,20,0,84,18,78
5,3,20,0,83,18,78
5,4,20,0,82,16,78
5,5,21,0,81,17,78
5,6,21,0,80,17,78
6,1,21,0,79,16,78
6,2,21,0,78,15,78
6,3,21,0,77,13,78
6,4,22,0,76,13,78
6,5,22,0,75,11,78
6,6,23,0,74,12,78
7,1,23,0,73,12,78
7,2,23,0,72,12,78
7,3,24,0,71,13,78
7,4,25,0,70,13,78
7,5,26,0,69,14,78
7,6,28,0,68,15,78
8,1,30,0,67,17,78
8,2,31,0,66,14,78
8,3,31,0,65,13,78
8,4,31,0,64,13,78
8,5,32,0,63,13,78
8,6,32,0,62,13,78
9,1,32,0,61,13,78
9,2,32,0,60,13,78
9,3,33,0,59,14,78
9,4,33,0,58,14,78
9,5,34,0,57,15,78
9,6,35,0,56,15,78
9,7,35,0,55,15,78
10,1,36,0,54,16,78
10,2,37,0,53,17,78
10,3,38,0,52,18,78
10,4,39,0,51,18,78
10,5,43,0,50,22,78
10,6,43,0,49,22,78
11,1,43,0,48,22,78
11,2,43,0,47,22,78
11,3,44,0,46,22,78
11,4,45,0,45,23,78
11,5,49,0,44,26,78
11,6,49,0,43,26,78
12,1,51,0,42,28,78
12,2,51,0,41,27,78
12,3,51,0,40,26,78
12,4,51,0,39,25,78
12,5,52,0,38,24,78
12,6,53,0,37,23,78
12,7,54,0,36,23,78
13,1,55,0,35,24,78
13,2,55,0,34,24,78
13,3,55,0,33,23,78
13,4,55,0,32,23,78
13,5,56,0,31,24,78
13,6,57,0,30,25,78
14,1,58,0,29,25,78
14,2,59,0,28,26,78
14,3,60,0,27,26,78
14,4,60,0,26,25,78
14,5,61,0,25,26,78
14,6,62,0,24,26,78
15,1,62,0,23,25,78
15,2,63,0,22,25,78
15,3,64,0,21,25,78
15,4,64,0,20,21,78
15,5,68,0,19,25,78
15,6,68,0,18,25,78
16,1,68,0,17,25,78
16,2,69,0,16,25,78
16,3,69,0,15,24,78
16,4,70,0,14,21,78
16,5,70,0,13,21,78
16,6,70,0,12,19,78
16,7,70,0,11,19,78
17,1,71,0,10,20,78
17,2,72,0,9,21,78
17,3,73,0,8,21,78
17,4,73,0,7,20,78
17,5,74,0,6,20,78
17,6,74,0,5,19,78
17,7,75,0,4,20,78
18,1,76,0,3,21,78
18,2,77,0,2,22,78
18,3,78,0,1,22,78
18,4,78,0,0,21,78
18,5,78,0,-1,20,78
18,6,78,0,-2,19,78
0,1,0,0,119,0,101
0,2,1,0,118,1,101
0,3,1,0,117,1,101
0,4,2,0,116,2,101
0,5,2,0,115,2,101
0,6,3,0,114,3,101
1,1,3,0,113,3,101
1,2,4,0,112,4,101
1,3,4,0,111,4,101
1,4,5,0,110,5,101
1,5,5,0,109,5,101
1,6,5,0,108,5,101
1,7,9,0,107,9,101
2,1,13,0,106,13,101
2,2,14,0,105,14,101
2,3,14,0,104,14,101
2,4,15,0,103,15,101
2,5,16,0,102,16,101
2,6,20,0,101,20,101
2,7,20,0,100,20,101
3,1,21,0,99,21,101
3,2,22,0,98,22,101
3,3,23,0,97,23,101
3,4,24,0,96,24,101
3,5,24,0,95,24,101
3,6,24,0,94,24,101
3,7,24,0,93,24,101
3,8,24,0,92,24,101
4,1,24,0,91,24,101
4,2,24,0,90,24,101
4,3,24,0,89,24,101
4,4,25,0,88,24,101
4,5,25,0,87,24,101
4,6,25,0,86,23,101
5,1,26,0,85,24,101
5,2,26,0,84,23,101
5,3,26,0,83,23,101
5,4,27,0,82,23,101
5,5,31,0,81,27,101
5,6,32,0,80,27,101
6,1,34,0,79,29,101
6,2,35,0,78,30,101
6,3,35,0,77,26,101
6,4,35,0,76,22,101
6,5,36,0,75,22,101
6,6,38,0,74,24,101
7,1,38,0,73,23,101
7,2,38,0,72,22,101
7,3,38,0,71,18,101
7,4,39,0,70,19,101
7,5,40,0,69,19,101
7,6,41,0,68,19,101
8,1,42,0,67,19,101
8,2,44,0,66,20,101
8,3,44,0,65,20,101
8,4,45,0,64,21,101
8,5,46,0,63,22,101
8,6,46,0,62,22,101
8,7,46,0,61,22,101
8,8,47,0,60,23,101
9,1,47,0,59,23,101
9,2,48,0,58,23,101
9,3,49,0,57,24,101
9,4,49,0,56,24,101
9,5,50,0,55,24,101
9,6,50,0,54,24,101
9,7,51,0,53,25,101
10,1,51,0,52,24,101
10,2,52,0,51,21,101
10,3,52,0,50,20,101
10,4,52,0,49,18,101
10,5,52,0,48,17,101
10,6,52,0,47,17,101
11,1,52,0,46,17,101
11,2,53,0,45,17,101
11,3,54,0,44,16,101
11,4,56,0,43,18,101
11,5,56,0,42,18,101
11,6,57,0,41,19,101
11,7,58,0,40,19,101
12,1,58,0,39,18,101
12,2,59,0,38,18,101
12,3,60,0,37,18,101
12,4,61,0,36,17,101
12,5,62,0,35,18,101
12,6,62,0,34,17,101
12,7,63,0,33,17,101
13,1,64,0,32,18,101
13,2,65,0,31,19,101
13,3,67,0,30,20,101
13,4,68,0,29,21,101
13,5,68,0,28,20,101
13,6,69,0,27,20,101
13,7,70,0,26,21,101
13,8,70,0,25,20,101
14,1,71,0,24,21,101
14,2,71,0,23,20,101
14,3,71,0,22,20,101
14,4,72,0,21,20,101
14,5,72,0,20,20,101
14,6,73,0,19,21,101
15,1,74,0,18,22,101
15,2,75,0,17,23,101
15,3,76,0,16,24,101
15,4,77,0,15,24,101
15,5,78,0,14,24,101
15,6,79,0,13,23,101
15,7,80,0,12,24,101
15,8,80,0,11,23,101
15,9,80,0,10,22,101
15,1,81,0,9,23,101
15,11,82,0,8,23,101
15,12,83,0,7,23,101
16,1,83,0,6,22,101
16,2,84,0,5,22,101
16,3,84,0,4,22,101
16,4,85,0,3,22,101
16,5,85,0,2,21,101
16,6,86,0,1,21,101
17,1,87,0,0,20,101
17,2,88,0,-1,20,101
17,3,90,0,-2,22,101
17,4,90,0,-3,21,101
17,5,90,0,-4,20,101
17,6,92,0,-5,22,101
17,7,92,0,-6,21,101
18,1,92,0,-7,21,101
18,2,93,0,-8,22,101
18,3,94,0,-9,22,101
18,4,94,0,-10,22,101
18,5,95,0,-11,22,101
18,6,95,0,-12,21,101
19,1,96,0,-13,21,101
19,2,97,0,-14,21,101
19,3,98,0,-15,21,101
19,4,99,0,-16,21,101
19,5,100,0,-17,21,101
19,6,101,0,-18,21,101
0,1,1,0,119,1,89
0,2,1,0,118,1,89
0,3,1,0,117,1,89
0,4,1,0,116,1,89
0,5,1,0,115,1,89
0,6,2,0,114,2,89
0,7,2,0,113,2,89
1,1,2,0,112,2,89
1,2,4,0,111,4,89
1,3,4,0,110,4,89
1,4,4,0,109,4,89
1,5,4,0,108,4,89
1,6,5,0,107,5,89
2,1,5,0,106,5,89
2,2,5,0,105,5,89
2,3,6,0,104,6,89
2,4,6,0,103,6,89
2,5,8,0,102,8,89
2,6,8,0,101,8,89
3,1,8,0,100,8,89
3,2,8,0,99,8,89
3,3,8,0,98,8,89
3,4,9,0,97,9,89
3,5,9,0,96,9,89
3,6,9,0,95,9,89
3,7,9,0,94,9,89
4,1,9,0,93,9,89
4,2,10,0,92,10,89
4,3,10,0,91,10,89
4,4,10,0,90,10,89
4,5,10,0,89,9,89
4,6,11,0,88,10,89
4,7,12,0,87,11,89
5,1,12,0,86,11,89
5,2,12,0,85,11,89
5,3,12,0,84,10,89
5,4,13,0,83,11,89
5,5,13,0,82,11,89
5,6,13,0,81,9,89
6,1,14,0,80,10,89
6,2,14,0,79,10,89
6,3,14,0,78,10,89
6,4,15,0,77,10,89
6,5,16,0,76,11,89
6,6,16,0,75,11,89
6,7,17,0,74,11,89
7,1,17,0,73,11,89
7,2,18,0,72,10,89
7,3,19,0,71,11,89
7,4,19,0,70,11,89
7,5,20,0,69,12,89
7,6,21,0,68,13,89
8,1,21,0,67,12,89
8,2,21,0,66,12,89
8,3,21,0,65,12,89
8,4,21,0,64,12,89
8,5,21,0,63,12,89
8,6,22,0,62,12,89
9,1,23,0,61,13,89
9,2,23,0,60,13,89
9,3,24,0,59,14,89
9,4,24,0,58,13,89
9,5,24,0,57,12,89
9,6,26,0,56,14,89
10,1,27,0,55,15,89
10,2,27,0,54,15,89
10,3,28,0,53,15,89
10,4,29,0,52,16,89
10,5,30,0,51,17,89
10,6,30,0,50,16,89
11,1,31,0,49,17,89
11,2,33,0,48,19,89
11,3,34,0,47,19,89
11,4,35,0,46,19,89
11,5,35,0,45,19,89
11,6,36,0,44,19,89
12,1,40,0,43,23,89
12,2,41,0,42,23,89
12,3,42,0,41,23,89
12,4,46,0,40,27,89
12,5,47,0,39,27,89
12,6,48,0,38,27,89
13,1,49,0,37,28,89
13,2,50,0,36,29,89
13,3,51,0,35,30,89
13,4,53,0,34,32,89
13,5,54,0,33,33,89
13,6,56,0,32,34,89
13,7,56,0,31,33,89
14,1,57,0,30,34,89
14,2,57,0,29,33,89
14,3,57,0,28,33,89
14,4,58,0,27,34,89
14,5,60,0,26,34,89
14,6,60,0,25,33,89
15,1,61,0,24,34,89
15,2,62,0,23,34,89
15,3,64,0,22,35,89
15,4,65,0,21,35,89
15,5,65,0,20,35,89
15,6,66,0,19,35,89
16,1,66,0,18,33,89
16,2,66,0,17,32,89
16,3,66,0,16,31,89
16,4,67,0,15,32,89
16,5,71,0,14,35,89
16,6,72,0,13,32,89
17,1,73,0,12,32,89
17,2,74,0,11,32,89
17,3,75,0,10,29,89
17,4,76,0,9,29,89
17,5,77,0,8,29,89
17,6,78,0,7,29,89
18,1,78,0,6,28,89
18,2,78,0,5,27,89
18,3,79,0,4,26,89
18,4,83,0,3,29,89
18,5,84,0,2,28,89
18,6,85,0,1,29,89
19,1,86,0,0,29,89
19,2,86,0,-1,29,89
19,3,87,0,-2,30,89
19,4,88,0,-3,30,89
19,5,88,0,-4,28,89
19,6,88,0,-5,28,89
19,7,89,0,-6,28,89
0,1,0,0,119,0,105
0,2,0,0,118,0,105
0,3,0,0,117,0,105
0,4,1,0,116,1,105
0,5,1,0,115,1,105
0,6,1,0,114,1,105
1,1,1,0,113,1,105
1,2,1,0,112,1,105
1,3,3,0,111,3,105
1,4,7,0,110,7,105
1,5,7,0,109,7,105
1,6,11,0,108,11,105
2,1,12,0,107,12,105
2,2,16,0,106,16,105
2,3,16,0,105,16,105
2,4,16,0,104,16,105
2,5,17,0,103,17,105
2,6,17,0,102,17,105
3,1,18,0,101,18,105
3,2,19,0,100,19,105
3,3,19,0,99,19,105
3,4,20,0,98,20,105
3,5,22,0,97,22,105
3,6,26,0,96,26,105
3,7,27,0,95,27,105
4,1,28,0,94,28,105
4,2,30,0,93,30,105
4,3,31,0,92,31,105
4,4,31,0,91,31,105
4,5,31,0,90,31,105
4,6,31,0,89,31,105
5,1,31,0,88,31,105
5,2,34,0,87,34,105
5,3,38,0,86,37,105
5,4,39,0,85,38,105
5,5,39,0,84,38,105
5,6,39,0,83,38,105
5,7,39,0,82,38,105
6,1,40,0,81,37,105
6,2,41,0,80,34,105
6,3,41,0,79,34,105
6,4,41,0,78,30,105
6,5,41,0,77,29,105
6,6,45,0,76,29,105
7,1,45,0,75,29,105
7,2,46,0,74,30,105
7,3,46,0,73,29,105
7,4,46,0,72,29,105
7,5,46,0,71,28,105
7,6,46,0,70,27,105
8,1,47,0,69,28,105
8,2,47,0,68,27,105
8,3,47,0,67,25,105
8,4,50,0,66,24,105
8,5,50,0,65,23,105
8,6,50,0,64,22,105
8,7,51,0,63,21,105
9,1,53,0,62,22,105
9,2,54,0,61,23,105
9,3,54,0,60,23,105
9,4,55,0,59,24,105
9,5,55,0,58,24,105
9,6,55,0,57,21,105
10,1,55,0,56,17,105
10,2,55,0,55,16,105
10,3,56,0,54,17,105
10,4,58,0,53,19,105
10,5,58,0,52,19,105
10,6,58,0,51,18,105
11,1,59,0,50,18,105
11,2,59,0,49,18,105
11,3,59,0,48,18,105
11,4,60,0,47,19,105
11,5,60,0,46,15,105
11,6,61,0,45,16,105
12,1,61,0,44,15,105
12,2,62,0,43,16,105
12,3,62,0,42,16,105
12,4,63,0,41,17,105
12,5,67,0,40,21,105
12,6,67,0,39,20,105
12,7,67,0,38,20,105
13,1,68,0,37,21,105
13,2,69,0,36,19,105
13,3,70,0,35,20,105
13,4,71,0,34,21,105
13,5,72,0,33,21,105
13,6,72,0,32,19,105
13,7,73,0,31,19,105
14,1,75,0,30,21,105
14,2,75,0,29,20,105
14,3,75,0,28,20,105
14,4,76,0,27,21,105
14,5,76,0,26,21,105
14,6,76,0,25,21,105
15,1,76,0,24,20,105
15,2,76,0,23,18,105
15,3,80,0,22,22,105
15,4,80,0,21,22,105
15,5,81,0,20,22,105
15,6,81,0,19,22,105
16,1,81,0,18,22,105
16,2,81,0,17,21,105
16,3,83,0,16,23,105
16,4,83,0,15,22,105
16,5,83,0,14,22,105
16,6,83,0,13,21,105
17,1,83,0,12,21,105
17,2,83,0,11,20,105
17,3,84,0,10,17,105
17,4,86,0,9,19,105
17,5,87,0,8,20,105
17,6,89,0,7,21,105
17,7,90,0,6,21,105
18,1,91,0,5,21,105
18,2,91,0,4,20,105
18,3,93,0,3,21,105
18,4,93,0,2,21,105
18,5,94,0,1,21,105
18,6,96,0,0,21,105
19,1,96,0,-1,21,105
19,2,97,0,-2,22,105
19,3,98,0,-3,22,105
19,4,100,0,-4,24,105
19,5,101,0,-5,25,105
19,6,105,0,-6,29,105
0,1,1,0,119,1,77
0,2,1,0,118,1,77
0,3,2,0,117,2,77
0,4,3,0,116,3,77
0,5,3,0,115,3,77
0,6,3,0,114,3,77
1,1,4,0,113,4,77
1,2,5,0,112,5,77
1,3,5,0,111,5,77
1,4,5,0,110,5,77
1,5,6,0,109,6,77
1,6,8,0,108,8,77
2,1,8,0,107,8,77
2,2,8,0,106,8,77
2,3,12,0,105,12,77
2,4,12,0,104,12,77
2,5,12,0,103,12,77
2,6,12,0,102,12,77
3,1,12,0,101,12,77
3,2,13,0,100,13,77
3,3,13,0,99,13,77
3,4,14,0,98,14,77
3,5,15,0,97,15,77
3,6,15,0,96,15,77
4,1,15,0,95,15,77
4,2,15,0,94,15,77
4,3,15,0,93,15,77
4,4,16,0,92,16,77
4,5,17,0,91,17,77
4,6,17,0,90,17,77
5,1,17,0,89,16,77
5,2,18,0,88,17,77
5,3,20,0,87,18,77
5,4,21,0,86,18,77
5,5,21,0,85,18,77
5,6,22,0,84,19,77
5,7,22,0,83,18,77
6,1,23,0,82,18,77
6,2,24,0,81,19,77
6,3,24,0,80,19,77
6,4,24,0,79,18,77
6,5,25,0,78,17,77
6,6,26,0,77,18,77
7,1,27,0,76,19,77
7,2,27,0,75,15,77
7,3,27,0,74,15,77
7,4,27,0,73,15,77
7,5,27,0,72,15,77
7,6,28,0,71,16,77
8,1,29,0,70,16,77
8,2,33,0,69,20,77
8,3,33,0,68,19,77
8,4,33,0,67,18,77
8,5,35,0,66,20,77
8,6,35,0,65,20,77
8,7,36,0,64,21,77
9,1,36,0,63,21,77
9,2,37,0,62,21,77
9,3,38,0,61,21,77
9,4,39,0,60,22,77
9,5,39,0,59,22,77
9,6,40,0,58,22,77
10,1,42,0,57,22,77
10,2,43,0,56,22,77
10,3,44,0,55,23,77
10,4,45,0,54,23,77
10,5,45,0,53,23,77
10,6,46,0,52,23,77
11,1,46,0,51,22,77
11,2,47,0,50,23,77
11,3,47,0,49,23,77
11,4,47,0,48,22,77
11,5,47,0,47,21,77
11,6,47,0,46,20,77
12,1,47,0,45,20,77
12,2,47,0,44,20,77
12,3,47,0,43,20,77
12,4,48,0,42,21,77
12,5,50,0,41,22,77
12,6,50,0,40,21,77
13,1,51,0,39,18,77
13,2,52,0,38,19,77
13,3,52,0,37,19,77
13,4,53,0,36,18,77
13,5,53,0,35,18,77
13,6,53,0,34,17,77
14,1,54,0,33,18,77
14,2,54,0,32,17,77
14,3,55,0,31,17,77
14,4,55,0,30,16,77
14,5,55,0,29,16,77
14,6,56,0,28,16,77
15,1,57,0,27,15,77
15,2,58,0,26,15,77
15,3,59,0,25,15,77
15,4,59,0,24,14,77
15,5,59,0,23,14,77
15,6,59,0,22,13,77
16,1,59,0,21,13,77
16,2,60,0,20,13,77
16,3,60,0,19,13,77
16,4,61,0,18,14,77
16,5,62,0,17,15,77
16,6,62,0,16,15,77
17,1,62,0,15,15,77
17,2,62,0,14,15,77
17,3,62,0,13,15,77
17,4,62,0,12,14,77
17,5,66,0,11,16,77
17,6,67,0,10,17,77
17,7,67,0,9,16,77
18,1,68,0,8,16,77
18,2,69,0,7,17,77
18,3,70,0,6,17,77
18,4,71,0,5,18,77
18,5,71,0,4,18,77
18,6,72,0,3,18,77
19,1,72,0,2,18,77
19,2,73,0,1,18,77
19,3,73,0,0,18,77
19,4,75,0,-1,20,77
19,5,76,0,-2,20,77
19,6,76,0,-3,19,77
19,7,77,0,-4,19,77
0,1,1,0,119,1,93
0,2,1,0,118,1,93
0,3,1,0,117,1,93
0,4,1,0,116,1,93
0,5,1,0,115,1,93
0,6,2,0,114,2,93
1,1,3,0,113,3,93
1,2,3,0,112,3,93
1,3,3,0,111,3,93
1,4,3,0,110,3,93
1,5,3,0,109,3,93
1,6,3,0,108,3,93
2,1,3,0,107,3,93
2,2,4,0,106,4,93
2,3,5,0,105,5,93
2,4,6,0,104,6,93
2,5,7,0,103,7,93
2,6,9,0,102,9,93
3,1,11,0,101,11,93
3,2,11,0,100,11,93
3,3,11,0,99,11,93
3,4,11,0,98,11,93
3,5,13,0,97,13,93
3,6,13,0,96,13,93
4,1,13,0,95,13,93
4,2,15,0,94,15,93
4,3,16,0,93,16,93
4,4,16,0,92,16,93
4,5,16,0,91,16,93
4,6,18,0,90,18,93
4,7,18,0,89,17,93
4,8,18,0,88,17,93
5,1,19,0,87,18,93
5,2,19,0,86,18,93
5,3,21,0,85,20,93
5,4,21,0,84,19,93
5,5,21,0,83,18,93
5,6,22,0,82,19,93
6,1,22,0,81,19,93
6,2,23,0,80,20,93
6,3,24,0,79,21,93
6,4,25,0,78,22,93
6,5,25,0,77,22,93
6,6,26,0,76,22,93
7,1,26,0,75,21,93
7,2,26,0,74,20,93
7,3,26,0,73,19,93
7,4,26,0,72,17,93
7,5,26,0,71,15,93
7,6,26,0,70,15,93
8,1,26,0,69,15,93
8,2,28,0,68,17,93
8,3,28,0,67,15,93
8,4,30,0,66,17,93
8,5,32,0,65,19,93
8,6,32,0,64,17,93
9,1,32,0,63,16,93
9,2,32,0,62,16,93
9,3,32,0,61,16,93
9,4,33,0,60,15,93
9,5,37,0,59,19,93
9,6,37,0,58,19,93
10,1,37,0,57,18,93
10,2,37,0,56,18,93
10,3,40,0,55,19,93
10,4,44,0,54,23,93
10,5,44,0,53,23,93
10,6,44,0,52,22,93
10,7,44,0,51,22,93
11,1,46,0,50,23,93
11,2,48,0,49,24,93
11,3,49,0,48,24,93
11,4,49,0,47,24,93
11,5,49,0,46,23,93
11,6,49,0,45,23,93
12,1,49,0,44,23,93
12,2,50,0,43,24,93
12,3,51,0,42,25,93
12,4,52,0,41,26,93
12,5,53,0,40,27,93
12,6,55,0,39,29,93
12,7,56,0,38,28,93
12,8,56,0,37,28,93
13,1,57,0,36,27,93
13,2,58,0,35,26,93
13,3,58,0,34,26,93
13,4,58,0,33,26,93
13,5,58,0,32,26,93
13,6,59,0,31,27,93
14,1,60,0,30,27,93
14,2,61,0,29,24,93
14,3,61,0,28,24,93
14,4,62,0,27,25,93
14,5,62,0,26,25,93
14,6,63,0,25,23,93
15,1,64,0,24,20,93
15,2,66,0,23,22,93
15,3,67,0,22,23,93
15,4,68,0,21,24,93
15,5,68,0,20,22,93
15,6,69,0,19,21,93
16,1,70,0,18,21,93
16,2,71,0,17,22,93
16,3,72,0,16,23,93
16,4,73,0,15,24,93
16,5,73,0,14,24,93
16,6,74,0,13,24,93
17,1,74,0,12,23,93
17,2,76,0,11,24,93
17,3,77,0,10,24,93
17,4,77,0,9,22,93
17,5,80,0,8,24,93
17,6,81,0,7,25,93
17,7,82,0,6,25,93
18,1,82,0,5,24,93
18,2,83,0,4,25,93
18,3,83,0,3,25,93
18,4,84,0,2,26,93
18,5,85,0,1,26,93
18,6,86,0,0,26,93
18,7,87,0,-1,26,93
19,1,88,0,-2,27,93
19,2,89,0,-3,27,93
19,3,90,0,-4,28,93
19,4,91,0,-5,28,93
19,5,92,0,-6,28,93
19,6,93,0,-7,27,93
0,1,0,0,119,0,70
0,2,1,0,118,1,70
0,3,1,0,117,1,70
0,4,3,0,116,3,70
0,5,3,0,115,3,70
0,6,7,0,114,7,70
1,1,8,0,113,8,70
1,2,11,0,112,11,70
1,3,11,0,111,11,70
1,4,11,0,110,11,70
1,5,11,0,109,11,70
1,6,11,0,108,11,70
2,1,12,0,107,12,70
2,2,12,0,106,12,70
2,3,13,0,105,13,70
2,4,14,0,104,14,70
2,5,14,0,103,14,70
2,6,14,0,102,14,70
3,1,14,0,101,14,70
3,2,14,0,100,14,70
3,3,15,0,99,15,70
3,4,19,0,98,19,70
3,5,19,0,97,19,70
3,6,20,0,96,20,70
4,1,20,0,95,20,70
4,2,20,0,94,20,70
4,3,21,0,93,21,70
4,4,22,0,92,22,70
4,5,24,0,91,24,70
4,6,24,0,90,24,70
5,1,24,0,89,24,70
5,2,24,0,88,23,70
5,3,25,0,87,24,70
5,4,25,0,86,22,70
5,5,26,0,85,23,70
5,6,26,0,84,19,70
6,1,26,0,83,18,70
6,2,27,0,82,16,70
6,3,27,0,81,16,70
6,4,27,0,80,16,70
6,5,28,0,79,17,70
6,6,29,0,78,18,70
7,1,30,0,77,18,70
7,2,32,0,76,20,70
7,3,32,0,75,19,70
7,4,32,0,74,18,70
7,5,34,0,73,20,70
7,6,34,0,72,20,70
8,1,35,0,71,21,70
8,2,35,0,70,21,70
8,3,35,0,69,20,70
8,4,38,0,68,19,70
8,5,44,0,67,25,70
8,6,44,0,66,24,70
8,7,44,0,65,24,70
8,8,44,0,64,24,70
9,1,44,0,63,23,70
9,2,45,0,62,23,70
9,3,45,0,61,21,70
9,4,46,0,60,22,70
9,5,46,0,59,22,70
9,6,46,0,58,22,70
10,1,46,0,57,21,70
10,2,46,0,56,21,70
10,3,46,0,55,20,70
10,4,46,0,54,20,70
10,5,46,0,53,20,70
10,6,46,0,52,19,70
11,1,46,0,51,19,70
11,2,46,0,50,19,70
11,3,46,0,49,18,70
11,4,46,0,48,17,70
11,5,46,0,47,16,70
11,6,47,0,46,15,70
12,1,47,0,45,15,70
12,2,48,0,44,16,70
12,3,48,0,43,14,70
12,4,48,0,42,14,70
12,5,49,0,41,14,70
12,6,49,0,40,14,70
13,1,50,0,39,15,70
13,2,50,0,38,12,70
13,3,51,0,37,7,70
13,4,51,0,36,7,70
13,5,51,0,35,7,70
13,6,52,0,34,8,70
14,1,52,0,33,8,70
14,2,52,0,32,7,70
14,3,53,0,31,8,70
14,4,53,0,30,7,70
14,5,53,0,29,7,70
14,6,54,0,28,8,70
15,1,54,0,27,8,70
15,2,56,0,26,10,70
15,3,57,0,25,11,70
15,4,57,0,24,11,70
15,5,57,0,23,11,70
15,6,58,0,22,12,70
16,1,58,0,21,12,70
16,2,59,0,20,13,70
16,3,63,0,19,17,70
16,4,64,0,18,18,70
16,5,64,0,17,18,70
16,6,65,0,16,18,70
17,1,65,0,15,18,70
17,2,65,0,14,17,70
17,3,66,0,13,18,70
17,4,67,0,12,19,70
17,5,68,0,11,19,70
17,6,68,0,10,19,70
17,7,68,0,9,18,70
17,8,68,0,8,18,70
17,9,68,0,7,17,70
18,1,68,0,6,17,70
18,2,68,0,5,17,70
18,3,69,0,4,17,70
18,4,70,0,3,18,70
18,5,70,0,2,18,70
18,6,70,0,1,17,70
18,7,70,0,0,17,70
0,1,0,0,119,0,94
0,2,2,0,118,2,94
0,3,3,0,117,3,94
0,4,5,0,116,5,94
0,5,5,0,115,5,94
0,6,5,0,114,5,94
1,1,5,0,113,5,94
1,2,5,0,112,5,94
1,3,9,0,111,9,94
1,4,9,0,110,9,94
1,5,13,0,109,13,94
1,6,13,0,108,13,94
2,1,14,0,107,14,94
2,2,14,0,106,14,94
2,3,14,0,105,14,94
2,4,15,0,104,15,94
2,5,15,0,103,15,94
2,6,15,0,102,15,94
2,7,17,0,101,17,94
3,1,17,0,100,17,94
3,2,18,0,99,18,94
3,3,22,0,98,22,94
3,4,22,0,97,22,94
3,5,22,0,96,22,94
3,6,22,0,95,22,94
4,1,22,0,94,22,94
4,2,23,0,93,23,94
4,3,24,0,92,24,94
4,4,24,0,91,24,94
4,5,26,0,90,26,94
4,6,26,0,89,26,94
5,1,26,0,88,24,94
5,2,27,0,87,24,94
5,3,27,0,86,22,94
5,4,31,0,85,26,94
5,5,31,0,84,26,94
5,6,32,0,83,27,94
6,1,33,0,82,28,94
6,2,33,0,81,24,94
6,3,33,0,80,24,94
6,4,33,0,79,20,94
6,5,33,0,78,20,94
6,6,33,0,77,19,94
7,1,33,0,76,19,94
7,2,34,0,75,20,94
7,3,34,0,74,19,94
7,4,35,0,73,20,94
7,5,35,0,72,20,94
7,6,35,0,71,18,94
7,7,36,0,70,19,94
8,1,36,0,69,18,94
8,2,36,0,68,14,94
8,3,36,0,67,14,94
8,4,36,0,66,14,94
8,5,36,0,65,14,94
8,6,37,0,64,15,94
9,1,38,0,63,15,94
9,2,39,0,62,15,94
9,3,39,0,61,15,94
9,4,40,0,60,14,94
9,5,41,0,59,15,94
9,6,42,0,58,16,94
9,7,43,0,57,16,94
9,8,44,0,56,17,94
9,9,44,0,55,13,94
10,1,44,0,54,13,94
10,2,44,0,53,12,94
10,3,44,0,52,11,94
10,4,46,0,51,13,94
10,5,47,0,50,14,94
10,6,48,0,49,15,94
11,1,49,0,48,16,94
11,2,49,0,47,16,94
11,3,50,0,46,17,94
11,4,51,0,45,17,94
11,5,52,0,44,18,94
11,6,53,0,43,18,94
11,7,53,0,42,18,94
11,8,53,0,41,18,94
12,1,54,0,40,18,94
12,2,55,0,39,19,94
12,3,55,0,38,19,94
12,4,55,0,37,19,94
12,5,55,0,36,19,94
12,6,56,0,35,20,94
13,1,56,0,34,19,94
13,2,56,0,33,18,94
13,3,57,0,32,18,94
13,4,57,0,31,18,94
13,5,57,0,30,17,94
13,6,58,0,29,17,94
14,1,62,0,28,20,94
14,2,62,0,27,19,94
14,3,62,0,26,18,94
14,4,64,0,25,20,94
14,5,65,0,24,21,94
14,6,66,0,23,22,94
15,1,67,0,22,23,94
15,2,67,0,21,21,94
15,3,68,0,20,21,94
15,4,69,0,19,21,94
15,5,70,0,18,21,94
15,6,71,0,17,22,94
16,1,71,0,16,21,94
16,2,72,0,15,21,94
16,3,73,0,14,21,94
16,4,74,0,13,21,94
16,5,74,0,12,21,94
16,6,75,0,11,22,94
17,1,77,0,10,23,94
17,2,77,0,9,22,94
17,3,78,0,8,23,94
17,4,79,0,7,24,94
17,5,80,0,6,25,94
17,6,80,0,5,24,94
18,1,80,0,4,24,94
18,2,80,0,3,24,94
18,3,81,0,2,24,94
18,4,82,0,1,25,94
18,5,82,0,0,25,94
18,6,82,0,-1,24,94
19,1,83,0,-2,21,94
19,2,85,0,-3,23,94
19,3,89,0,-4,27,94
19,4,90,0,-5,26,94
19,5,92,0,-6,27,94
19,6,93,0,-7,27,94
19,7,94,0,-8,27,94
0,1,0,0,119,0,125
0,2,4,0,118,4,125
0,3,4,0,117,4,125
0,4,4,0,116,4,125
0,5,4,0,115,4,125
0,6,5,0,114,5,125
1,1,5,0,113,5,125
1,2,5,0,112,5,125
1,3,9,0,111,9,125
1,4,9,0,110,9,125
1,5,10,0,109,10,125
1,6,11,0,108,11,125
2,1,11,0,107,11,125
2,2,11,0,106,11,125
2,3,12,0,105,12,125
2,4,12,0,104,12,125
2,5,12,0,103,12,125
2,6,12,0,102,12,125
2,7,12,0,101,12,125
3,1,12,0,100,12,125
3,2,13,0,99,13,125
3,3,13,0,98,13,125
3,4,13,0,97,13,125
3,5,14,0,96,14,125
3,6,14,0,95,14,125
4,1,14,0,94,14,125
4,2,15,0,93,15,125
4,3,16,0,92,16,125
4,4,17,0,91,17,125
4,5,17,0,90,17,125
4,6,18,0,89,18,125
4,7,19,0,88,15,125
5,1,19,0,87,15,125
5,2,23,0,86,19,125
5,3,24,0,85,20,125
5,4,24,0,84,19,125
5,5,24,0,83,19,125
5,6,25,0,82,20,125
6,1,25,0,81,16,125
6,2,25,0,80,16,125
6,3,26,0,79,16,125
6,4,26,0,78,15,125
6,5,27,0,77,16,125
6,6,27,0,76,16,125
7,1,28,0,75,16,125
7,2,28,0,74,16,125
7,3,29,0,73,17,125
7,4,30,0,72,18,125
7,5,31,0,71,19,125
7,6,32,0,70,20,125
7,7,32,0,69,19,125
7,8,33,0,68,20,125
7,9,33,0,67,20,125
7,1,37,0,66,23,125
8,1,41,0,65,27,125
8,2,42,0,64,28,125
8,3,43,0,63,28,125
8,4,43,0,62,27,125
8,5,47,0,61,30,125
8,6,48,0,60,31,125
9,1,49,0,59,31,125
9,2,49,0,58,30,125
9,3,50,0,57,31,125
9,4,51,0,56,28,125
9,5,52,0,55,28,125
9,6,53,0,54,29,125
10,1,54,0,53,30,125
10,2,55,0,52,30,125
10,3,56,0,51,31,125
10,4,57,0,50,32,125
10,5,58,0,49,32,125
10,6,58,0,48,32,125
10,7,59,0,47,32,125
11,1,63,0,46,36,125
11,2,65,0,45,37,125
11,3,66,0,44,38,125
11,4,67,0,43,38,125
11,5,68,0,42,38,125
11,6,68,0,41,37,125
12,1,68,0,40,36,125
12,2,68,0,39,36,125
12,3,69,0,38,36,125
12,4,70,0,37,37,125
12,5,71,0,36,34,125
12,6,72,0,35,31,125
13,1,73,0,34,31,125
13,2,74,0,33,31,125
13,3,75,0,32,32,125
13,4,76,0,31,29,125
13,5,77,0,30,29,125
13,6,77,0,29,28,125
13,7,81,0,28,32,125
14,1,82,0,27,32,125
14,2,83,0,26,32,125
14,3,85,0,25,33,125
14,4,86,0,24,33,125
14,5,87,0,23,33,125
14,6,87,0,22,32,125
15,1,89,0,21,33,125
15,2,90,0,20,33,125
15,3,91,0,19,33,125
15,4,92,0,18,34,125
15,5,92,0,17,33,125
15,6,93,0,16,30,125
16,1,93,0,15,28,125
16,2,93,0,14,27,125
16,3,94,0,13,27,125
16,4,96,0,12,28,125
16,5,97,0,11,29,125
16,6,97,0,10,29,125
17,1,97,0,9,29,125
17,2,98,0,8,29,125
17,3,99,0,7,29,125
17,4,103,0,6,32,125
17,5,104,0,5,32,125
17,6,105,0,4,32,125
18,1,106,0,3,32,125
18,2,108,0,2,33,125
18,3,109,0,1,33,125
18,4,110,0,0,33,125
18,5,111,0,-1,34,125
18,6,115,0,-2,34,125
19,1,119,0,-3,37,125
19,2,123,0,-4,40,125
19,3,124,0,-5,39,125
19,4,125,0,-6,39,125
19,5,125,0,-7,38,125
19,6,125,0,-8,38,125
0,1,0,0,119,0,69
0,2,4,0,118,4,69
0,3,4,0,117,4,69
0,4,4,0,116,4,69
0,5,4,0,115,4,69
0,6,4,0,114,4,69
1,1,4,0,113,4,69
1,2,5,0,112,5,69
1,3,6,0,111,6,69
1,4,6,0,110,6,69
1,5,6,0,109,6,69
1,6,7,0,108,7,69
1,7,7,0,107,7,69
2,1,7,0,106,7,69
2,2,7,0,105,7,69
2,3,7,0,104,7,69
2,4,7,0,103,7,69
2,5,7,0,102,7,69
2,6,7,0,101,7,69
3,1,7,0,100,7,69
3,2,7,0,99,7,69
3,3,7,0,98,7,69
3,4,7,0,97,7,69
3,5,8,0,96,8,69
3,6,8,0,95,8,69
4,1,8,0,94,8,69
4,2,8,0,93,8,69
4,3,8,0,92,8,69
4,4,8,0,91,8,69
4,5,8,0,90,8,69
4,6,8,0,89,8,69
5,1,8,0,88,4,69
5,2,9,0,87,5,69
5,3,9,0,86,5,69
5,4,9,0,85,5,69
5,5,9,0,84,5,69
5,6,9,0,83,5,69
5,7,9,0,82,4,69
6,1,11,0,81,5,69
6,2,11,0,80,5,69
6,3,12,0,79,6,69
6,4,12,0,78,5,69
6,5,12,0,77,5,69
6,6,12,0,76,5,69
7,1,12,0,75,5,69
7,2,12,0,74,5,69
7,3,13,0,73,6,69
7,4,14,0,72,7,69
7,5,14,0,71,7,69
7,6,14,0,70,7,69
8,1,15,0,69,8,69
8,2,15,0,68,8,69
8,3,15,0,67,8,69
8,4,16,0,66,8,69
8,5,16,0,65,8,69
8,6,18,0,64,10,69
9,1,19,0,63,11,69
9,2,19,0,62,11,69
9,3,20,0,61,12,69
9,4,22,0,60,14,69
9,5,22,0,59,14,69
9,6,22,0,58,14,69
10,1,22,0,57,13,69
10,2,22,0,56,13,69
10,3,23,0,55,14,69
10,4,24,0,54,15,69
10,5,24,0,53,15,69
10,6,24,0,52,15,69
10,7,26,0,51,15,69
11,1,26,0,50,15,69
11,2,26,0,49,14,69
11,3,26,0,48,14,69
11,4,26,0,47,14,69
11,5,26,0,46,14,69
11,6,26,0,45,14,69
12,1,26,0,44,14,69
12,2,26,0,43,13,69
12,3,27,0,42,13,69
12,4,28,0,41,14,69
12,5,29,0,40,15,69
12,6,30,0,39,15,69
13,1,30,0,38,15,69
13,2,30,0,37,15,69
13,3,31,0,36,15,69
13,4,32,0,35,16,69
13,5,32,0,34,14,69
13,6,33,0,33,14,69
14,1,33,0,32,14,69
14,2,34,0,31,14,69
14,3,36,0,30,14,69
14,4,37,0,29,15,69
14,5,37,0,28,15,69
14,6,41,0,27,19,69
15,1,41,0,26,19,69
15,2,42,0,25,19,69
15,3,42,0,24,18,69
15,4,42,0,23,18,69
15,5,43,0,22,19,69
15,6,44,0,21,18,69
16,1,44,0,20,18,69
16,2,45,0,19,19,69
16,3,45,0,18,19,69
16,4,45,0,17,19,69
16,5,45,0,16,19,69
16,6,45,0,15,19,69
17,1,46,0,14,20,69
17,2,47,0,13,21,69
17,3,48,0,12,21,69
17,4,52,0,11,24,69
17,5,53,0,10,24,69
17,6,57,0,9,27,69
18,1,58,0,8,28,69
18,2,60,0,7,30,69
18,3,60,0,6,29,69
18,4,61,0,5,29,69
18,5,61,0,4,29,69
18,6,62,0,3,29,69
19,1,63,0,2,30,69
19,2,64,0,1,30,69
19,3,65,0,0,29,69
19,4,66,0,-1,29,69
19,5,66,0,-2,29,69
19,6,68,0,-3,27,69
19,7,69,0,-4,28,69
0,1,1,0,119,1,219
0,2,2,0,118,2,219
0,3,3,0,117,3,219
0,4,4,0,116,4,219
0,5,5,0,115,5,219
0,6,5,0,114,5,219
0,7,5,0,113,5,219
0,8,6,0,112,6,219
1,1,6,0,111,6,219
1,2,6,0,110,6,219
1,3,6,0,109,6,219
1,4,6,0,108,6,219
1,5,8,0,107,8,219
1,6,8,0,106,8,219
2,1,8,0,105,8,219
2,2,12,0,104,12,219
2,3,13,0,103,13,219
2,4,13,0,102,13,219
2,5,17,0,101,17,219
2,6,23,0,100,23,219
2,7,24,0,99,24,219
3,1,24,0,98,24,219
3,2,24,0,97,24,219
3,3,24,0,96,24,219
3,4,30,0,95,30,219
3,5,31,0,94,31,219
3,6,32,0,93,32,219
4,1,32,0,92,32,219
4,2,32,0,91,32,219
4,3,38,0,90,38,219
4,4,38,0,89,37,219
4,5,38,0,88,36,219
4,6,38,0,87,35,219
5,1,38,0,86,34,219
5,2,40,0,85,35,219
5,3,40,0,84,35,219
5,4,41,0,83,36,219
5,5,42,0,82,36,219
5,6,44,0,81,38,219
6,1,44,0,80,38,219
6,2,50,0,79,44,219
6,3,52,0,78,46,219
6,4,52,0,77,44,219
6,5,52,0,76,44,219
6,6,52,0,75,44,219
7,1,54,0,74,42,219
7,2,60,0,73,47,219
7,3,66,0,72,53,219
7,4,67,0,71,50,219
7,5,69,0,70,46,219
7,6,75,0,69,51,219
7,7,79,0,68,55,219
8,1,79,0,67,55,219
8,2,80,0,66,56,219
8,3,80,0,65,50,219
8,4,82,0,64,51,219
8,5,86,0,63,54,219
8,6,86,0,62,54,219
9,1,90,0,61,58,219
9,2,91,0,60,53,219
9,3,91,0,59,53,219
9,4,95,0,58,57,219
9,5,95,0,57,57,219
9,6,96,0,56,58,219
10,1,98,0,55,58,219
10,2,100,0,54,60,219
10,3,101,0,53,60,219
10,4,102,0,52,60,219
10,5,104,0,51,60,219
10,6,105,0,50,61,219
11,1,107,0,49,57,219
11,2,108,0,48,56,219
11,3,110,0,47,58,219
11,4,114,0,46,62,219
11,5,115,0,45,63,219
11,6,115,0,44,61,219
12,1,115,0,43,55,219
12,2,115,0,42,49,219
12,3,116,0,41,49,219
12,4,117,0,40,48,219
12,5,117,0,39,42,219
12,6,123,0,38,44,219
13,1,127,0,37,48,219
13,2,131,0,36,51,219
13,3,131,0,35,51,219
13,4,135,0,34,53,219
13,5,135,0,33,49,219
13,6,141,0,32,55,219
14,1,142,0,31,52,219
14,2,144,0,30,53,219
14,3,145,0,29,54,219
14,4,146,0,28,51,219
14,5,147,0,27,52,219
14,6,148,0,26,52,219
14,7,149,0,25,51,219
15,1,153,0,24,53,219
15,2,153,0,23,52,219
15,3,157,0,22,55,219
15,4,158,0,21,54,219
15,5,159,0,20,54,219
15,6,159,0,19,52,219
16,1,159,0,18,51,219
16,2,160,0,17,50,219
16,3,166,0,16,52,219
16,4,167,0,15,52,219
16,5,167,0,14,52,219
16,6,171,0,13,56,219
17,1,177,0,12,62,219
17,2,178,0,11,62,219
17,3,179,0,10,62,219
17,4,179,0,9,62,219
17,5,181,0,8,58,219
17,6,185,0,7,58,219
18,1,186,0,6,55,219
18,2,192,0,5,61,219
18,3,194,0,4,59,219
18,4,200,0,3,65,219
18,5,201,0,2,60,219
18,6,202,0,1,60,219
19,1,203,0,0,59,219
19,2,207,0,-1,62,219
19,3,208,0,-2,62,219
19,4,214,0,-3,67,219
19,5,215,0,-4,67,219
19,6,219,0,-5,70,219
